{
  "type": "FeatureCollection",
  "features": [
    {
      "type": "Feature",
      "properties": {
        "shapeName": "Biak Numfor",
        "shapeISO": "",
        "shapeID": "22746128B19254678251292",
        "shapeGroup": "IDN",
        "shapeType": "ADM2",
        "district": "Biak Numfor",
        "district_code": "22746128B19254678251292",
        "aliases": []
      },
      "geometry": {
        "type": "MultiPolygon",
        "coordinates": [
          [
            [
              [
                136.622335,
                -1.331833899999936
              ],
              [
                136.62056770000004,
                -1.332388599999945
              ],
              [
                136.62009860000012,
                -1.335986699999978
              ],
              [
                136.62277280000012,
                -1.340492099999949
              ],
              [
                136.6244991000001,
                -1.337209399999949
              ],
              [
                136.62414290000004,
                -1.333137399999941
              ],
              [
                136.622335,
                -1.331833899999936
              ]
            ]
          ],
          [
            [
              [
                136.6161595000001,
                -1.319186299999956
              ],
              [
                136.6162359000001,
                -1.315944199999933
              ],
              [
                136.6126624000001,
                -1.31776519999994
              ],
              [
                136.61352750000003,
                -1.319108899999947
              ],
              [
                136.6161595000001,
                -1.319186299999956
              ]
            ]
          ],
          [
            [
              [
                136.21046810000007,
                -1.312837
              ],
              [
                136.21123380000006,
                -1.310318699999925
              ],
              [
                136.20960710000008,
                -1.307176499999969
              ],
              [
                136.20728740000004,
                -1.306001299999934
              ],
              [
                136.20462170000008,
                -1.307068699999945
              ],
              [
                136.2048235000001,
                -1.30916389999993
              ],
              [
                136.21046810000007,
                -1.312837
              ]
            ]
          ],
          [
            [
              [
                136.2180611000001,
                -1.305224199999941
              ],
              [
                136.21627180000007,
                -1.305794799999944
              ],
              [
                136.21685760000003,
                -1.308808799999952
              ],
              [
                136.21935870000004,
                -1.307282099999952
              ],
              [
                136.2180611000001,
                -1.305224199999941
              ]
            ]
          ],
          [
            [
              [
                136.60565510000004,
                -1.321998
              ],
              [
                136.60744120000004,
                -1.307829
              ],
              [
                136.60605220000002,
                -1.303715499999953
              ],
              [
                136.60327890000008,
                -1.302679699999942
              ],
              [
                136.6036028000001,
                -1.308904799999937
              ],
              [
                136.6005881000001,
                -1.319675699999948
              ],
              [
                136.6025277000001,
                -1.323109099999954
              ],
              [
                136.60565510000004,
                -1.321998
              ]
            ]
          ],
          [
            [
              [
                136.374167,
                -1.310219099999927
              ],
              [
                136.37553650000007,
                -1.300100499999928
              ],
              [
                136.37367580000011,
                -1.30588309999996
              ],
              [
                136.374167,
                -1.310219099999927
              ]
            ]
          ],
          [
            [
              [
                136.69605710000008,
                -1.294667599999968
              ],
              [
                136.69942150000008,
                -1.292318699999953
              ],
              [
                136.69200150000006,
                -1.294637299999977
              ],
              [
                136.69129640000006,
                -1.296092
              ],
              [
                136.69605710000008,
                -1.294667599999968
              ]
            ]
          ],
          [
            [
              [
                136.67858730000012,
                -1.292761799999937
              ],
              [
                136.67696160000003,
                -1.29060979999997
              ],
              [
                136.67047360000004,
                -1.293520599999965
              ],
              [
                136.670671,
                -1.29775449999994
              ],
              [
                136.6720639,
                -1.298627499999952
              ],
              [
                136.67836450000004,
                -1.295444
              ],
              [
                136.67858730000012,
                -1.292761799999937
              ]
            ]
          ],
          [
            [
              [
                136.315301,
                -1.286434299999939
              ],
              [
                136.3233742000001,
                -1.281347699999969
              ],
              [
                136.3239747,
                -1.279237399999943
              ],
              [
                136.31925220000005,
                -1.277276599999936
              ],
              [
                136.31344120000006,
                -1.285774799999956
              ],
              [
                136.31384320000006,
                -1.287646099999961
              ],
              [
                136.315301,
                -1.286434299999939
              ]
            ]
          ],
          [
            [
              [
                136.6705654000001,
                -1.286074599999949
              ],
              [
                136.6736823000001,
                -1.281858499999942
              ],
              [
                136.67429470000002,
                -1.276735
              ],
              [
                136.66953690000003,
                -1.282687499999952
              ],
              [
                136.66921060000004,
                -1.285869
              ],
              [
                136.6705654000001,
                -1.286074599999949
              ]
            ]
          ],
          [
            [
              [
                136.59334090000004,
                -1.269878099999971
              ],
              [
                136.59227410000005,
                -1.269270499999948
              ],
              [
                136.58950390000007,
                -1.273279399999979
              ],
              [
                136.5903611000001,
                -1.279969199999925
              ],
              [
                136.59206960000006,
                -1.283617499999934
              ],
              [
                136.5940250000001,
                -1.284117099999946
              ],
              [
                136.5934218000001,
                -1.285763299999928
              ],
              [
                136.59603530000004,
                -1.287085399999967
              ],
              [
                136.59639230000005,
                -1.289625399999977
              ],
              [
                136.59980610000002,
                -1.291626699999938
              ],
              [
                136.60292290000007,
                -1.301821299999972
              ],
              [
                136.6046292000001,
                -1.301927599999942
              ],
              [
                136.60263290000012,
                -1.292877199999964
              ],
              [
                136.60639650000007,
                -1.285934
              ],
              [
                136.6060923000001,
                -1.28264269999994
              ],
              [
                136.60982290000004,
                -1.27970659999994
              ],
              [
                136.61053120000008,
                -1.275484399999925
              ],
              [
                136.60320030000003,
                -1.271691899999951
              ],
              [
                136.59334090000004,
                -1.269878099999971
              ]
            ]
          ],
          [
            [
              [
                136.42226010000002,
                -1.268030499999952
              ],
              [
                136.4180030000001,
                -1.267971799999941
              ],
              [
                136.4150519000001,
                -1.270762
              ],
              [
                136.4103563000001,
                -1.28259079999998
              ],
              [
                136.40992380000012,
                -1.286641599999939
              ],
              [
                136.41343510000002,
                -1.309416599999963
              ],
              [
                136.41442060000008,
                -1.299605099999951
              ],
              [
                136.4106733000001,
                -1.288859899999977
              ],
              [
                136.41223550000007,
                -1.280472799999927
              ],
              [
                136.41529650000007,
                -1.274303599999939
              ],
              [
                136.42226010000002,
                -1.268030499999952
              ]
            ]
          ],
          [
            [
              [
                136.67522840000004,
                -1.260580299999958
              ],
              [
                136.66644660000009,
                -1.264469599999927
              ],
              [
                136.66406840000002,
                -1.268602699999974
              ],
              [
                136.66468640000005,
                -1.272155299999952
              ],
              [
                136.67125440000007,
                -1.272522899999956
              ],
              [
                136.6724421,
                -1.268349299999954
              ],
              [
                136.6761342000001,
                -1.264711199999965
              ],
              [
                136.67937660000007,
                -1.264130699999953
              ],
              [
                136.67522840000004,
                -1.260580299999958
              ]
            ]
          ],
          [
            [
              [
                136.3166321000001,
                -1.25567609999996
              ],
              [
                136.31710170000008,
                -1.252355
              ],
              [
                136.31405230000007,
                -1.256051899999932
              ],
              [
                136.3143384000001,
                -1.257724699999926
              ],
              [
                136.3166321000001,
                -1.25567609999996
              ]
            ]
          ],
          [
            [
              [
                136.70045430000005,
                -1.252246099999979
              ],
              [
                136.7000121000001,
                -1.250851199999943
              ],
              [
                136.69824270000004,
                -1.251081099999965
              ],
              [
                136.70045430000005,
                -1.252246099999979
              ]
            ]
          ],
          [
            [
              [
                136.3746202000001,
                -1.249293899999941
              ],
              [
                136.36743930000011,
                -1.247592099999963
              ],
              [
                136.37815520000004,
                -1.260576399999934
              ],
              [
                136.37699980000002,
                -1.254801899999961
              ],
              [
                136.379086,
                -1.250089
              ],
              [
                136.3746202000001,
                -1.249293899999941
              ]
            ]
          ],
          [
            [
              [
                136.22541350000006,
                -1.230090899999936
              ],
              [
                136.21636110000009,
                -1.229259699999943
              ],
              [
                136.19914460000007,
                -1.234068499999978
              ],
              [
                136.188349,
                -1.24516639999996
              ],
              [
                136.18843890000005,
                -1.248196
              ],
              [
                136.19882340000004,
                -1.257948099999965
              ],
              [
                136.20099260000006,
                -1.258570799999973
              ],
              [
                136.20493150000004,
                -1.257054299999936
              ],
              [
                136.2268563,
                -1.239446099999952
              ],
              [
                136.23094770000012,
                -1.232806
              ],
              [
                136.22992880000004,
                -1.231069
              ],
              [
                136.22541350000006,
                -1.230090899999936
              ]
            ]
          ],
          [
            [
              [
                136.60356930000012,
                -1.22900919999995
              ],
              [
                136.60000420000006,
                -1.230554699999971
              ],
              [
                136.59490830000004,
                -1.23648
              ],
              [
                136.59467970000003,
                -1.241935799999965
              ],
              [
                136.59834110000008,
                -1.252162899999973
              ],
              [
                136.60561760000007,
                -1.254922099999931
              ],
              [
                136.61383560000002,
                -1.252153399999941
              ],
              [
                136.6157951,
                -1.24910129999995
              ],
              [
                136.61735840000006,
                -1.240773399999966
              ],
              [
                136.6136272000001,
                -1.231910299999925
              ],
              [
                136.61034510000002,
                -1.229543499999977
              ],
              [
                136.60356930000012,
                -1.22900919999995
              ]
            ]
          ],
          [
            [
              [
                136.52054090000001,
                -1.227799499999946
              ],
              [
                136.510171,
                -1.228862399999969
              ],
              [
                136.50479,
                -1.231023499999935
              ],
              [
                136.5007637000001,
                -1.23001279999994
              ],
              [
                136.50002070000005,
                -1.231554799999969
              ],
              [
                136.50260680000008,
                -1.23943689999993
              ],
              [
                136.52523270000006,
                -1.244797
              ],
              [
                136.5389712000001,
                -1.242498799999964
              ],
              [
                136.53944980000006,
                -1.237786
              ],
              [
                136.5376979,
                -1.235056499999928
              ],
              [
                136.52780530000007,
                -1.228984399999945
              ],
              [
                136.52054090000001,
                -1.227799499999946
              ]
            ]
          ],
          [
            [
              [
                136.3535862000001,
                -1.22285329999994
              ],
              [
                136.3547579000001,
                -1.220615899999927
              ],
              [
                136.35279850000006,
                -1.221775699999966
              ],
              [
                136.3535862000001,
                -1.22285329999994
              ]
            ]
          ],
          [
            [
              [
                136.323745,
                -1.217667899999981
              ],
              [
                136.31221470000003,
                -1.220212499999946
              ],
              [
                136.2932323000001,
                -1.23272129999998
              ],
              [
                136.2920137000001,
                -1.23498189999998
              ],
              [
                136.2966047000001,
                -1.241787399999964
              ],
              [
                136.30131860000006,
                -1.244575199999929
              ],
              [
                136.3053092,
                -1.242341099999976
              ],
              [
                136.3090344000001,
                -1.235671
              ],
              [
                136.3125814000001,
                -1.23329769999998
              ],
              [
                136.33359040000005,
                -1.227483899999925
              ],
              [
                136.33816720000004,
                -1.233396499999969
              ],
              [
                136.34379610000008,
                -1.23685329999995
              ],
              [
                136.34421110000005,
                -1.235234799999944
              ],
              [
                136.3403419000001,
                -1.230717
              ],
              [
                136.34139160000007,
                -1.223406599999976
              ],
              [
                136.33753780000006,
                -1.221874
              ],
              [
                136.33701,
                -1.219698
              ],
              [
                136.323745,
                -1.217667899999981
              ]
            ]
          ],
          [
            [
              [
                136.70137310000007,
                -1.224724699999967
              ],
              [
                136.70644530000004,
                -1.222554399999979
              ],
              [
                136.70885040000007,
                -1.216545099999962
              ],
              [
                136.70471250000003,
                -1.212943099999961
              ],
              [
                136.6982531000001,
                -1.212582399999974
              ],
              [
                136.6948437000001,
                -1.214794599999948
              ],
              [
                136.69403690000001,
                -1.220116299999972
              ],
              [
                136.6970027000001,
                -1.224319799999932
              ],
              [
                136.70137310000007,
                -1.224724699999967
              ]
            ]
          ],
          [
            [
              [
                136.4441408,
                -1.201651599999934
              ],
              [
                136.4431307000001,
                -1.199207699999931
              ],
              [
                136.43685520000008,
                -1.202633299999945
              ],
              [
                136.43002310000008,
                -1.21328
              ],
              [
                136.44222980000006,
                -1.226699399999973
              ],
              [
                136.44793530000004,
                -1.240347899999961
              ],
              [
                136.44774360000008,
                -1.23135979999995
              ],
              [
                136.45063340000002,
                -1.220301599999971
              ],
              [
                136.4441408,
                -1.201651599999934
              ]
            ]
          ],
          [
            [
              [
                136.6001593000001,
                -1.19103709999996
              ],
              [
                136.59723170000007,
                -1.189463699999976
              ],
              [
                136.58591320000005,
                -1.191153099999951
              ],
              [
                136.57803480000007,
                -1.195572399999946
              ],
              [
                136.57604020000008,
                -1.199737199999959
              ],
              [
                136.5829596000001,
                -1.201922599999932
              ],
              [
                136.58524590000002,
                -1.208956199999932
              ],
              [
                136.58451810000008,
                -1.214484099999936
              ],
              [
                136.58698120000008,
                -1.218789799999968
              ],
              [
                136.5869831000001,
                -1.222020099999952
              ],
              [
                136.59099820000006,
                -1.22761689999993
              ],
              [
                136.59638310000003,
                -1.22800849999993
              ],
              [
                136.6119463000001,
                -1.223656199999937
              ],
              [
                136.61433350000004,
                -1.220352599999956
              ],
              [
                136.6138462,
                -1.210446699999977
              ],
              [
                136.60991760000002,
                -1.200112099999956
              ],
              [
                136.60611660000006,
                -1.194730499999935
              ],
              [
                136.6001593000001,
                -1.19103709999996
              ]
            ]
          ],
          [
            [
              [
                136.62323560000004,
                -1.156973799999946
              ],
              [
                136.62590350000005,
                -1.154123
              ],
              [
                136.62608060000002,
                -1.150498299999924
              ],
              [
                136.61936680000008,
                -1.158743199999947
              ],
              [
                136.62219660000005,
                -1.157172699999933
              ],
              [
                136.62033510000003,
                -1.160293499999966
              ],
              [
                136.62323560000004,
                -1.156973799999946
              ]
            ]
          ],
          [
            [
              [
                136.60976890000006,
                -1.137013899999943
              ],
              [
                136.60017560000006,
                -1.13518879999998
              ],
              [
                136.60260240000002,
                -1.138848499999938
              ],
              [
                136.60007710000002,
                -1.149761199999944
              ],
              [
                136.5977071000001,
                -1.153028699999936
              ],
              [
                136.59724710000012,
                -1.159381899999971
              ],
              [
                136.5984423000001,
                -1.160386199999948
              ],
              [
                136.60038930000007,
                -1.158832799999971
              ],
              [
                136.60230820000004,
                -1.162735
              ],
              [
                136.60012460000007,
                -1.16376809999997
              ],
              [
                136.59722560000012,
                -1.160763799999927
              ],
              [
                136.5927246000001,
                -1.162605799999938
              ],
              [
                136.59897030000002,
                -1.171979199999953
              ],
              [
                136.60514530000012,
                -1.174353499999938
              ],
              [
                136.6078635,
                -1.173005899999964
              ],
              [
                136.61436560000004,
                -1.16290749999996
              ],
              [
                136.61307150000005,
                -1.160261199999979
              ],
              [
                136.6157644000001,
                -1.153529899999967
              ],
              [
                136.61848440000006,
                -1.155323
              ],
              [
                136.62002210000003,
                -1.153513499999974
              ],
              [
                136.6178136000001,
                -1.14350589999998
              ],
              [
                136.60976890000006,
                -1.137013899999943
              ]
            ]
          ],
          [
            [
              [
                134.78666710000005,
                -1.099397299999964
              ],
              [
                134.78800490000003,
                -1.09737
              ],
              [
                134.78729710000005,
                -1.092491499999937
              ],
              [
                134.78569220000008,
                -1.090004599999929
              ],
              [
                134.78370940000002,
                -1.090004499999964
              ],
              [
                134.78386650000004,
                -1.094059299999969
              ],
              [
                134.78666710000005,
                -1.099397299999964
              ]
            ]
          ],
          [
            [
              [
                134.94585080000002,
                -1.027962099999968
              ],
              [
                134.9458999000001,
                -1.025193599999966
              ],
              [
                134.944181,
                -1.024155399999927
              ],
              [
                134.9392696000001,
                -1.028555199999971
              ],
              [
                134.93995710000002,
                -1.033251699999937
              ],
              [
                134.94280560000004,
                -1.037701
              ],
              [
                134.94609620000006,
                -1.037206699999956
              ],
              [
                134.94919040000002,
                -1.032213699999943
              ],
              [
                134.9496325,
                -1.027665499999955
              ],
              [
                134.94830650000006,
                -1.026775599999951
              ],
              [
                134.9467839,
                -1.028555299999937
              ],
              [
                134.94585080000002,
                -1.027962099999968
              ]
            ]
          ],
          [
            [
              [
                134.93922050000003,
                -1.026923799999963
              ],
              [
                134.942462,
                -1.023809399999948
              ],
              [
                134.94516340000007,
                -1.015158
              ],
              [
                134.93981,
                -1.019458899999961
              ],
              [
                134.93774710000002,
                -1.026083299999925
              ],
              [
                134.93922050000003,
                -1.026923799999963
              ]
            ]
          ],
          [
            [
              [
                134.9535125000001,
                -1.024205
              ],
              [
                134.95488770000009,
                -1.022524199999964
              ],
              [
                134.9549369,
                -1.018322099999978
              ],
              [
                134.9519411000001,
                -1.013823399999978
              ],
              [
                134.94869960000005,
                -1.014021099999979
              ],
              [
                134.94599830000004,
                -1.01896469999997
              ],
              [
                134.94535970000004,
                -1.023957699999926
              ],
              [
                134.95115510000005,
                -1.02647909999996
              ],
              [
                134.9535125000001,
                -1.024205
              ]
            ]
          ],
          [
            [
              [
                134.95051680000006,
                -1.009769499999948
              ],
              [
                134.9481594,
                -1.010016699999937
              ],
              [
                134.94820850000008,
                -1.013279499999953
              ],
              [
                134.950615,
                -1.012686299999928
              ],
              [
                134.95051680000006,
                -1.009769499999948
              ]
            ]
          ],
          [
            [
              [
                134.79272620000006,
                -0.992239499999926
              ],
              [
                134.78954620000002,
                -0.992597699999976
              ],
              [
                134.7902580000001,
                -0.997343599999965
              ],
              [
                134.79203840000002,
                -0.996182
              ],
              [
                134.79272620000006,
                -0.992239499999926
              ]
            ]
          ],
          [
            [
              [
                134.85700870000005,
                -0.931064099999958
              ],
              [
                134.84578650000003,
                -0.932892799999934
              ],
              [
                134.8448535000001,
                -0.931162499999971
              ],
              [
                134.84352740000008,
                -0.931607399999962
              ],
              [
                134.82925980000005,
                -0.944212899999968
              ],
              [
                134.820223,
                -0.947327
              ],
              [
                134.81094050000002,
                -0.953308199999981
              ],
              [
                134.80615180000007,
                -0.958746
              ],
              [
                134.80634780000003,
                -0.965370399999927
              ],
              [
                134.80467780000004,
                -0.969523
              ],
              [
                134.7925709000001,
                -0.981139699999972
              ],
              [
                134.793111,
                -0.983117199999924
              ],
              [
                134.7955174000001,
                -0.984205
              ],
              [
                134.80642050000006,
                -0.982870799999944
              ],
              [
                134.80892540000002,
                -0.980893499999979
              ],
              [
                134.81025130000012,
                -0.982129499999928
              ],
              [
                134.7971132,
                -0.990236299999935
              ],
              [
                134.79755510000007,
                -0.993202499999938
              ],
              [
                134.80013330000008,
                -0.995971099999963
              ],
              [
                134.8009187,
                -1.002645
              ],
              [
                134.7994943000001,
                -1.005314399999975
              ],
              [
                134.79585980000002,
                -1.007143399999961
              ],
              [
                134.7937482000001,
                -1.00304
              ],
              [
                134.7928641000001,
                -1.003682599999934
              ],
              [
                134.79355140000007,
                -1.009021799999971
              ],
              [
                134.79610520000006,
                -1.00971409999994
              ],
              [
                134.7986588000001,
                -1.014163499999938
              ],
              [
                134.79755340000008,
                -1.020639499999959
              ],
              [
                134.79475370000011,
                -1.024297599999954
              ],
              [
                134.79681620000008,
                -1.027807699999926
              ],
              [
                134.79494980000004,
                -1.029290699999933
              ],
              [
                134.79521970000008,
                -1.032850099999962
              ],
              [
                134.79914840000004,
                -1.038980399999957
              ],
              [
                134.80538560000002,
                -1.042194199999926
              ],
              [
                134.81282570000008,
                -1.052180799999974
              ],
              [
                134.81420060000005,
                -1.056481799999972
              ],
              [
                134.81862060000003,
                -1.060090899999977
              ],
              [
                134.81970090000004,
                -1.064293
              ],
              [
                134.82404740000004,
                -1.066517899999951
              ],
              [
                134.823163,
                -1.07235129999998
              ],
              [
                134.827165,
                -1.085402699999975
              ],
              [
                134.82868750000011,
                -1.086342099999968
              ],
              [
                134.8355146,
                -1.082288699999935
              ],
              [
                134.84062230000006,
                -1.08545289999995
              ],
              [
                134.8397381000001,
                -1.089308899999935
              ],
              [
                134.84209570000007,
                -1.086837199999934
              ],
              [
                134.84420760000012,
                -1.087035799999967
              ],
              [
                134.8392467000001,
                -1.09390639999998
              ],
              [
                134.83583260000012,
                -1.104683299999976
              ],
              [
                134.83681480000007,
                -1.106512499999951
              ],
              [
                134.8419718,
                -1.107748699999945
              ],
              [
                134.84403450000002,
                -1.110418399999958
              ],
              [
                134.85066480000012,
                -1.112791799999968
              ],
              [
                134.8526538000001,
                -1.116944399999966
              ],
              [
                134.85599360000003,
                -1.11897149999993
              ],
              [
                134.85697560000006,
                -1.122827599999937
              ],
              [
                134.85515820000012,
                -1.125595899999951
              ],
              [
                134.85420010000007,
                -1.132022599999971
              ],
              [
                134.85709770000005,
                -1.13716409999995
              ],
              [
                134.86083040000005,
                -1.13780689999993
              ],
              [
                134.85857140000007,
                -1.13246769999995
              ],
              [
                134.86171480000007,
                -1.131676899999945
              ],
              [
                134.86284450000005,
                -1.129897199999959
              ],
              [
                134.86986780000007,
                -1.133654699999965
              ],
              [
                134.87598260000004,
                -1.133308899999975
              ],
              [
                134.88104140000007,
                -1.135583199999928
              ],
              [
                134.88271110000005,
                -1.139043799999968
              ],
              [
                134.8903239000001,
                -1.140675499999929
              ],
              [
                134.90189070000008,
                -1.138649099999952
              ],
              [
                134.92269110000007,
                -1.131926299999975
              ],
              [
                134.93698370000004,
                -1.131036799999947
              ],
              [
                134.94250920000002,
                -1.128565099999946
              ],
              [
                134.95228310000005,
                -1.127626
              ],
              [
                134.9532163,
                -1.125450799999953
              ],
              [
                134.94830490000004,
                -1.122632899999928
              ],
              [
                134.9528725,
                -1.123572199999956
              ],
              [
                134.9538549,
                -1.121051
              ],
              [
                134.95257790000005,
                -1.12026
              ],
              [
                134.95660540000006,
                -1.117738799999927
              ],
              [
                134.9544935,
                -1.115217499999972
              ],
              [
                134.9612959000001,
                -1.112004199999944
              ],
              [
                134.9602645000001,
                -1.109779599999968
              ],
              [
                134.9625721000001,
                -1.109927899999946
              ],
              [
                134.96119780000004,
                -1.105725799999959
              ],
              [
                134.96380090000002,
                -1.105725899999925
              ],
              [
                134.96497970000007,
                -1.101869799999974
              ],
              [
                134.9689089000001,
                -1.099101399999938
              ],
              [
                134.96871240000007,
                -1.096382399999925
              ],
              [
                134.9746308000001,
                -1.092872499999942
              ],
              [
                134.9722733000001,
                -1.089560199999937
              ],
              [
                134.97482730000002,
                -1.087731099999928
              ],
              [
                134.9745326000001,
                -1.084468299999969
              ],
              [
                134.97883020000006,
                -1.075421499999948
              ],
              [
                134.98280850000003,
                -1.072109199999943
              ],
              [
                134.98118770000008,
                -1.069241899999952
              ],
              [
                134.9812369000001,
                -1.064347699999928
              ],
              [
                134.97701310000002,
                -1.062370199999975
              ],
              [
                134.97892850000005,
                -1.062666899999954
              ],
              [
                134.97983710000005,
                -1.058415299999979
              ],
              [
                134.97841290000008,
                -1.05391659999998
              ],
              [
                134.97978810000006,
                -1.05085159999993
              ],
              [
                134.9785111000001,
                -1.049813399999948
              ],
              [
                134.9820965,
                -1.046204499999931
              ],
              [
                134.98113880000005,
                -1.041705799999932
              ],
              [
                134.98207190000005,
                -1.039481199999955
              ],
              [
                134.9805494000001,
                -1.037207099999932
              ],
              [
                134.9860010000001,
                -1.035822899999971
              ],
              [
                134.9809179,
                -1.012093399999969
              ],
              [
                134.97816760000012,
                -1.010560799999951
              ],
              [
                134.97320710000008,
                -1.010758499999952
              ],
              [
                134.9619110000001,
                -1.019953599999951
              ],
              [
                134.95913610000002,
                -1.02005239999994
              ],
              [
                134.95402820000004,
                -1.026676899999927
              ],
              [
                134.9528494000001,
                -1.03290579999998
              ],
              [
                134.9596024000001,
                -1.037997899999937
              ],
              [
                134.9609775,
                -1.048181799999952
              ],
              [
                134.9491164000001,
                -1.056487
              ],
              [
                134.9424368000001,
                -1.058464299999969
              ],
              [
                134.9387041000001,
                -1.06335839999997
              ],
              [
                134.9395634000001,
                -1.072157799999957
              ],
              [
                134.92414150000002,
                -1.075222799999949
              ],
              [
                134.9243871000001,
                -1.072849899999937
              ],
              [
                134.9207527000001,
                -1.070180199999925
              ],
              [
                134.92144040000005,
                -1.068103899999926
              ],
              [
                134.91967230000012,
                -1.065236599999935
              ],
              [
                134.9231595000001,
                -1.063555799999961
              ],
              [
                134.9239454000001,
                -1.059650399999953
              ],
              [
                134.9258609000001,
                -1.059156099999939
              ],
              [
                134.92286490000004,
                -1.057475099999976
              ],
              [
                134.9233071000001,
                -1.052927
              ],
              [
                134.9211461000001,
                -1.05178989999996
              ],
              [
                134.92463320000002,
                -1.051938299999961
              ],
              [
                134.92804680000006,
                -1.043979099999945
              ],
              [
                134.93025690000002,
                -1.044325199999946
              ],
              [
                134.93114090000006,
                -1.045956699999977
              ],
              [
                134.93556120000005,
                -1.043781499999966
              ],
              [
                134.93511910000007,
                -1.046896
              ],
              [
                134.937673,
                -1.046896099999969
              ],
              [
                134.94032520000007,
                -1.044028799999978
              ],
              [
                134.94152860000008,
                -1.039777299999969
              ],
              [
                134.9368876000001,
                -1.026923799999963
              ],
              [
                134.937035,
                -1.021337399999936
              ],
              [
                134.9400065000001,
                -1.015948899999955
              ],
              [
                134.93985930000008,
                -1.009719899999936
              ],
              [
                134.94823320000012,
                -1.001711399999976
              ],
              [
                134.94651380000005,
                -0.994493599999942
              ],
              [
                134.9478160000001,
                -0.986484899999937
              ],
              [
                134.94486940000002,
                -0.977635799999973
              ],
              [
                134.944452,
                -0.97051689999995
              ],
              [
                134.94130890000008,
                -0.965771
              ],
              [
                134.93305820000012,
                -0.961024899999927
              ],
              [
                134.92728750000003,
                -0.954054199999973
              ],
              [
                134.91726860000006,
                -0.951631599999928
              ],
              [
                134.91270120000001,
                -0.949159699999939
              ],
              [
                134.9101475000001,
                -0.945847399999934
              ],
              [
                134.90118460000008,
                -0.941299
              ],
              [
                134.88316070000008,
                -0.934674
              ],
              [
                134.86388420000003,
                -0.933536199999935
              ],
              [
                134.85700870000005,
                -0.931064099999958
              ]
            ]
          ],
          [
            [
              [
                135.70867910000004,
                -0.803157
              ],
              [
                135.71108880000008,
                -0.805843899999957
              ],
              [
                135.71418370000004,
                -0.806366499999967
              ],
              [
                135.7275188000001,
                -0.801370099999929
              ],
              [
                135.73103920000005,
                -0.803057899999942
              ],
              [
                135.7297873000001,
                -0.804342299999973
              ],
              [
                135.7323391000001,
                -0.806244399999969
              ],
              [
                135.73623710000004,
                -0.805958399999952
              ],
              [
                135.7373358000001,
                -0.807123399999966
              ],
              [
                135.73646180000003,
                -0.807670499999972
              ],
              [
                135.7412816000001,
                -0.81014289999996
              ],
              [
                135.74179060000006,
                -0.815755099999933
              ],
              [
                135.74560750000012,
                -0.824125399999957
              ],
              [
                135.7502978000001,
                -0.828738
              ],
              [
                135.75267350000001,
                -0.836323799999946
              ],
              [
                135.7553905000001,
                -0.837369599999931
              ],
              [
                135.75427020000006,
                -0.843410199999937
              ],
              [
                135.76051960000007,
                -0.850590899999929
              ],
              [
                135.7609341000001,
                -0.856345799999929
              ],
              [
                135.7668063000001,
                -0.864025899999945
              ],
              [
                135.76580320000005,
                -0.868615899999952
              ],
              [
                135.76778880000006,
                -0.874085099999945
              ],
              [
                135.77480570000012,
                -0.876033699999937
              ],
              [
                135.7725382000001,
                -0.878222
              ],
              [
                135.76816780000001,
                -0.878817499999968
              ],
              [
                135.76586570000006,
                -0.885286399999927
              ],
              [
                135.76744910000002,
                -0.888044599999944
              ],
              [
                135.76696590000006,
                -0.89330039999993
              ],
              [
                135.76949420000005,
                -0.895463899999925
              ],
              [
                135.76995610000006,
                -0.901432799999952
              ],
              [
                135.77521320000005,
                -0.903976299999954
              ],
              [
                135.7772824000001,
                -0.911347899999953
              ],
              [
                135.7762566,
                -0.922596599999963
              ],
              [
                135.78224720000003,
                -0.929705799999965
              ],
              [
                135.78279190000012,
                -0.936126499999943
              ],
              [
                135.78619420000007,
                -0.937719
              ],
              [
                135.78886310000007,
                -0.936244
              ],
              [
                135.78757810000002,
                -0.945614
              ],
              [
                135.7895178000001,
                -0.956410099999971
              ],
              [
                135.787618,
                -0.965471
              ],
              [
                135.7918711000001,
                -0.967990799999939
              ],
              [
                135.79356130000008,
                -0.97215209999996
              ],
              [
                135.79270040000006,
                -0.978335299999969
              ],
              [
                135.79530090000003,
                -0.98542139999995
              ],
              [
                135.7986327000001,
                -0.988060299999972
              ],
              [
                135.80097410000008,
                -0.998523299999931
              ],
              [
                135.80345610000006,
                -1.002588899999978
              ],
              [
                135.810781,
                -1.008699
              ],
              [
                135.81434850000005,
                -1.008721899999955
              ],
              [
                135.82354290000012,
                -1.02543739999993
              ],
              [
                135.8254700000001,
                -1.031833899999924
              ],
              [
                135.82262490000005,
                -1.038683499999934
              ],
              [
                135.8229692000001,
                -1.04531819999994
              ],
              [
                135.82016150000004,
                -1.059539799999925
              ],
              [
                135.822703,
                -1.065959899999939
              ],
              [
                135.82326010000008,
                -1.073165299999971
              ],
              [
                135.82113430000004,
                -1.075282399999935
              ],
              [
                135.8204703,
                -1.085331099999962
              ],
              [
                135.8181403000001,
                -1.089194199999952
              ],
              [
                135.80228970000007,
                -1.09237509999997
              ],
              [
                135.80365370000004,
                -1.094865499999969
              ],
              [
                135.80196840000008,
                -1.097826
              ],
              [
                135.8063631000001,
                -1.103383899999926
              ],
              [
                135.80604080000012,
                -1.10511669999994
              ],
              [
                135.81179960000009,
                -1.115222599999925
              ],
              [
                135.81430960000012,
                -1.113778
              ],
              [
                135.81789680000009,
                -1.117025799999965
              ],
              [
                135.8232984000001,
                -1.131824399999971
              ],
              [
                135.82702930000005,
                -1.135938499999952
              ],
              [
                135.83271450000007,
                -1.13875239999993
              ],
              [
                135.83960190000005,
                -1.14470659999995
              ],
              [
                135.857827,
                -1.166576199999952
              ],
              [
                135.8662197000001,
                -1.16884779999998
              ],
              [
                135.87316050000004,
                -1.172924599999931
              ],
              [
                135.8904649000001,
                -1.174146399999927
              ],
              [
                135.8983022000001,
                -1.177681399999926
              ],
              [
                135.905977,
                -1.178039899999931
              ],
              [
                135.9074799000001,
                -1.167571299999963
              ],
              [
                135.91230210000003,
                -1.163310199999955
              ],
              [
                135.91348440000002,
                -1.159736299999963
              ],
              [
                135.92241380000007,
                -1.158325599999955
              ],
              [
                135.93179070000008,
                -1.15471279999997
              ],
              [
                135.93544680000002,
                -1.149224899999979
              ],
              [
                135.9426367000001,
                -1.147526
              ],
              [
                135.942923,
                -1.145721
              ],
              [
                135.9404118000001,
                -1.143086799999935
              ],
              [
                135.94163060000005,
                -1.141642499999932
              ],
              [
                135.9439618,
                -1.142147099999931
              ],
              [
                135.94511080000007,
                -1.146334
              ],
              [
                135.95127920000004,
                -1.146584599999926
              ],
              [
                135.9557449,
                -1.149182
              ],
              [
                135.96549920000007,
                -1.148565099999928
              ],
              [
                135.9704296000001,
                -1.146614199999931
              ],
              [
                135.97831940000003,
                -1.147297299999934
              ],
              [
                135.9827653000001,
                -1.144299799999942
              ],
              [
                135.98898740000004,
                -1.144658599999957
              ],
              [
                136.00125140000011,
                -1.142344199999968
              ],
              [
                136.00532220000002,
                -1.143894899999964
              ],
              [
                136.01719260000004,
                -1.144504299999937
              ],
              [
                136.02183760000003,
                -1.147209799999928
              ],
              [
                136.02832820000003,
                -1.146304199999975
              ],
              [
                136.03205850000006,
                -1.148289
              ],
              [
                136.0351422000001,
                -1.147241099999974
              ],
              [
                136.03820880000012,
                -1.148575499999936
              ],
              [
                136.04387730000008,
                -1.155178899999953
              ],
              [
                136.04968760000008,
                -1.15719809999996
              ],
              [
                136.05015930000002,
                -1.172141499999952
              ],
              [
                136.05625780000003,
                -1.177661799999953
              ],
              [
                136.07334820000005,
                -1.184080199999926
              ],
              [
                136.07467580000002,
                -1.185848299999975
              ],
              [
                136.07912220000003,
                -1.185016399999938
              ],
              [
                136.0846639,
                -1.187901799999963
              ],
              [
                136.087712,
                -1.187575699999968
              ],
              [
                136.10666690000005,
                -1.193451599999946
              ],
              [
                136.13440790000004,
                -1.199576299999933
              ],
              [
                136.14233330000002,
                -1.20015049999995
              ],
              [
                136.1478552000001,
                -1.198596099999975
              ],
              [
                136.14875130000007,
                -1.199946099999977
              ],
              [
                136.1553484000001,
                -1.194694799999979
              ],
              [
                136.16258840000012,
                -1.185415399999954
              ],
              [
                136.17260970000007,
                -1.181729699999948
              ],
              [
                136.1788137000001,
                -1.182160199999942
              ],
              [
                136.19066350000003,
                -1.177643199999977
              ],
              [
                136.19181140000012,
                -1.178509099999928
              ],
              [
                136.19971770000006,
                -1.176845399999934
              ],
              [
                136.20312400000012,
                -1.175797199999977
              ],
              [
                136.20337410000002,
                -1.173848
              ],
              [
                136.2062069000001,
                -1.173594099999946
              ],
              [
                136.2076422,
                -1.175723
              ],
              [
                136.2085379,
                -1.173881899999969
              ],
              [
                136.207426,
                -1.173341
              ],
              [
                136.21273280000003,
                -1.17240019999997
              ],
              [
                136.22522920000006,
                -1.170878799999969
              ],
              [
                136.2405232000001,
                -1.171124
              ],
              [
                136.24821380000003,
                -1.168414299999938
              ],
              [
                136.26007990000005,
                -1.161334799999963
              ],
              [
                136.274691,
                -1.158549099999959
              ],
              [
                136.2823072000001,
                -1.150316499999974
              ],
              [
                136.29385220000006,
                -1.147351699999945
              ],
              [
                136.30283250000002,
                -1.142547299999933
              ],
              [
                136.31410890000006,
                -1.140773599999932
              ],
              [
                136.32636890000003,
                -1.133549599999981
              ],
              [
                136.33341170000006,
                -1.126544499999966
              ],
              [
                136.35464950000005,
                -1.111051399999951
              ],
              [
                136.35864170000002,
                -1.097407099999941
              ],
              [
                136.3648962000001,
                -1.092098799999974
              ],
              [
                136.37109810000004,
                -1.089425199999937
              ],
              [
                136.3794888000001,
                -1.090215299999954
              ],
              [
                136.38420170000006,
                -1.085485199999937
              ],
              [
                136.38756820000003,
                -1.07667749999996
              ],
              [
                136.38557620000006,
                -1.072347499999978
              ],
              [
                136.36235560000011,
                -1.063551699999948
              ],
              [
                136.3531779000001,
                -1.066731799999957
              ],
              [
                136.34512790000008,
                -1.066157899999951
              ],
              [
                136.3408270000001,
                -1.070454699999971
              ],
              [
                136.33156050000002,
                -1.076089099999933
              ],
              [
                136.32365330000005,
                -1.074107499999968
              ],
              [
                136.31952850000005,
                -1.071041399999956
              ],
              [
                136.31116940000004,
                -1.060614399999963
              ],
              [
                136.3027787000001,
                -1.060004399999968
              ],
              [
                136.29630440000005,
                -1.054990299999929
              ],
              [
                136.2923565000001,
                -1.046041099999968
              ],
              [
                136.29199330000006,
                -1.034672099999966
              ],
              [
                136.28994750000004,
                -1.02990879999993
              ],
              [
                136.28453230000002,
                -1.027673199999924
              ],
              [
                136.27976150000006,
                -1.022910899999943
              ],
              [
                136.27585250000004,
                -1.021504899999968
              ],
              [
                136.2684124000001,
                -1.021941
              ],
              [
                136.25742050000008,
                -1.017542
              ],
              [
                136.25383520000003,
                -1.018445699999972
              ],
              [
                136.2481726000001,
                -1.02588309999993
              ],
              [
                136.2370045,
                -1.029460699999959
              ],
              [
                136.2240955000001,
                -1.028888199999926
              ],
              [
                136.20808610000006,
                -1.031493099999977
              ],
              [
                136.1989625000001,
                -1.03752419999995
              ],
              [
                136.1951633000001,
                -1.042109499999924
              ],
              [
                136.18980350000004,
                -1.044890799999962
              ],
              [
                136.18535680000002,
                -1.044098399999939
              ],
              [
                136.17847270000004,
                -1.045905699999935
              ],
              [
                136.1725375000001,
                -1.044247699999971
              ],
              [
                136.16070060000004,
                -1.034326199999953
              ],
              [
                136.16141730000004,
                -1.033098699999925
              ],
              [
                136.1588157000001,
                -1.027902099999949
              ],
              [
                136.15927940000006,
                -1.021152299999926
              ],
              [
                136.15786160000005,
                -1.017254699999967
              ],
              [
                136.1587002000001,
                -1.007328499999971
              ],
              [
                136.15518520000012,
                -1.003215
              ],
              [
                136.1522424000001,
                -0.996285899999975
              ],
              [
                136.14594780000004,
                -0.991956799999969
              ],
              [
                136.13556620000008,
                -0.990155699999946
              ],
              [
                136.13190710000003,
                -0.985572899999966
              ],
              [
                136.11915620000002,
                -0.97561509999997
              ],
              [
                136.110477,
                -0.971322699999973
              ],
              [
                136.09912440000005,
                -0.960642399999927
              ],
              [
                136.09433320000005,
                -0.947505299999932
              ],
              [
                136.0981114000001,
                -0.932055499999933
              ],
              [
                136.09154480000007,
                -0.917186399999935
              ],
              [
                136.08770720000007,
                -0.914588699999968
              ],
              [
                136.08512560000008,
                -0.915239199999974
              ],
              [
                136.07651870000007,
                -0.912245899999959
              ],
              [
                136.07086860000004,
                -0.90398179999994
              ],
              [
                136.07031060000008,
                -0.896365799999955
              ],
              [
                136.060447,
                -0.887056099999938
              ],
              [
                136.05322220000005,
                -0.889476599999966
              ],
              [
                136.0503543000001,
                -0.892076299999928
              ],
              [
                136.04752380000002,
                -0.900198599999953
              ],
              [
                136.04393770000001,
                -0.899225
              ],
              [
                136.0400281000001,
                -0.895724899999948
              ],
              [
                136.03984820000005,
                -0.893667499999935
              ],
              [
                136.04622830000005,
                -0.884064199999955
              ],
              [
                136.04493680000007,
                -0.881935
              ],
              [
                136.04678050000007,
                -0.870889199999965
              ],
              [
                136.05160020000005,
                -0.859156799999937
              ],
              [
                136.05095390000008,
                -0.85630539999994
              ],
              [
                136.04331580000007,
                -0.854755399999931
              ],
              [
                136.03865550000012,
                -0.859376899999972
              ],
              [
                136.03560740000012,
                -0.859161
              ],
              [
                136.03888540000003,
                -0.847573599999976
              ],
              [
                136.036661,
                -0.843026099999975
              ],
              [
                136.02977480000004,
                -0.83746919999993
              ],
              [
                136.009872,
                -0.831482499999936
              ],
              [
                136.00083360000008,
                -0.823110499999927
              ],
              [
                135.99335660000008,
                -0.820838299999934
              ],
              [
                135.98363740000002,
                -0.81459609999996
              ],
              [
                135.9819165,
                -0.815643299999977
              ],
              [
                135.98177270000008,
                -0.814379899999949
              ],
              [
                135.97329170000012,
                -0.812288399999943
              ],
              [
                135.96292670000003,
                -0.804060899999968
              ],
              [
                135.95968040000002,
                -0.799296899999945
              ],
              [
                135.94748760000004,
                -0.795581799999979
              ],
              [
                135.94176640000012,
                -0.787533499999938
              ],
              [
                135.93674580000004,
                -0.785983299999941
              ],
              [
                135.93050730000004,
                -0.790063099999941
              ],
              [
                135.92478790000007,
                -0.790244599999937
              ],
              [
                135.91983790000006,
                -0.783603899999946
              ],
              [
                135.91773840000008,
                -0.775482499999953
              ],
              [
                135.91128230000004,
                -0.767975799999931
              ],
              [
                135.90914650000002,
                -0.757508
              ],
              [
                135.90620580000007,
                -0.756173099999955
              ],
              [
                135.89474530000007,
                -0.744155
              ],
              [
                135.89038820000007,
                -0.736756
              ],
              [
                135.8909258000001,
                -0.735456399999975
              ],
              [
                135.88342980000004,
                -0.727697
              ],
              [
                135.8814218000001,
                -0.727697399999954
              ],
              [
                135.87946670000008,
                -0.723979699999973
              ],
              [
                135.87774550000006,
                -0.72379959999995
              ],
              [
                135.86564,
                -0.706655599999976
              ],
              [
                135.85403850000012,
                -0.700160199999971
              ],
              [
                135.84675890000005,
                -0.69893419999994
              ],
              [
                135.8122604,
                -0.685584
              ],
              [
                135.8035731000001,
                -0.686842599999977
              ],
              [
                135.80353680000007,
                -0.740779599999939
              ],
              [
                135.7388029000001,
                -0.794467599999962
              ],
              [
                135.70867910000004,
                -0.803157
              ]
            ]
          ]
        ]
      }
    },
    {
      "type": "Feature",
      "properties": {
        "shapeName": "Jayapura",
        "shapeISO": "",
        "shapeID": "22746128B71103770185906",
        "shapeGroup": "IDN",
        "shapeType": "ADM2",
        "district": "Jayapura",
        "district_code": "22746128B71103770185906",
        "aliases": []
      },
      "geometry": {
        "type": "Polygon",
        "coordinates": [
          [
            [
              140.65281070000003,
              -2.476179099999968
            ],
            [
              140.64834540000004,
              -2.470459399999925
            ],
            [
              140.6498865000001,
              -2.466889399999957
            ],
            [
              140.64465280000002,
              -2.46325939999997
            ],
            [
              140.6412196000001,
              -2.466759399999944
            ],
            [
              140.63415470000007,
              -2.468309399999953
            ],
            [
              140.63096570000005,
              -2.463849299999936
            ],
            [
              140.63365120000003,
              -2.457239399999935
            ],
            [
              140.63297980000004,
              -2.45485919999993
            ],
            [
              140.63023320000002,
              -2.452779299999975
            ],
            [
              140.62658640000006,
              -2.455749299999979
            ],
            [
              140.62213080000004,
              -2.45105929999994
            ],
            [
              140.6169886,
              -2.449129299999925
            ],
            [
              140.61550850000003,
              -2.444819399999972
            ],
            [
              140.6117243000001,
              -2.442209199999979
            ],
            [
              140.61321970000006,
              -2.439609299999972
            ],
            [
              140.60903880000012,
              -2.44034929999998
            ],
            [
              140.604217,
              -2.444309199999964
            ],
            [
              140.60487310000008,
              -2.446689399999968
            ],
            [
              140.59997510000005,
              -2.450609399999962
            ],
            [
              140.6007532000001,
              -2.453229399999941
            ],
            [
              140.59699960000012,
              -2.455069299999934
            ],
            [
              140.58396860000005,
              -2.453039399999966
            ],
            [
              140.57904,
              -2.446080199999926
            ],
            [
              140.57034250000004,
              -2.451009299999953
            ],
            [
              140.559875,
              -2.450109199999929
            ],
            [
              140.56065320000005,
              -2.44689939999995
            ],
            [
              140.55923410000003,
              -2.439759199999969
            ],
            [
              140.5546412000001,
              -2.439819299999954
            ],
            [
              140.5514826000001,
              -2.445409299999938
            ],
            [
              140.546905,
              -2.444569299999955
            ],
            [
              140.54374640000003,
              -2.448569299999974
            ],
            [
              140.539474,
              -2.447139299999947
            ],
            [
              140.53773450000006,
              -2.444859199999939
            ],
            [
              140.53922980000004,
              -2.438799399999937
            ],
            [
              140.5335841000001,
              -2.439509399999963
            ],
            [
              140.52976980000005,
              -2.438139399999955
            ],
            [
              140.52859450000005,
              -2.429999299999963
            ],
            [
              140.52494760000002,
              -2.427850099999944
            ],
            [
              140.52233840000008,
              -2.428319399999964
            ],
            [
              140.51881360000004,
              -2.431529299999966
            ],
            [
              140.51263380000012,
              -2.429499399999941
            ],
            [
              140.51101640000002,
              -2.431999399999938
            ],
            [
              140.5091853,
              -2.431519299999934
            ],
            [
              140.5068507000001,
              -2.436279299999967
            ],
            [
              140.50280710000004,
              -2.439129299999934
            ],
            [
              140.5021968000001,
              -2.44286939999995
            ],
            [
              140.4974360000001,
              -2.443939399999977
            ],
            [
              140.49494890000005,
              -2.441199299999937
            ],
            [
              140.48625130000005,
              -2.438417899999934
            ],
            [
              140.48690750000003,
              -2.435627899999929
            ],
            [
              140.48547310000004,
              -2.433247799999947
            ],
            [
              140.48809770000003,
              -2.431407899999954
            ],
            [
              140.48774670000012,
              -2.428197799999964
            ],
            [
              140.48506120000002,
              -2.431227899999953
            ],
            [
              140.4792933000001,
              -2.428847799999971
            ],
            [
              140.47459360000005,
              -2.43002789999997
            ],
            [
              140.4723964000001,
              -2.42883779999994
            ],
            [
              140.46739150000008,
              -2.42966789999997
            ],
            [
              140.46751360000007,
              -2.431397899999979
            ],
            [
              140.4660182,
              -2.432167799999945
            ],
            [
              140.4612575000001,
              -2.431867799999964
            ],
            [
              140.4526975000001,
              -2.427407699999947
            ],
            [
              140.44276380000008,
              -2.41978789999996
            ],
            [
              140.44187880000004,
              -2.417767699999956
            ],
            [
              140.4408565000001,
              -2.418897899999934
            ],
            [
              140.4359889000001,
              -2.417877899999951
            ],
            [
              140.43331860000012,
              -2.411997799999938
            ],
            [
              140.42729140000006,
              -2.416327899999942
            ],
            [
              140.4230189000001,
              -2.414427699999976
            ],
            [
              140.41349750000006,
              -2.41417789999997
            ],
            [
              140.41230730000007,
              -2.411087699999939
            ],
            [
              140.4052425000001,
              -2.406907799999942
            ],
            [
              140.39456130000008,
              -2.406877799999961
            ],
            [
              140.39144850000002,
              -2.40208789999997
            ],
            [
              140.3860317000001,
              -2.399707799999931
            ],
            [
              140.37275650000004,
              -2.398987799999929
            ],
            [
              140.37181050000004,
              -2.397797799999978
            ],
            [
              140.369308,
              -2.403327899999965
            ],
            [
              140.36727860000008,
              -2.403737799999931
            ],
            [
              140.3628841000001,
              -2.402187799999979
            ],
            [
              140.357101,
              -2.402307699999938
            ],
            [
              140.34825090000004,
              -2.395347799999968
            ],
            [
              140.3468166,
              -2.396887799999945
            ],
            [
              140.3444972000001,
              -2.396827899999948
            ],
            [
              140.34266620000005,
              -2.400287899999967
            ],
            [
              140.343246,
              -2.403247799999974
            ],
            [
              140.34571790000007,
              -2.404967799999952
            ],
            [
              140.34562640000001,
              -2.40810769999996
            ],
            [
              140.348907,
              -2.410548
            ],
            [
              140.35034140000005,
              -2.405297699999949
            ],
            [
              140.35235550000004,
              -2.405108
            ],
            [
              140.3539730000001,
              -2.402437899999939
            ],
            [
              140.3563686000001,
              -2.402967899999965
            ],
            [
              140.35865740000008,
              -2.40606779999996
            ],
            [
              140.35754350000002,
              -2.409787899999969
            ],
            [
              140.3599849000001,
              -2.408597899999961
            ],
            [
              140.3608852000001,
              -2.409547799999928
            ],
            [
              140.3602138000001,
              -2.414507899999933
            ],
            [
              140.36303670000007,
              -2.414698199999975
            ],
            [
              140.36241110000003,
              -2.41784789999997
            ],
            [
              140.3663173000001,
              -2.419997899999942
            ],
            [
              140.37263440000004,
              -2.428237899999942
            ],
            [
              140.37576250000006,
              -2.430107799999973
            ],
            [
              140.3757472000001,
              -2.432497699999942
            ],
            [
              140.36796520000007,
              -2.444267699999955
            ],
            [
              140.3684383000001,
              -2.445838
            ],
            [
              140.3717799000001,
              -2.446798199999932
            ],
            [
              140.3731990000001,
              -2.449707699999976
            ],
            [
              140.3695216000001,
              -2.460287799999946
            ],
            [
              140.36743120000006,
              -2.461190899999963
            ],
            [
              140.36428790000002,
              -2.455320799999924
            ],
            [
              140.362289,
              -2.457560799999953
            ],
            [
              140.3596645,
              -2.45618079999997
            ],
            [
              140.357513,
              -2.452170799999976
            ],
            [
              140.3611903000001,
              -2.451270799999975
            ],
            [
              140.35642960000007,
              -2.448790799999927
            ],
            [
              140.35566670000003,
              -2.445591
            ],
            [
              140.3543849,
              -2.445931
            ],
            [
              140.35279800000012,
              -2.448741
            ],
            [
              140.3545223000001,
              -2.450840899999946
            ],
            [
              140.35241650000012,
              -2.452070899999967
            ],
            [
              140.35307310000007,
              -2.45503089999994
            ],
            [
              140.34873920000007,
              -2.461051
            ],
            [
              140.34576370000002,
              -2.46301079999995
            ],
            [
              140.33975180000004,
              -2.46247139999997
            ],
            [
              140.33563190000007,
              -2.464911
            ],
            [
              140.33326680000005,
              -2.462590899999952
            ],
            [
              140.33451800000012,
              -2.461160899999925
            ],
            [
              140.3341518000001,
              -2.458611
            ],
            [
              140.33940080000002,
              -2.455280799999969
            ],
            [
              140.33886680000012,
              -2.451420799999937
            ],
            [
              140.33685260000004,
              -2.448920899999962
            ],
            [
              140.33517410000002,
              -2.448260799999957
            ],
            [
              140.32782050000003,
              -2.450900799999943
            ],
            [
              140.3263545000001,
              -2.44269079999998
            ],
            [
              140.323608,
              -2.447980899999948
            ],
            [
              140.3218227000001,
              -2.446610899999939
            ],
            [
              140.31777910000005,
              -2.448100799999963
            ],
            [
              140.31468160000009,
              -2.445061
            ],
            [
              140.31617690000007,
              -2.440900799999952
            ],
            [
              140.31510880000008,
              -2.440190799999925
            ],
            [
              140.30903580000006,
              -2.440960899999936
            ],
            [
              140.3077846000001,
              -2.439710799999943
            ],
            [
              140.30509910000012,
              -2.445350899999937
            ],
            [
              140.30004840000004,
              -2.443511
            ],
            [
              140.29795790000003,
              -2.44065089999998
            ],
            [
              140.29385330000002,
              -2.439160799999968
            ],
            [
              140.29388360000007,
              -2.435601
            ],
            [
              140.2961421000001,
              -2.432447
            ],
            [
              140.29489090000004,
              -2.430597099999943
            ],
            [
              140.2962642000001,
              -2.429177
            ],
            [
              140.2956233000001,
              -2.425847
            ],
            [
              140.2926937000001,
              -2.428997
            ],
            [
              140.2896114,
              -2.425127
            ],
            [
              140.28561360000003,
              -2.428157099999964
            ],
            [
              140.28507950000005,
              -2.425477
            ],
            [
              140.28282120000006,
              -2.426847
            ],
            [
              140.28015130000006,
              -2.426247099999955
            ],
            [
              140.2799678,
              -2.423397099999931
            ],
            [
              140.2773433000001,
              -2.423687
            ],
            [
              140.27604630000008,
              -2.421847099999979
            ],
            [
              140.2720485000001,
              -2.423447099999976
            ],
            [
              140.26887470000008,
              -2.416827199999943
            ],
            [
              140.26928670000007,
              -2.419967199999974
            ],
            [
              140.2660671000001,
              -2.423567
            ],
            [
              140.26481590000003,
              -2.423147
            ],
            [
              140.26138260000005,
              -2.419637199999954
            ],
            [
              140.25793420000002,
              -2.410777099999962
            ],
            [
              140.2532344000001,
              -2.404597
            ],
            [
              140.25353960000007,
              -2.400666899999976
            ],
            [
              140.25158650000003,
              -2.401087
            ],
            [
              140.24908410000012,
              -2.399057099999936
            ],
            [
              140.2451473000001,
              -2.400007
            ],
            [
              140.24586450000004,
              -2.403217099999949
            ],
            [
              140.24366720000012,
              -2.404767
            ],
            [
              140.233688,
              -2.403517
            ],
            [
              140.232452,
              -2.402277
            ],
            [
              140.2316128000001,
              -2.404237
            ],
            [
              140.22904930000004,
              -2.405247
            ],
            [
              140.22708090000003,
              -2.408807
            ],
            [
              140.22958330000006,
              -2.412377099999958
            ],
            [
              140.227676,
              -2.414627099999962
            ],
            [
              140.2327266000001,
              -2.416957099999934
            ],
            [
              140.23065140000006,
              -2.418857099999968
            ],
            [
              140.23278770000002,
              -2.420227
            ],
            [
              140.23194840000008,
              -2.421707099999935
            ],
            [
              140.22969020000005,
              -2.418137099999967
            ],
            [
              140.22357140000008,
              -2.416647199999943
            ],
            [
              140.22476160000008,
              -2.415517099999931
            ],
            [
              140.22401390000005,
              -2.413247099999978
            ],
            [
              140.227737,
              -2.411287099999925
            ],
            [
              140.22059590000003,
              -2.412272199999961
            ],
            [
              140.20794640000008,
              -2.407812099999944
            ],
            [
              140.2028957000001,
              -2.40186209999996
            ],
            [
              140.20260580000001,
              -2.398652099999936
            ],
            [
              140.2004085000001,
              -2.397702199999969
            ],
            [
              140.1975857000001,
              -2.390562099999954
            ],
            [
              140.19104,
              -2.386932099999967
            ],
            [
              140.1892696000001,
              -2.380332199999941
            ],
            [
              140.18087750000007,
              -2.377293499999951
            ],
            [
              140.178619,
              -2.374912
            ],
            [
              140.16648830000008,
              -2.375092
            ],
            [
              140.16642720000004,
              -2.373182099999951
            ],
            [
              140.1652981000001,
              -2.373782199999937
            ],
            [
              140.1618496000001,
              -2.371222
            ],
            [
              140.16178860000002,
              -2.367352
            ],
            [
              140.1598202,
              -2.367772099999968
            ],
            [
              140.15850790000002,
              -2.372172099999943
            ],
            [
              140.1524502000001,
              -2.369962199999975
            ],
            [
              140.15197720000003,
              -2.365622
            ],
            [
              140.15566980000006,
              -2.363722099999961
            ],
            [
              140.15513570000007,
              -2.361342199999967
            ],
            [
              140.1574551000001,
              -2.357842199999936
            ],
            [
              140.15657010000007,
              -2.353382099999976
            ],
            [
              140.1549679000001,
              -2.355042199999957
            ],
            [
              140.15204540000002,
              -2.354902799999934
            ],
            [
              140.15043920000005,
              -2.35830679999998
            ],
            [
              140.15039490000004,
              -2.356744799999944
            ],
            [
              140.1478164,
              -2.357997399999931
            ],
            [
              140.1481993000001,
              -2.355934299999944
            ],
            [
              140.14650460000007,
              -2.357437399999981
            ],
            [
              140.14576780000004,
              -2.355993299999966
            ],
            [
              140.1496731000001,
              -2.351652099999967
            ],
            [
              140.1504513000001,
              -2.345942
            ],
            [
              140.1540218,
              -2.342852099999959
            ],
            [
              140.15521200000012,
              -2.338992099999928
            ],
            [
              140.1545254,
              -2.326562199999955
            ],
            [
              140.15136680000012,
              -2.32341219999995
            ],
            [
              140.1439815000001,
              -2.325492099999963
            ],
            [
              140.14297450000004,
              -2.322512099999926
            ],
            [
              140.13977010000008,
              -2.323702099999934
            ],
            [
              140.14056360000006,
              -2.329532099999938
            ],
            [
              140.14323390000004,
              -2.330542099999946
            ],
            [
              140.14799460000006,
              -2.336732099999949
            ],
            [
              140.14602620000005,
              -2.339162099999953
            ],
            [
              140.1464992000001,
              -2.340952099999924
            ],
            [
              140.14375270000005,
              -2.341362
            ],
            [
              140.14494290000005,
              -2.342492099999959
            ],
            [
              140.14292870000008,
              -2.34410209999993
            ],
            [
              140.14428670000007,
              -2.345522199999948
            ],
            [
              140.1437522000001,
              -2.348262099999943
            ],
            [
              140.13410910000005,
              -2.347302199999945
            ],
            [
              140.12239040000009,
              -2.339272
            ],
            [
              140.12055930000008,
              -2.336002099999973
            ],
            [
              140.11651570000004,
              -2.335462099999972
            ],
            [
              140.11512720000007,
              -2.336532099999943
            ],
            [
              140.11102260000007,
              -2.327095
            ],
            [
              140.11170920000006,
              -2.325412
            ],
            [
              140.11444050000011,
              -2.324662199999977
            ],
            [
              140.1157528000001,
              -2.320722099999955
            ],
            [
              140.1112362,
              -2.319212199999924
            ],
            [
              140.08819540000002,
              -2.327062099999978
            ],
            [
              140.08312950000004,
              -2.329972
            ],
            [
              140.07972680000012,
              -2.338532199999975
            ],
            [
              140.07995570000003,
              -2.34905219999996
            ],
            [
              140.06982390000007,
              -2.356302
            ],
            [
              140.05834920000007,
              -2.35968209999993
            ],
            [
              140.03525890000003,
              -2.36016989999996
            ],
            [
              140.02831690000005,
              -2.358811699999933
            ],
            [
              140.0016809000001,
              -2.360320899999977
            ],
            [
              139.99981920000005,
              -2.36220359999993
            ],
            [
              140.00116330000003,
              -2.367273399999931
            ],
            [
              140.00380560000008,
              -2.369206799999972
            ],
            [
              140.0007766000001,
              -2.371397899999977
            ],
            [
              140.00064770000006,
              -2.375715799999966
            ],
            [
              139.998521,
              -2.373460199999954
            ],
            [
              139.99368750000008,
              -2.37288019999994
            ],
            [
              139.99626540000008,
              -2.375780299999974
            ],
            [
              139.99568540000007,
              -2.379969299999971
            ],
            [
              139.99400980000007,
              -2.380227099999956
            ],
            [
              139.99400980000007,
              -2.382740499999954
            ],
            [
              139.99284970000008,
              -2.381516
            ],
            [
              139.98917630000005,
              -2.384802699999966
            ],
            [
              139.98659840000005,
              -2.391505099999961
            ],
            [
              139.98414950000006,
              -2.391827399999954
            ],
            [
              139.98485840000012,
              -2.395758599999965
            ],
            [
              139.98324720000005,
              -2.404072199999973
            ],
            [
              139.98472950000007,
              -2.409807899999976
            ],
            [
              139.98659840000005,
              -2.41071009999996
            ],
            [
              139.98518060000004,
              -2.413416899999959
            ],
            [
              139.9887252000001,
              -2.421150399999931
            ],
            [
              139.98356020000006,
              -2.429915799999947
            ],
            [
              139.7893392000001,
              -2.408230299999957
            ],
            [
              139.7466898,
              -2.402332
            ],
            [
              139.74328690000004,
              -2.404827499999953
            ],
            [
              139.69156320000002,
              -2.414355499999942
            ],
            [
              139.6160192000001,
              -2.431143
            ],
            [
              139.60830610000005,
              -2.431596799999966
            ],
            [
              139.59832430000006,
              -2.434545899999932
            ],
            [
              139.592426,
              -2.434092199999952
            ],
            [
              139.5452394,
              -2.445662
            ],
            [
              139.5372993000001,
              -2.445435099999941
            ],
            [
              139.5202849000001,
              -2.450426
            ],
            [
              139.45494970000004,
              -2.462903199999971
            ],
            [
              139.4474633000001,
              -2.465625499999931
            ],
            [
              139.44088440000007,
              -2.465625499999931
            ],
            [
              139.4227357000001,
              -2.470616399999926
            ],
            [
              139.42681920000007,
              -2.511224099999936
            ],
            [
              139.43135640000003,
              -2.536178599999971
            ],
            [
              139.43067580000002,
              -2.556822699999941
            ],
            [
              139.4322638000001,
              -2.563174699999934
            ],
            [
              139.43317120000006,
              -2.591305199999965
            ],
            [
              139.4347593000001,
              -2.593120099999965
            ],
            [
              139.43725470000004,
              -2.630098
            ],
            [
              139.4392964000001,
              -2.635769499999981
            ],
            [
              139.441112,
              -2.661631399999976
            ],
            [
              139.44269930000007,
              -2.663673099999926
            ],
            [
              139.443153,
              -2.679326299999957
            ],
            [
              139.4644777000001,
              -2.844025599999952
            ],
            [
              139.47355330000005,
              -2.931366199999957
            ],
            [
              139.47718180000004,
              -2.94838059999995
            ],
            [
              139.4799041000001,
              -2.986946499999931
            ],
            [
              139.48602930000004,
              -3.03004969999995
            ],
            [
              139.4926117000001,
              -3.09603379999993
            ],
            [
              139.49697230000004,
              -3.120097899999962
            ],
            [
              139.50111760000004,
              -3.12763469999993
            ],
            [
              139.50574740000002,
              -3.130918699999938
            ],
            [
              139.5157786000001,
              -3.132790899999975
            ],
            [
              139.51442970000005,
              -3.135135199999979
            ],
            [
              139.51064310000004,
              -3.134301099999959
            ],
            [
              139.509424,
              -3.13660079999994
            ],
            [
              139.50693880000006,
              -3.13647409999993
            ],
            [
              139.50825780000002,
              -3.139737499999967
            ],
            [
              139.50678470000003,
              -3.141822699999977
            ],
            [
              139.5031487000001,
              -3.141289
            ],
            [
              139.50228920000006,
              -3.145735299999956
            ],
            [
              139.50733920000005,
              -3.146692199999961
            ],
            [
              139.50103840000008,
              -3.150752399999931
            ],
            [
              139.50008620000006,
              -3.153873399999952
            ],
            [
              139.49834610000005,
              -3.152209699999958
            ],
            [
              139.49700610000002,
              -3.152928499999973
            ],
            [
              139.4996807000001,
              -3.155765499999973
            ],
            [
              139.49936900000012,
              -3.159838099999945
            ],
            [
              139.49728990000006,
              -3.160425399999951
            ],
            [
              139.49520370000005,
              -3.158047799999963
            ],
            [
              139.49212720000003,
              -3.158645399999955
            ],
            [
              139.4965644,
              -3.162348099999974
            ],
            [
              139.49416040000006,
              -3.163827699999956
            ],
            [
              139.49060450000002,
              -3.161116899999968
            ],
            [
              139.49000260000003,
              -3.162999699999943
            ],
            [
              139.49133890000007,
              -3.165139299999964
            ],
            [
              139.48653400000012,
              -3.165181299999972
            ],
            [
              139.48777670000004,
              -3.168043699999942
            ],
            [
              139.4869338000001,
              -3.169514899999967
            ],
            [
              139.48322940000003,
              -3.167593099999976
            ],
            [
              139.48009600000012,
              -3.168840599999953
            ],
            [
              139.47838550000006,
              -3.166974599999946
            ],
            [
              139.4770803,
              -3.168312899999933
            ],
            [
              139.47860620000006,
              -3.173015599999928
            ],
            [
              139.47583510000004,
              -3.175554899999952
            ],
            [
              139.47879090000004,
              -3.176241699999935
            ],
            [
              139.48175070000002,
              -3.174972399999945
            ],
            [
              139.48134230000005,
              -3.176931399999944
            ],
            [
              139.48281840000004,
              -3.178040299999964
            ],
            [
              139.4814619000001,
              -3.179416499999945
            ],
            [
              139.4824073000001,
              -3.18248959999994
            ],
            [
              139.4813643000001,
              -3.184302899999977
            ],
            [
              139.483269,
              -3.187247699999944
            ],
            [
              139.47595060000003,
              -3.186440299999958
            ],
            [
              139.47560190000002,
              -3.187770899999975
            ],
            [
              139.47980210000003,
              -3.188639099999932
            ],
            [
              139.48457310000003,
              -3.194541199999946
            ],
            [
              139.48050220000005,
              -3.198759
            ],
            [
              139.48237070000005,
              -3.200008
            ],
            [
              139.48552330000007,
              -3.199503299999947
            ],
            [
              139.48382730000003,
              -3.203046799999925
            ],
            [
              139.48471050000012,
              -3.20459029999995
            ],
            [
              139.4873795000001,
              -3.202270299999952
            ],
            [
              139.49012830000004,
              -3.205743199999972
            ],
            [
              139.49308650000012,
              -3.203886299999965
            ],
            [
              139.49246190000008,
              -3.20791029999998
            ],
            [
              139.48989530000006,
              -3.207815499999981
            ],
            [
              139.49079870000003,
              -3.210476399999948
            ],
            [
              139.48785240000007,
              -3.212568799999929
            ],
            [
              139.49053290000006,
              -3.217641799999967
            ],
            [
              139.48859090000008,
              -3.220021499999973
            ],
            [
              139.48719290000008,
              -3.217911299999969
            ],
            [
              139.485663,
              -3.21819679999993
            ],
            [
              139.4871985000001,
              -3.22404679999994
            ],
            [
              139.4889644000001,
              -3.223946699999942
            ],
            [
              139.48980490000008,
              -3.220446
            ],
            [
              139.4914086000001,
              -3.222390099999927
            ],
            [
              139.48853370000006,
              -3.227847899999972
            ],
            [
              139.48714010000003,
              -3.224945699999978
            ],
            [
              139.48468350000007,
              -3.224871699999937
            ],
            [
              139.48689950000005,
              -3.232101399999976
            ],
            [
              139.484973,
              -3.234377599999959
            ],
            [
              139.48676410000007,
              -3.234830199999976
            ],
            [
              139.48845430000006,
              -3.233229599999959
            ],
            [
              139.48936930000002,
              -3.235907499999939
            ],
            [
              139.49219930000004,
              -3.237537699999962
            ],
            [
              139.48719270000004,
              -3.243661399999951
            ],
            [
              139.4898611000001,
              -3.245462099999941
            ],
            [
              139.48976920000007,
              -3.246925699999963
            ],
            [
              139.48683070000004,
              -3.246377499999937
            ],
            [
              139.48623980000002,
              -3.247779499999979
            ],
            [
              139.48850990000005,
              -3.249370299999953
            ],
            [
              139.4914347,
              -3.248148199999946
            ],
            [
              139.49319050000008,
              -3.253413899999941
            ],
            [
              139.49158940000007,
              -3.254949799999963
            ],
            [
              139.49209570000005,
              -3.25680019999993
            ],
            [
              139.49327060000007,
              -3.258160299999929
            ],
            [
              139.4962614000001,
              -3.256630499999972
            ],
            [
              139.49551370000006,
              -3.259940099999938
            ],
            [
              139.49914790000003,
              -3.263622
            ],
            [
              139.499115,
              -3.264873699999953
            ],
            [
              139.496277,
              -3.265237199999945
            ],
            [
              139.49525430000006,
              -3.267658399999959
            ],
            [
              139.49597030000007,
              -3.269063899999935
            ],
            [
              139.50067120000006,
              -3.269644599999936
            ],
            [
              139.4970413000001,
              -3.271871499999975
            ],
            [
              139.49615280000012,
              -3.277694299999951
            ],
            [
              139.49687170000004,
              -3.279470199999935
            ],
            [
              139.49949320000007,
              -3.278886399999976
            ],
            [
              139.4965118,
              -3.28340929999996
            ],
            [
              139.49749880000002,
              -3.285936
            ],
            [
              139.49899140000002,
              -3.287157699999966
            ],
            [
              139.50151330000006,
              -3.286140199999977
            ],
            [
              139.4990726000001,
              -3.290064899999948
            ],
            [
              139.50407370000005,
              -3.290468799999928
            ],
            [
              139.5057604000001,
              -3.296378
            ],
            [
              139.50799540000003,
              -3.291939299999967
            ],
            [
              139.5094425000001,
              -3.293169099999943
            ],
            [
              139.50812140000005,
              -3.297869599999956
            ],
            [
              139.5043098000001,
              -3.299647199999924
            ],
            [
              139.5039365,
              -3.301882699999965
            ],
            [
              139.50559970000006,
              -3.302932699999928
            ],
            [
              139.5101645000001,
              -3.300432499999943
            ],
            [
              139.51222210000003,
              -3.302452799999969
            ],
            [
              139.5126951000001,
              -3.307103899999959
            ],
            [
              139.50702220000005,
              -3.307219599999939
            ],
            [
              139.5079191000001,
              -3.309962699999971
            ],
            [
              139.5109251,
              -3.31227709999996
            ],
            [
              139.50585910000007,
              -3.314982899999961
            ],
            [
              139.5082982,
              -3.319100499999934
            ],
            [
              139.50421210000002,
              -3.318894599999965
            ],
            [
              139.50519730000008,
              -3.323764
            ],
            [
              139.50148410000008,
              -3.322559499999954
            ],
            [
              139.50227330000007,
              -3.32613379999998
            ],
            [
              139.50049080000008,
              -3.330201099999954
            ],
            [
              139.496063,
              -3.330662699999948
            ],
            [
              139.4989164000001,
              -3.334662899999955
            ],
            [
              139.4959318000001,
              -3.336123699999973
            ],
            [
              139.4959285000001,
              -3.340028199999949
            ],
            [
              139.49423950000005,
              -3.340919299999939
            ],
            [
              139.4965701000001,
              -3.34230169999995
            ],
            [
              139.49714870000003,
              -3.346134199999938
            ],
            [
              139.49311000000012,
              -3.348283199999969
            ],
            [
              139.4961393000001,
              -3.350891099999956
            ],
            [
              139.4938823000001,
              -3.352994099999933
            ],
            [
              139.496063,
              -3.358096599999953
            ],
            [
              139.49371310000004,
              -3.360313699999949
            ],
            [
              139.4950007000001,
              -3.362702799999965
            ],
            [
              139.49216450000006,
              -3.362186599999973
            ],
            [
              139.490536,
              -3.367281
            ],
            [
              139.49577310000006,
              -3.36664159999998
            ],
            [
              139.49533410000004,
              -3.36837509999998
            ],
            [
              139.48567480000008,
              -3.370911199999966
            ],
            [
              139.49027920000003,
              -3.377738299999976
            ],
            [
              139.48631910000006,
              -3.37553029999998
            ],
            [
              139.48471640000002,
              -3.378648399999975
            ],
            [
              139.48229420000007,
              -3.379658799999959
            ],
            [
              139.48243890000003,
              -3.387615799999935
            ],
            [
              139.47875610000006,
              -3.386685199999931
            ],
            [
              139.47720960000004,
              -3.391308599999945
            ],
            [
              139.47529210000005,
              -3.392499499999929
            ],
            [
              139.4772415000001,
              -3.398712299999943
            ],
            [
              139.47508170000003,
              -3.39923779999998
            ],
            [
              139.47218750000002,
              -3.396677
            ],
            [
              139.4696877,
              -3.39881859999997
            ],
            [
              139.4718696000001,
              -3.404641799999979
            ],
            [
              139.4768299000001,
              -3.405454099999929
            ],
            [
              139.47607620000008,
              -3.407022199999972
            ],
            [
              139.47043710000003,
              -3.406657299999949
            ],
            [
              139.4761879,
              -3.411330699999951
            ],
            [
              139.47374620000005,
              -3.414598699999942
            ],
            [
              139.4665579000001,
              -3.413622
            ],
            [
              139.4627848,
              -3.415890199999978
            ],
            [
              139.4620007000001,
              -3.419565399999954
            ],
            [
              139.46645580000006,
              -3.417722899999944
            ],
            [
              139.46774370000003,
              -3.421125199999949
            ],
            [
              139.4546656000001,
              -3.41909759999993
            ],
            [
              139.45406120000007,
              -3.420244199999956
            ],
            [
              139.45601460000012,
              -3.422835099999929
            ],
            [
              139.45103340000003,
              -3.424082899999974
            ],
            [
              139.44932930000004,
              -3.421362899999963
            ],
            [
              139.4478124000001,
              -3.426051
            ],
            [
              139.44340490000002,
              -3.428904399999965
            ],
            [
              139.44464950000008,
              -3.433057399999939
            ],
            [
              139.44086830000003,
              -3.437606799999969
            ],
            [
              139.4451216000001,
              -3.438317699999971
            ],
            [
              139.44636260000004,
              -3.441703299999972
            ],
            [
              139.45231610000008,
              -3.443112099999951
            ],
            [
              139.4518021,
              -3.445464299999969
            ],
            [
              139.4493599000001,
              -3.443813099999943
            ],
            [
              139.44804240000008,
              -3.445858299999941
            ],
            [
              139.45017380000002,
              -3.44799729999994
            ],
            [
              139.45427340000003,
              -3.446360099999936
            ],
            [
              139.45672810000008,
              -3.450716099999966
            ],
            [
              139.4531253,
              -3.45187489999995
            ],
            [
              139.45383730000003,
              -3.454863199999977
            ],
            [
              139.45607990000008,
              -3.454356599999926
            ],
            [
              139.45936830000005,
              -3.448509199999933
            ],
            [
              139.4626005,
              -3.453010899999981
            ],
            [
              139.45988450000004,
              -3.454912599999943
            ],
            [
              139.46134690000008,
              -3.458425499999976
            ],
            [
              139.47017710000011,
              -3.456355799999926
            ],
            [
              139.47632470000008,
              -3.458265
            ],
            [
              139.4871346000001,
              -3.475507899999968
            ],
            [
              139.4871052000001,
              -3.479527399999938
            ],
            [
              139.48487240000009,
              -3.482580499999926
            ],
            [
              139.48157220000007,
              -3.485705399999972
            ],
            [
              139.47140830000012,
              -3.489091899999949
            ],
            [
              139.46700620000001,
              -3.494876399999953
            ],
            [
              139.46694910000008,
              -3.498409799999934
            ],
            [
              139.4725555000001,
              -3.516995399999928
            ],
            [
              139.47429870000008,
              -3.518879199999958
            ],
            [
              139.47701010000003,
              -3.519612
            ],
            [
              139.48149710000007,
              -3.51773739999993
            ],
            [
              139.48414580000008,
              -3.514888099999951
            ],
            [
              139.484099,
              -3.510174
            ],
            [
              139.4812657000001,
              -3.501632799999925
            ],
            [
              139.48260570000002,
              -3.497022799999968
            ],
            [
              139.48690310000006,
              -3.491117199999962
            ],
            [
              139.49536610000007,
              -3.487542499999961
            ],
            [
              139.50139450000006,
              -3.4897
            ],
            [
              139.50469880000003,
              -3.493856199999925
            ],
            [
              139.5055811000001,
              -3.50080689999993
            ],
            [
              139.5026160000001,
              -3.51171439999996
            ],
            [
              139.50307070000008,
              -3.515600399999926
            ],
            [
              139.50588070000003,
              -3.518882699999949
            ],
            [
              139.530102,
              -3.527552799999967
            ],
            [
              139.53645240000003,
              -3.533293799999967
            ],
            [
              139.54481350000003,
              -3.537047499999971
            ],
            [
              139.55110890000003,
              -3.536887199999967
            ],
            [
              139.56119320000005,
              -3.532581099999959
            ],
            [
              139.57752860000005,
              -3.510001199999977
            ],
            [
              139.58362320000003,
              -3.504281699999979
            ],
            [
              139.59675590000006,
              -3.497443
            ],
            [
              139.6019831000001,
              -3.496446899999967
            ],
            [
              139.60846350000008,
              -3.498018799999954
            ],
            [
              139.61200530000008,
              -3.501936099999966
            ],
            [
              139.6150510000001,
              -3.508390099999929
            ],
            [
              139.6132070000001,
              -3.514040799999975
            ],
            [
              139.6088635000001,
              -3.518017599999951
            ],
            [
              139.59403780000002,
              -3.523460599999964
            ],
            [
              139.58829580000008,
              -3.527125399999932
            ],
            [
              139.58548640000004,
              -3.532526099999927
            ],
            [
              139.5865874000001,
              -3.538562499999955
            ],
            [
              139.59056420000002,
              -3.545738599999936
            ],
            [
              139.59578650000003,
              -3.550064899999938
            ],
            [
              139.6106751000001,
              -3.545030099999963
            ],
            [
              139.61668020000002,
              -3.551443799999959
            ],
            [
              139.62521880000008,
              -3.554874
            ],
            [
              139.63174830000003,
              -3.553825
            ],
            [
              139.63905570000009,
              -3.547937299999944
            ],
            [
              139.64477510000006,
              -3.536949899999968
            ],
            [
              139.6526841000001,
              -3.528692699999965
            ],
            [
              139.6605287000001,
              -3.527585099999953
            ],
            [
              139.66565140000012,
              -3.53531339999995
            ],
            [
              139.66651830000012,
              -3.547065099999941
            ],
            [
              139.67382830000008,
              -3.554167
            ],
            [
              139.68194460000007,
              -3.549428099999943
            ],
            [
              139.6746604000001,
              -3.535292599999934
            ],
            [
              139.67605980000008,
              -3.529132199999935
            ],
            [
              139.68252530000007,
              -3.526739299999974
            ],
            [
              139.68756830000007,
              -3.528909399999975
            ],
            [
              139.69794230000002,
              -3.540449899999942
            ],
            [
              139.70317740000007,
              -3.541128599999979
            ],
            [
              139.70712660000004,
              -3.535782199999971
            ],
            [
              139.70893980000005,
              -3.528344899999979
            ],
            [
              139.7130492000001,
              -3.522311299999956
            ],
            [
              139.71772420000002,
              -3.520607499999926
            ],
            [
              139.7231448000001,
              -3.525005699999952
            ],
            [
              139.72590950000006,
              -3.539302599999928
            ],
            [
              139.7316373000001,
              -3.545299799999952
            ],
            [
              139.74201660000006,
              -3.54008349999998
            ],
            [
              139.74552890000007,
              -3.545693699999958
            ],
            [
              139.738854,
              -3.550455099999965
            ],
            [
              139.7504364,
              -3.553713099999925
            ],
            [
              139.75367030000007,
              -3.556597899999929
            ],
            [
              139.75234710000007,
              -3.567279499999927
            ],
            [
              139.76023840000005,
              -3.56055
            ],
            [
              139.76565950000008,
              -3.558190099999933
            ],
            [
              139.77184080000006,
              -3.561973299999977
            ],
            [
              139.78467850000004,
              -3.566641199999935
            ],
            [
              139.80403020000006,
              -3.56449559999993
            ],
            [
              139.8073141000001,
              -3.567409699999928
            ],
            [
              139.8057487000001,
              -3.575386899999955
            ],
            [
              139.80028620000007,
              -3.580327199999942
            ],
            [
              139.8014608000001,
              -3.584379599999977
            ],
            [
              139.8090393000001,
              -3.584526099999948
            ],
            [
              139.8149102000001,
              -3.57851549999998
            ],
            [
              139.82245450000005,
              -3.575824799999964
            ],
            [
              139.8304134000001,
              -3.578339799999981
            ],
            [
              139.83585790000006,
              -3.58482719999995
            ],
            [
              139.84482350000008,
              -3.588819399999977
            ],
            [
              139.85533110000006,
              -3.583049299999971
            ],
            [
              139.86231490000011,
              -3.583077299999957
            ],
            [
              139.8696992,
              -3.589320399999963
            ],
            [
              139.872756,
              -3.595392199999935
            ],
            [
              139.88232240000002,
              -3.606059799999969
            ],
            [
              139.88918090000004,
              -3.620067499999948
            ],
            [
              139.8906981,
              -3.621349799999962
            ],
            [
              139.89385430000004,
              -3.620540499999947
            ],
            [
              139.901516,
              -3.616133199999979
            ],
            [
              139.906959,
              -3.616251499999976
            ],
            [
              139.9173237000001,
              -3.623991699999976
            ],
            [
              139.92501540000012,
              -3.624400399999956
            ],
            [
              139.9385569000001,
              -3.619868099999962
            ],
            [
              139.93876330000012,
              -3.615809
            ],
            [
              139.94519470000012,
              -3.612949899999933
            ],
            [
              139.9568306000001,
              -3.61137309999998
            ],
            [
              139.96110720000001,
              -3.609206499999971
            ],
            [
              139.9651523000001,
              -3.610039099999938
            ],
            [
              139.97036320000007,
              -3.613348499999972
            ],
            [
              139.971302,
              -3.620643299999927
            ],
            [
              139.9665636000001,
              -3.62222909999997
            ],
            [
              139.96411540000008,
              -3.624668299999939
            ],
            [
              139.95917040000006,
              -3.631550399999981
            ],
            [
              139.95807560000003,
              -3.639019599999926
            ],
            [
              139.96111580000002,
              -3.641703799999959
            ],
            [
              139.9666129000001,
              -3.640157
            ],
            [
              139.97091390000003,
              -3.641180799999972
            ],
            [
              139.97808640000005,
              -3.651848899999948
            ],
            [
              139.98296630000004,
              -3.656066799999962
            ],
            [
              139.99057630000004,
              -3.657276
            ],
            [
              139.999399,
              -3.65257459999998
            ],
            [
              140.00379340000006,
              -3.651700499999947
            ],
            [
              140.00588860000005,
              -3.649563899999976
            ],
            [
              140.00904850000006,
              -3.639903699999934
            ],
            [
              140.01642990000005,
              -3.638427
            ],
            [
              140.0191952,
              -3.636107
            ],
            [
              140.02555790000008,
              -3.63948739999995
            ],
            [
              140.0268651,
              -3.642013599999927
            ],
            [
              140.03404210000008,
              -3.647664
            ],
            [
              140.0315064,
              -3.653670499999976
            ],
            [
              140.03290390000006,
              -3.659631499999932
            ],
            [
              140.04109160000007,
              -3.670786799999973
            ],
            [
              140.04341340000008,
              -3.671686899999941
            ],
            [
              140.04444640000008,
              -3.668026899999973
            ],
            [
              140.04963820000012,
              -3.66592739999993
            ],
            [
              140.05669910000006,
              -3.655176
            ],
            [
              140.06554270000004,
              -3.648264599999948
            ],
            [
              140.07260320000012,
              -3.657441799999958
            ],
            [
              140.07568320000007,
              -3.657666899999981
            ],
            [
              140.0749101,
              -3.664494299999944
            ],
            [
              140.07618090000005,
              -3.670450899999935
            ],
            [
              140.0826171000001,
              -3.674666199999933
            ],
            [
              140.0880307000001,
              -3.682243
            ],
            [
              140.09193060000007,
              -3.682350799999938
            ],
            [
              140.0960232000001,
              -3.678376899999932
            ],
            [
              140.09561830000007,
              -3.676797499999964
            ],
            [
              140.09766680000007,
              -3.676526799999976
            ],
            [
              140.10247090000007,
              -3.680586299999959
            ],
            [
              140.11751630000003,
              -3.683110699999929
            ],
            [
              140.1181702,
              -3.687345899999968
            ],
            [
              140.12229700000012,
              -3.692175899999938
            ],
            [
              140.12717220000002,
              -3.695361299999945
            ],
            [
              140.1342998,
              -3.69579
            ],
            [
              140.14471070000002,
              -3.694804399999953
            ],
            [
              140.15428610000004,
              -3.695916099999977
            ],
            [
              140.158965,
              -3.699369099999956
            ],
            [
              140.16065590000005,
              -3.705704199999957
            ],
            [
              140.16335750000007,
              -3.706997699999931
            ],
            [
              140.20712130000004,
              -3.712467499999946
            ],
            [
              140.24689590000003,
              -3.721306299999981
            ],
            [
              140.31521850000001,
              -3.739467499999932
            ],
            [
              140.32321850000005,
              -3.744867499999941
            ],
            [
              140.32411850000005,
              -3.747567499999946
            ],
            [
              140.31911850000006,
              -3.750767499999938
            ],
            [
              140.3203185000001,
              -3.753067499999929
            ],
            [
              140.32641850000005,
              -3.752467499999966
            ],
            [
              140.3284185000001,
              -3.750567499999931
            ],
            [
              140.32921850000002,
              -3.746767499999976
            ],
            [
              140.3312185000001,
              -3.745967499999949
            ],
            [
              140.3334185000001,
              -3.747267499999964
            ],
            [
              140.34581850000006,
              -3.744967499999973
            ],
            [
              140.34771850000004,
              -3.741367499999967
            ],
            [
              140.35211850000007,
              -3.738267499999949
            ],
            [
              140.36351850000005,
              -3.744067499999971
            ],
            [
              140.3697185000001,
              -3.742867499999932
            ],
            [
              140.3724185000001,
              -3.744267499999978
            ],
            [
              140.3751185000001,
              -3.743667499999958
            ],
            [
              140.38186650000011,
              -3.737325799999951
            ],
            [
              140.38368570000011,
              -3.736219499999947
            ],
            [
              140.3845947000001,
              -3.736090199999978
            ],
            [
              140.38487120000002,
              -3.732369299999959
            ],
            [
              140.38748160000011,
              -3.729639499999962
            ],
            [
              140.38578680000012,
              -3.720419
            ],
            [
              140.3742218000001,
              -3.715972
            ],
            [
              140.37592530000006,
              -3.712786299999948
            ],
            [
              140.37184550000006,
              -3.708458299999961
            ],
            [
              140.37036960000012,
              -3.710619799999961
            ],
            [
              140.36186080000004,
              -3.708645699999977
            ],
            [
              140.3601271000001,
              -3.710685299999966
            ],
            [
              140.3579429,
              -3.71075929999995
            ],
            [
              140.3635971000001,
              -3.704002399999979
            ],
            [
              140.36329720000003,
              -3.702112599999964
            ],
            [
              140.35945760000004,
              -3.700069
            ],
            [
              140.35885670000005,
              -3.697725399999968
            ],
            [
              140.36036500000012,
              -3.694929799999954
            ],
            [
              140.3656387000001,
              -3.692666
            ],
            [
              140.36541940000006,
              -3.683293099999958
            ],
            [
              140.35623060000012,
              -3.684042399999953
            ],
            [
              140.35479570000007,
              -3.68955909999994
            ],
            [
              140.3487676000001,
              -3.693560799999943
            ],
            [
              140.34206820000009,
              -3.688642699999946
            ],
            [
              140.34282330000008,
              -3.6874
            ],
            [
              140.34967770000003,
              -3.686195599999962
            ],
            [
              140.35171260000004,
              -3.684231899999929
            ],
            [
              140.35103860000004,
              -3.678940399999931
            ],
            [
              140.34697610000012,
              -3.672890499999937
            ],
            [
              140.34690310000008,
              -3.669715899999971
            ],
            [
              140.34938870000008,
              -3.66926419999993
            ],
            [
              140.3562405,
              -3.671612299999936
            ],
            [
              140.36046040000008,
              -3.668214
            ],
            [
              140.3660344000001,
              -3.666933
            ],
            [
              140.36364530000003,
              -3.662042099999951
            ],
            [
              140.36439960000007,
              -3.660304099999962
            ],
            [
              140.36748770000008,
              -3.659777199999951
            ],
            [
              140.36951890000012,
              -3.66302879999995
            ],
            [
              140.37238030000003,
              -3.663635499999941
            ],
            [
              140.3775041,
              -3.659859799999936
            ],
            [
              140.3742688000001,
              -3.655398
            ],
            [
              140.37517910000008,
              -3.649460899999951
            ],
            [
              140.37819390000004,
              -3.645986
            ],
            [
              140.38821430000007,
              -3.639946
            ],
            [
              140.39017880000006,
              -3.630916299999967
            ],
            [
              140.39695660000007,
              -3.630996499999981
            ],
            [
              140.39455140000007,
              -3.62388969999995
            ],
            [
              140.38898050000012,
              -3.621013699999935
            ],
            [
              140.3867259000001,
              -3.613982599999929
            ],
            [
              140.3813053,
              -3.605391899999972
            ],
            [
              140.38417,
              -3.600934199999926
            ],
            [
              140.38899020000008,
              -3.600030499999946
            ],
            [
              140.38936750000005,
              -3.598896899999943
            ],
            [
              140.38470040000004,
              -3.591069299999958
            ],
            [
              140.3775498000001,
              -3.585924599999942
            ],
            [
              140.37589580000008,
              -3.581917399999952
            ],
            [
              140.377103,
              -3.578441199999929
            ],
            [
              140.3789832000001,
              -3.582146299999977
            ],
            [
              140.38101660000007,
              -3.581845299999941
            ],
            [
              140.3823006,
              -3.57198139999997
            ],
            [
              140.37996670000007,
              -3.57122389999995
            ],
            [
              140.37620040000002,
              -3.572884299999942
            ],
            [
              140.374094,
              -3.569632599999977
            ],
            [
              140.38019450000002,
              -3.568351799999959
            ],
            [
              140.37756170000011,
              -3.564117199999941
            ],
            [
              140.385548,
              -3.558
            ],
            [
              140.38592240000003,
              -3.554481399999929
            ],
            [
              140.37877,
              -3.552511299999935
            ],
            [
              140.37997990000008,
              -3.54487789999996
            ],
            [
              140.3725985000001,
              -3.547518399999944
            ],
            [
              140.37207280000007,
              -3.545477199999937
            ],
            [
              140.3739567,
              -3.54343769999997
            ],
            [
              140.3721521000001,
              -3.539430399999958
            ],
            [
              140.37034460000007,
              -3.539807099999962
            ],
            [
              140.36936430000003,
              -3.54184719999995
            ],
            [
              140.36808470000005,
              -3.541166099999941
            ],
            [
              140.36500650000005,
              -3.532423699999924
            ],
            [
              140.36222280000004,
              -3.528944799999977
            ],
            [
              140.3625257000001,
              -3.526375099999939
            ],
            [
              140.36456010000006,
              -3.524486799999977
            ],
            [
              140.36899730000005,
              -3.53265319999997
            ],
            [
              140.3726861,
              -3.534091799999942
            ],
            [
              140.37449390000006,
              -3.533337199999949
            ],
            [
              140.3688532000001,
              -3.523053599999969
            ],
            [
              140.37239290000002,
              -3.522224599999959
            ],
            [
              140.37540410000008,
              -3.523436
            ],
            [
              140.37925040000005,
              -3.514443699999958
            ],
            [
              140.37729400000012,
              -3.512326
            ],
            [
              140.3748091000001,
              -3.512324299999932
            ],
            [
              140.3760089000001,
              -3.519808199999943
            ],
            [
              140.3742761000001,
              -3.521167599999956
            ],
            [
              140.37111290000007,
              -3.514405499999953
            ],
            [
              140.3641093000001,
              -3.515458899999942
            ],
            [
              140.3632864000001,
              -3.50752179999995
            ],
            [
              140.36569610000004,
              -3.507372299999929
            ],
            [
              140.3697598000001,
              -3.510927599999945
            ],
            [
              140.371342,
              -3.509568099999967
            ],
            [
              140.3702145000001,
              -3.506619499999942
            ],
            [
              140.37081970000008,
              -3.502387
            ],
            [
              140.3671846000001,
              -3.497826399999951
            ],
            [
              140.36620830000004,
              -3.49389519999994
            ],
            [
              140.35536320000006,
              -3.497138
            ],
            [
              140.352424,
              -3.500915299999974
            ],
            [
              140.35069190000002,
              -3.501216399999976
            ],
            [
              140.35340960000008,
              -3.491089699999975
            ],
            [
              140.35100010000008,
              -3.491088099999956
            ],
            [
              140.34708210000008,
              -3.494713499999932
            ],
            [
              140.34437160000004,
              -3.494484799999952
            ],
            [
              140.34361940000008,
              -3.49327489999996
            ],
            [
              140.3452433000001,
              -3.490496899999926
            ],
            [
              140.3372396000001,
              -3.486807599999963
            ],
            [
              140.3385105000001,
              -3.48212019999994
            ],
            [
              140.3441812000001,
              -3.48266
            ],
            [
              140.34638970000003,
              -3.477943499999981
            ],
            [
              140.35473260000003,
              -3.47339489999996
            ],
            [
              140.35473620000005,
              -3.468036899999959
            ],
            [
              140.36141,
              -3.465161499999965
            ],
            [
              140.3632189000001,
              -3.455948599999942
            ],
            [
              140.366423,
              -3.453472599999941
            ],
            [
              140.367564,
              -3.443226099999947
            ],
            [
              140.36229680000008,
              -3.432337199999949
            ],
            [
              140.36163680000004,
              -3.41795819999993
            ],
            [
              140.35896900000012,
              -3.416750799999932
            ],
            [
              140.35442970000008,
              -3.420766299999968
            ],
            [
              140.34936090000008,
              -3.418619599999943
            ],
            [
              140.35036420000006,
              -3.414668799999959
            ],
            [
              140.35616720000007,
              -3.416481
            ],
            [
              140.3570387000001,
              -3.410118899999929
            ],
            [
              140.3557065000001,
              -3.406480099999953
            ],
            [
              140.353173,
              -3.404134299999953
            ],
            [
              140.349104,
              -3.403260799999941
            ],
            [
              140.34837130000005,
              -3.401652899999931
            ],
            [
              140.34937270000012,
              -3.400515
            ],
            [
              140.35651080000002,
              -3.400921699999969
            ],
            [
              140.3566459000001,
              -3.39830969999997
            ],
            [
              140.3526435000001,
              -3.397704199999964
            ],
            [
              140.35278130000006,
              -3.395852199999979
            ],
            [
              140.35545150000007,
              -3.393375899999967
            ],
            [
              140.36005550000004,
              -3.392106399999932
            ],
            [
              140.3589929000001,
              -3.384805299999925
            ],
            [
              140.35352020000005,
              -3.388284399999975
            ],
            [
              140.35018790000004,
              -3.383326
            ],
            [
              140.350256,
              -3.381316799999979
            ],
            [
              140.3542605,
              -3.378573499999959
            ],
            [
              140.3599964000001,
              -3.380586499999936
            ],
            [
              140.36159480000003,
              -3.384606099999928
            ],
            [
              140.363129,
              -3.385009
            ],
            [
              140.370609,
              -3.374071799999967
            ],
            [
              140.37067940000009,
              -3.368312
            ],
            [
              140.36781150000002,
              -3.367372399999965
            ],
            [
              140.36360660000003,
              -3.37058449999995
            ],
            [
              140.36133990000008,
              -3.366197099999965
            ],
            [
              140.3616091,
              -3.362580599999944
            ],
            [
              140.36768010000003,
              -3.362048699999946
            ],
            [
              140.36467990000006,
              -3.35923379999997
            ],
            [
              140.36428380000007,
              -3.352803899999969
            ],
            [
              140.3593459000001,
              -3.354876899999965
            ],
            [
              140.3580747000001,
              -3.360569
            ],
            [
              140.35540770000011,
              -3.358357
            ],
            [
              140.34379930000011,
              -3.359554799999955
            ],
            [
              140.34693730000004,
              -3.355605399999945
            ],
            [
              140.34240420000003,
              -3.350914
            ],
            [
              140.35068090000004,
              -3.34815969999994
            ],
            [
              140.35200670000006,
              -3.343579
            ],
            [
              140.35101830000008,
              -3.337934399999938
            ],
            [
              140.3488357000001,
              -3.338264899999956
            ],
            [
              140.3462535000001,
              -3.342712
            ],
            [
              140.34182280000005,
              -3.342111399999965
            ],
            [
              140.34261930000002,
              -3.337796
            ],
            [
              140.34613170000011,
              -3.336184399999979
            ],
            [
              140.34407910000004,
              -3.33091909999996
            ],
            [
              140.33883260000005,
              -3.33628269999997
            ],
            [
              140.33153370000002,
              -3.33617449999997
            ],
            [
              140.32804210000006,
              -3.330701799999929
            ],
            [
              140.32427540000003,
              -3.328692799999942
            ],
            [
              140.3233643000001,
              -3.324307699999963
            ],
            [
              140.32489040000007,
              -3.320230199999969
            ],
            [
              140.32285930000012,
              -3.320228799999938
            ],
            [
              140.31886010000005,
              -3.323573499999952
            ],
            [
              140.3101269000001,
              -3.322649699999943
            ],
            [
              140.31429470000012,
              -3.316840699999943
            ],
            [
              140.30897090000008,
              -3.314157499999965
            ],
            [
              140.30600830000003,
              -3.308077699999956
            ],
            [
              140.30744040000002,
              -3.304641099999969
            ],
            [
              140.31341580000003,
              -3.30317969999993
            ],
            [
              140.31702840000003,
              -3.298876199999938
            ],
            [
              140.31660210000007,
              -3.292588599999931
            ],
            [
              140.32014790000005,
              -3.286240499999963
            ],
            [
              140.324225,
              -3.273741199999961
            ],
            [
              140.32030380000003,
              -3.260304599999927
            ],
            [
              140.32234670000003,
              -3.25391929999995
            ],
            [
              140.32813270000008,
              -3.249580899999955
            ],
            [
              140.33185020000008,
              -3.243540399999972
            ],
            [
              140.33386980000012,
              -3.234359599999948
            ],
            [
              140.33285280000007,
              -3.221286899999939
            ],
            [
              140.33576470000003,
              -3.217009799999971
            ],
            [
              140.33510520000004,
              -3.212893299999962
            ],
            [
              140.33748350000008,
              -3.209077199999967
            ],
            [
              140.3336505000001,
              -3.202136099999962
            ],
            [
              140.32962190000012,
              -3.204196099999933
            ],
            [
              140.32521010000005,
              -3.202646199999947
            ],
            [
              140.32192320000001,
              -3.195180799999946
            ],
            [
              140.3185281000001,
              -3.193676799999935
            ],
            [
              140.32065540000008,
              -3.190358199999935
            ],
            [
              140.3203621,
              -3.188177799999949
            ],
            [
              140.32348690000003,
              -3.186596799999961
            ],
            [
              140.3228858000001,
              -3.184551899999974
            ],
            [
              140.32566780000002,
              -3.177036099999953
            ],
            [
              140.3312274000001,
              -3.177112199999954
            ],
            [
              140.3358555000001,
              -3.174555
            ],
            [
              140.33783590000007,
              -3.177930599999968
            ],
            [
              140.34202470000002,
              -3.176666799999964
            ],
            [
              140.35473760000002,
              -3.166280499999971
            ],
            [
              140.35715340000002,
              -3.166471899999976
            ],
            [
              140.36309540000002,
              -3.163001799999961
            ],
            [
              140.36783720000005,
              -3.156988799999965
            ],
            [
              140.36634490000006,
              -3.15365879999996
            ],
            [
              140.36751130000005,
              -3.151235
            ],
            [
              140.36146080000003,
              -3.142682399999956
            ],
            [
              140.35995230000003,
              -3.131581399999959
            ],
            [
              140.35679390000007,
              -3.125699299999951
            ],
            [
              140.3637778000001,
              -3.0
            ],
            [
              140.3602863000001,
              -2.804857399999946
            ],
            [
              140.3878826,
              -2.770296899999948
            ],
            [
              140.43777420000004,
              -2.77587479999994
            ],
            [
              140.44665480000003,
              -2.779611599999953
            ],
            [
              140.4481654000001,
              -2.774825599999929
            ],
            [
              140.44482370000003,
              -2.77456849999993
            ],
            [
              140.44647170000007,
              -2.769990199999938
            ],
            [
              140.45120190000011,
              -2.769830199999944
            ],
            [
              140.46069290000003,
              -2.761344399999928
            ],
            [
              140.4648585000001,
              -2.760872599999971
            ],
            [
              140.46490430000006,
              -2.75915619999995
            ],
            [
              140.46266130000004,
              -2.758690099999967
            ],
            [
              140.46333270000002,
              -2.757181599999967
            ],
            [
              140.46861220000005,
              -2.759048899999925
            ],
            [
              140.46928360000004,
              -2.755303799999979
            ],
            [
              140.466476,
              -2.754318199999943
            ],
            [
              140.46873430000005,
              -2.752095899999972
            ],
            [
              140.47615,
              -2.75399729999998
            ],
            [
              140.476562,
              -2.750876399999925
            ],
            [
              140.4868464000001,
              -2.75294759999997
            ],
            [
              140.48857070000008,
              -2.752165399999967
            ],
            [
              140.49026440000011,
              -2.754764799999975
            ],
            [
              140.4929042000001,
              -2.755542699999978
            ],
            [
              140.49275160000002,
              -2.758403299999941
            ],
            [
              140.49732920000008,
              -2.757255099999952
            ],
            [
              140.49441480000007,
              -2.76188609999997
            ],
            [
              140.49789380000004,
              -2.761935
            ],
            [
              140.4976954000001,
              -2.764535699999954
            ],
            [
              140.5011287000001,
              -2.765104799999961
            ],
            [
              140.5014338000001,
              -2.766768699999943
            ],
            [
              140.49851940000008,
              -2.766719299999977
            ],
            [
              140.49829050000005,
              -2.767811499999937
            ],
            [
              140.5021968000001,
              -2.773321099999976
            ],
            [
              140.50572160000002,
              -2.771491
            ],
            [
              140.50701860000004,
              -2.776184499999943
            ],
            [
              140.50915480000003,
              -2.774933099999942
            ],
            [
              140.510757,
              -2.775883699999952
            ],
            [
              140.51165720000006,
              -2.772729399999946
            ],
            [
              140.5133204000001,
              -2.77302549999996
            ],
            [
              140.5136103000001,
              -2.775643099999968
            ],
            [
              140.518722,
              -2.771414
            ],
            [
              140.52032420000012,
              -2.772245599999962
            ],
            [
              140.51986640000007,
              -2.774328499999967
            ],
            [
              140.52210950000006,
              -2.772720099999958
            ],
            [
              140.52412360000005,
              -2.773789399999941
            ],
            [
              140.52407790000007,
              -2.77563379999998
            ],
            [
              140.52740430000006,
              -2.773845899999969
            ],
            [
              140.5264582000001,
              -2.776940599999932
            ],
            [
              140.52490180000007,
              -2.776584899999932
            ],
            [
              140.52450510000006,
              -2.779679299999941
            ],
            [
              140.52752640000006,
              -2.779557699999941
            ],
            [
              140.52687020000008,
              -2.777713799999958
            ],
            [
              140.52847240000006,
              -2.776165499999934
            ],
            [
              140.53091380000012,
              -2.779078499999969
            ],
            [
              140.53233290000003,
              -2.776042899999936
            ],
            [
              140.5340724,
              -2.776279399999964
            ],
            [
              140.53388930000006,
              -2.777885899999944
            ],
            [
              140.5363307,
              -2.777348299999971
            ],
            [
              140.5347743000001,
              -2.775445899999966
            ],
            [
              140.53643750000003,
              -2.774254299999939
            ],
            [
              140.53507950000005,
              -2.772946599999955
            ],
            [
              140.53573560000007,
              -2.771874899999943
            ],
            [
              140.5375514000001,
              -2.773003799999969
            ],
            [
              140.5391383000001,
              -2.771693499999969
            ],
            [
              140.53921460000004,
              -2.77365709999998
            ],
            [
              140.54168650000008,
              -2.773595099999966
            ],
            [
              140.54531810000003,
              -2.771152499999971
            ],
            [
              140.5466914000001,
              -2.771686799999941
            ],
            [
              140.54650830000003,
              -2.773174499999925
            ],
            [
              140.5486598000001,
              -2.772220399999981
            ],
            [
              140.55055190000007,
              -2.77447989999996
            ],
            [
              140.55097910000006,
              -2.771385399999929
            ],
            [
              140.5488276000001,
              -2.769959399999948
            ],
            [
              140.55276440000011,
              -2.769836899999973
            ],
            [
              140.5497279000001,
              -2.768530599999963
            ],
            [
              140.5506739000001,
              -2.767280599999935
            ],
            [
              140.55508370000007,
              -2.767990599999962
            ],
            [
              140.5562586000001,
              -2.765550099999928
            ],
            [
              140.55868480000004,
              -2.765964299999951
            ],
            [
              140.5587458000001,
              -2.768820299999959
            ],
            [
              140.56103460000008,
              -2.76893709999996
            ],
            [
              140.561584,
              -2.771375899999953
            ],
            [
              140.563415,
              -2.76982739999994
            ],
            [
              140.5627131000001,
              -2.767745699999978
            ],
            [
              140.5652613000001,
              -2.767267499999946
            ],
            [
              140.56513930000006,
              -2.766196499999978
            ],
            [
              140.56169080000006,
              -2.766913599999953
            ],
            [
              140.56306410000002,
              -2.764651499999957
            ],
            [
              140.562469,
              -2.762985899999933
            ],
            [
              140.56372020000003,
              -2.762508899999943
            ],
            [
              140.56591750000007,
              -2.764886799999942
            ],
            [
              140.56692450000003,
              -2.763101099999972
            ],
            [
              140.5652613000001,
              -2.762626599999976
            ],
            [
              140.56692450000003,
              -2.760602199999937
            ],
            [
              140.568542,
              -2.763278199999945
            ],
            [
              140.57115120000003,
              -2.76393029999997
            ],
            [
              140.568542,
              -2.761909699999933
            ],
            [
              140.571136,
              -2.760420099999976
            ],
            [
              140.57257030000005,
              -2.761608799999976
            ],
            [
              140.5740809,
              -2.758561099999952
            ],
            [
              140.5752711,
              -2.759940399999948
            ],
            [
              140.57498120000002,
              -2.763795799999968
            ],
            [
              140.57664440000008,
              -2.762747299999944
            ],
            [
              140.57540840000001,
              -2.761368299999958
            ],
            [
              140.5763545000001,
              -2.760272699999973
            ],
            [
              140.5793910000001,
              -2.762126199999955
            ],
            [
              140.58343450000007,
              -2.758505099999979
            ],
            [
              140.58637950000002,
              -2.760168499999963
            ],
            [
              140.58613530000002,
              -2.76212
            ],
            [
              140.58752390000006,
              -2.762594899999954
            ],
            [
              140.58666940000012,
              -2.763643
            ],
            [
              140.5882868000001,
              -2.763212899999928
            ],
            [
              140.5886683000001,
              -2.764926199999934
            ],
            [
              140.590713,
              -2.763877399999956
            ],
            [
              140.5913081000001,
              -2.761068299999977
            ],
            [
              140.59326120000003,
              -2.761352299999942
            ],
            [
              140.5912776,
              -2.763543399999946
            ],
            [
              140.5942378000001,
              -2.765254499999969
            ],
            [
              140.59454290000008,
              -2.770585299999937
            ],
            [
              140.60176030000002,
              -2.770102699999939
            ],
            [
              140.6044459000001,
              -2.772480199999961
            ],
            [
              140.60630750000007,
              -2.772335799999951
            ],
            [
              140.606399,
              -2.773906499999953
            ],
            [
              140.6094965000001,
              -2.773760799999934
            ],
            [
              140.61334180000006,
              -2.775969499999974
            ],
            [
              140.61430310000003,
              -2.774397799999974
            ],
            [
              140.61634770000012,
              -2.775014899999974
            ],
            [
              140.6154322000001,
              -2.77277829999997
            ],
            [
              140.6196284,
              -2.773822099999961
            ],
            [
              140.62489270000003,
              -2.769533399999943
            ],
            [
              140.62123050000002,
              -2.768441699999926
            ],
            [
              140.6206049000001,
              -2.765205599999945
            ],
            [
              140.61909430000003,
              -2.764350199999967
            ],
            [
              140.6212763000001,
              -2.761111699999958
            ],
            [
              140.62313790000007,
              -2.761062599999946
            ],
            [
              140.6253657000001,
              -2.757871399999942
            ],
            [
              140.6278986000001,
              -2.758821
            ],
            [
              140.62777660000006,
              -2.757155199999943
            ],
            [
              140.629394,
              -2.759295699999939
            ],
            [
              140.63268990000006,
              -2.759153799999979
            ],
            [
              140.62690680000003,
              -2.750477799999942
            ],
            [
              140.62277170000004,
              -2.751209
            ],
            [
              140.62168830000007,
              -2.746691899999973
            ],
            [
              140.62289380000004,
              -2.744006599999977
            ],
            [
              140.6203455000001,
              -2.744249799999977
            ],
            [
              140.62022350000007,
              -2.743273199999976
            ],
            [
              140.6205897000001,
              -2.738268099999971
            ],
            [
              140.62307690000011,
              -2.737048099999924
            ],
            [
              140.622848,
              -2.73106649999994
            ],
            [
              140.62570140000003,
              -2.728747799999951
            ],
            [
              140.62873790000003,
              -2.730213599999956
            ],
            [
              140.62945500000012,
              -2.727650399999959
            ],
            [
              140.62957710000012,
              -2.724476299999935
            ],
            [
              140.627273,
              -2.72105739999995
            ],
            [
              140.6236407,
              -2.720567899999935
            ],
            [
              140.62411450000002,
              -2.71690579999995
            ],
            [
              140.62692210000012,
              -2.715197599999954
            ],
            [
              140.62800540000012,
              -2.71666289999996
            ],
            [
              140.63218050000012,
              -2.716129499999965
            ],
            [
              140.6312610000001,
              -2.711403399999938
            ],
            [
              140.6266068000001,
              -2.704235899999958
            ],
            [
              140.6211211000001,
              -2.614881399999945
            ],
            [
              140.61408820000008,
              -2.61253709999994
            ],
            [
              140.61728,
              -2.599754399999938
            ],
            [
              140.62259910000012,
              -2.593957299999943
            ],
            [
              140.623573,
              -2.585325399999931
            ],
            [
              140.626313,
              -2.58325259999998
            ],
            [
              140.6255003000001,
              -2.566802499999937
            ],
            [
              140.62204320000012,
              -2.566820299999961
            ],
            [
              140.6249074000001,
              -2.53157
            ],
            [
              140.65281070000003,
              -2.476179099999968
            ]
          ]
        ]
      }
    },
    {
      "type": "Feature",
      "properties": {
        "shapeName": "Keerom",
        "shapeISO": "",
        "shapeID": "22746128B17774751253690",
        "shapeGroup": "IDN",
        "shapeType": "ADM2",
        "district": "Keerom",
        "district_code": "22746128B17774751253690",
        "aliases": []
      },
      "geometry": {
        "type": "Polygon",
        "coordinates": [
          [
            [
              140.38186650000011,
              -3.737325799999951
            ],
            [
              140.3837185000001,
              -3.73626749999994
            ],
            [
              140.39431850000005,
              -3.739367499999958
            ],
            [
              140.39841850000005,
              -3.738967499999944
            ],
            [
              140.39981850000004,
              -3.734667499999944
            ],
            [
              140.40421850000007,
              -3.738667499999963
            ],
            [
              140.40341850000004,
              -3.743467499999952
            ],
            [
              140.39831850000007,
              -3.745867499999974
            ],
            [
              140.39851850000002,
              -3.74886749999996
            ],
            [
              140.40161850000004,
              -3.74966749999993
            ],
            [
              140.4086185000001,
              -3.756367499999953
            ],
            [
              140.40211850000003,
              -3.766167499999938
            ],
            [
              140.3987185000001,
              -3.766467499999976
            ],
            [
              140.39781850000008,
              -3.770267499999932
            ],
            [
              140.40781850000008,
              -3.774667499999964
            ],
            [
              140.40961850000008,
              -3.778567499999951
            ],
            [
              140.41241850000006,
              -3.780667499999936
            ],
            [
              140.40891850000003,
              -3.784867499999962
            ],
            [
              140.4050185000001,
              -3.784067499999935
            ],
            [
              140.40331850000007,
              -3.788367499999936
            ],
            [
              140.41741850000005,
              -3.79876749999994
            ],
            [
              140.41761850000012,
              -3.802667499999927
            ],
            [
              140.41331850000006,
              -3.804167499999949
            ],
            [
              140.4113185000001,
              -3.80706749999996
            ],
            [
              140.3999185,
              -3.811167499999954
            ],
            [
              140.3996185000001,
              -3.814567499999953
            ],
            [
              140.4050185000001,
              -3.814767499999959
            ],
            [
              140.41071850000003,
              -3.822267499999953
            ],
            [
              140.41391850000002,
              -3.819367499999942
            ],
            [
              140.41331850000006,
              -3.816467499999931
            ],
            [
              140.42051850000007,
              -3.818067499999927
            ],
            [
              140.4222185000001,
              -3.821667499999933
            ],
            [
              140.41911850000008,
              -3.821467499999926
            ],
            [
              140.4203185,
              -3.825167499999964
            ],
            [
              140.42021850000003,
              -3.835367499999961
            ],
            [
              140.41571850000003,
              -3.840367499999957
            ],
            [
              140.41671850000012,
              -3.846667499999967
            ],
            [
              140.42651850000004,
              -3.850967499999967
            ],
            [
              140.4308185000001,
              -3.850467499999979
            ],
            [
              140.43101850000005,
              -3.855967499999963
            ],
            [
              140.42771850000008,
              -3.861767499999928
            ],
            [
              140.42371850000006,
              -3.863767499999938
            ],
            [
              140.42101850000006,
              -3.868267499999945
            ],
            [
              140.42091850000008,
              -3.871867499999951
            ],
            [
              140.4158185000001,
              -3.877667499999973
            ],
            [
              140.41431850000004,
              -3.88156749999996
            ],
            [
              140.4140185000001,
              -3.885867499999961
            ],
            [
              140.41781850000007,
              -3.892967499999941
            ],
            [
              140.4181185000001,
              -3.898967499999969
            ],
            [
              140.41331850000006,
              -3.900367499999959
            ],
            [
              140.4064185000001,
              -3.892967499999941
            ],
            [
              140.40471850000006,
              -3.896267499999965
            ],
            [
              140.4045185000001,
              -3.903167499999938
            ],
            [
              140.41381850000005,
              -3.910867499999938
            ],
            [
              140.41161850000003,
              -3.913667499999974
            ],
            [
              140.40571850000003,
              -3.911667499999965
            ],
            [
              140.40571850000003,
              -3.915867499999933
            ],
            [
              140.4109185000001,
              -3.917967499999975
            ],
            [
              140.41701850000004,
              -3.917667499999936
            ],
            [
              140.41981850000002,
              -3.909667499999955
            ],
            [
              140.4254185000001,
              -3.907067499999926
            ],
            [
              140.4353185000001,
              -3.910167499999943
            ],
            [
              140.43821850000006,
              -3.909067499999935
            ],
            [
              140.44181850000007,
              -3.911967499999946
            ],
            [
              140.44251850000012,
              -3.907767499999977
            ],
            [
              140.4461185,
              -3.910167499999943
            ],
            [
              140.44831850000003,
              -3.907067499999926
            ],
            [
              140.44831850000003,
              -3.903167499999938
            ],
            [
              140.4553185000001,
              -3.892967499999941
            ],
            [
              140.45551850000004,
              -3.904867499999966
            ],
            [
              140.45961850000003,
              -3.902567499999975
            ],
            [
              140.46961850000002,
              -3.902467499999943
            ],
            [
              140.4661185000001,
              -3.905367499999954
            ],
            [
              140.45941850000008,
              -3.907067499999926
            ],
            [
              140.4634185000001,
              -3.910167499999943
            ],
            [
              140.47861850000004,
              -3.910567499999956
            ],
            [
              140.47901850000005,
              -3.917767499999968
            ],
            [
              140.48441850000006,
              -3.91866749999997
            ],
            [
              140.4879185000001,
              -3.921367499999974
            ],
            [
              140.4860185000001,
              -3.924167499999953
            ],
            [
              140.4856185000001,
              -3.928167499999972
            ],
            [
              140.48841850000008,
              -3.929367499999955
            ],
            [
              140.49001850000002,
              -3.927167499999939
            ],
            [
              140.49401850000004,
              -3.92866749999996
            ],
            [
              140.49461850000012,
              -3.925567499999943
            ],
            [
              140.50021850000007,
              -3.922267499999975
            ],
            [
              140.50271850000001,
              -3.925367499999936
            ],
            [
              140.50801850000005,
              -3.928067499999941
            ],
            [
              140.5068185,
              -3.925067499999955
            ],
            [
              140.5001185000001,
              -3.919267499999933
            ],
            [
              140.50031850000005,
              -3.913967499999956
            ],
            [
              140.49861850000002,
              -3.912067499999978
            ],
            [
              140.4960185000001,
              -3.913967499999956
            ],
            [
              140.4941185,
              -3.911967499999946
            ],
            [
              140.49491850000004,
              -3.909667499999955
            ],
            [
              140.49751850000007,
              -3.908467499999972
            ],
            [
              140.49761850000004,
              -3.904867499999966
            ],
            [
              140.50341850000007,
              -3.907567499999971
            ],
            [
              140.50631850000002,
              -3.90466749999996
            ],
            [
              140.50891850000005,
              -3.907667499999945
            ],
            [
              140.51441850000003,
              -3.907167499999957
            ],
            [
              140.51701850000006,
              -3.904967499999941
            ],
            [
              140.51941850000003,
              -3.906567499999937
            ],
            [
              140.51471850000007,
              -3.912667499999941
            ],
            [
              140.5169185000001,
              -3.914867499999957
            ],
            [
              140.52391850000004,
              -3.913767499999949
            ],
            [
              140.52601850000008,
              -3.915767499999959
            ],
            [
              140.52541850000011,
              -3.917967499999975
            ],
            [
              140.53491850000012,
              -3.917667499999936
            ],
            [
              140.54201850000004,
              -3.912667499999941
            ],
            [
              140.54421850000006,
              -3.914567499999976
            ],
            [
              140.5445185000001,
              -3.919667499999946
            ],
            [
              140.5471185,
              -3.921467499999949
            ],
            [
              140.54871850000006,
              -3.916967499999942
            ],
            [
              140.55161850000002,
              -3.914367499999969
            ],
            [
              140.5522185000001,
              -3.916867499999967
            ],
            [
              140.55781850000005,
              -3.916867499999967
            ],
            [
              140.5603185000001,
              -3.921367499999974
            ],
            [
              140.56601850000004,
              -3.923867499999972
            ],
            [
              140.5680185000001,
              -3.926267499999938
            ],
            [
              140.57001850000006,
              -3.924667499999941
            ],
            [
              140.58241850000002,
              -3.929067499999974
            ],
            [
              140.5934185000001,
              -3.925567499999943
            ],
            [
              140.59621850000008,
              -3.927767499999959
            ],
            [
              140.5951185,
              -3.930567499999938
            ],
            [
              140.58991850000007,
              -3.930167499999925
            ],
            [
              140.5902185000001,
              -3.932967499999961
            ],
            [
              140.58531850000008,
              -3.933067499999936
            ],
            [
              140.58721850000006,
              -3.937267499999962
            ],
            [
              140.59451850000005,
              -3.938867499999958
            ],
            [
              140.59651850000012,
              -3.941867499999944
            ],
            [
              140.6088185000001,
              -3.94466749999998
            ],
            [
              140.61091850000003,
              -3.947267499999953
            ],
            [
              140.61361850000003,
              -3.944567499999948
            ],
            [
              140.61281850000012,
              -3.940667499999961
            ],
            [
              140.6151185000001,
              -3.937667499999975
            ],
            [
              140.6178185000001,
              -3.938467499999945
            ],
            [
              140.62031850000005,
              -3.935867499999972
            ],
            [
              140.62881850000008,
              -3.933367499999974
            ],
            [
              140.63711850000004,
              -3.933467499999949
            ],
            [
              140.63981850000005,
              -3.93146749999994
            ],
            [
              140.63991850000002,
              -3.923567499999933
            ],
            [
              140.64481850000004,
              -3.921667499999955
            ],
            [
              140.65121850000003,
              -3.915567499999952
            ],
            [
              140.67881850000003,
              -3.906767499999944
            ],
            [
              140.69101850000004,
              -3.91036749999995
            ],
            [
              140.69421850000003,
              -3.910067499999968
            ],
            [
              140.69691850000004,
              -3.912467499999934
            ],
            [
              140.70061850000002,
              -3.912567499999966
            ],
            [
              140.70221850000007,
              -3.910067499999968
            ],
            [
              140.7152185000001,
              -3.916367499999978
            ],
            [
              140.7306185000001,
              -3.911967499999946
            ],
            [
              140.73271850000003,
              -3.915767499999959
            ],
            [
              140.7414185,
              -3.917767499999968
            ],
            [
              140.74251850000007,
              -3.920467499999972
            ],
            [
              140.73931850000008,
              -3.924167499999953
            ],
            [
              140.74861850000002,
              -3.928467499999954
            ],
            [
              140.7524185000001,
              -3.928367499999979
            ],
            [
              140.75161850000006,
              -3.931367499999965
            ],
            [
              140.75501850000012,
              -3.935467499999959
            ],
            [
              140.75941850000004,
              -3.931967499999928
            ],
            [
              140.76061850000008,
              -3.926967499999932
            ],
            [
              140.76531850000003,
              -3.927567499999952
            ],
            [
              140.76391850000005,
              -3.925567499999943
            ],
            [
              140.76891850000004,
              -3.925767499999949
            ],
            [
              140.77041850000012,
              -3.92866749999996
            ],
            [
              140.76881850000007,
              -3.930967499999952
            ],
            [
              140.77331850000007,
              -3.934467499999926
            ],
            [
              140.77531850000003,
              -3.933667499999956
            ],
            [
              140.77881850000006,
              -3.93836749999997
            ],
            [
              140.78871850000007,
              -3.940367499999979
            ],
            [
              140.83461850000003,
              -3.940367499999979
            ],
            [
              140.86491850000004,
              -3.933367499999974
            ],
            [
              140.86811850000004,
              -3.936167499999954
            ],
            [
              140.87311850000003,
              -3.935267499999952
            ],
            [
              140.8759185,
              -3.938467499999945
            ],
            [
              140.8801185000001,
              -3.938067499999931
            ],
            [
              140.88111850000007,
              -3.931867499999953
            ],
            [
              140.88611850000007,
              -3.930467499999963
            ],
            [
              140.8851185000001,
              -3.938667499999951
            ],
            [
              140.88681850000012,
              -3.941167499999949
            ],
            [
              140.89571850000004,
              -3.938767499999926
            ],
            [
              140.8972185,
              -3.935267499999952
            ],
            [
              140.89941850000002,
              -3.936667499999942
            ],
            [
              140.8986185000001,
              -3.940267499999948
            ],
            [
              140.90351850000002,
              -3.93636749999996
            ],
            [
              140.9058185,
              -3.938267499999938
            ],
            [
              140.90871850000008,
              -3.938067499999931
            ],
            [
              140.91191850000007,
              -3.946267499999976
            ],
            [
              140.9163185000001,
              -3.946367499999951
            ],
            [
              140.9195185000001,
              -3.944367499999942
            ],
            [
              140.9177185000001,
              -3.938767499999926
            ],
            [
              140.9141185000001,
              -3.936567499999967
            ],
            [
              140.91691850000007,
              -3.933467499999949
            ],
            [
              140.9158185000001,
              -3.926967499999932
            ],
            [
              140.91741850000005,
              -3.922067499999969
            ],
            [
              140.92501850000008,
              -3.92496749999998
            ],
            [
              140.92801850000012,
              -3.928167499999972
            ],
            [
              140.93251850000001,
              -3.926667499999951
            ],
            [
              140.93421850000004,
              -3.921867499999962
            ],
            [
              140.93681850000007,
              -3.919567499999971
            ],
            [
              140.93601850000005,
              -3.917067499999973
            ],
            [
              140.9430185000001,
              -3.913967499999956
            ],
            [
              140.95231850000005,
              -3.917567499999961
            ],
            [
              140.95791850000012,
              -3.914067499999931
            ],
            [
              140.96171850000007,
              -3.913967499999956
            ],
            [
              140.9639185000001,
              -3.917067499999973
            ],
            [
              140.9634185000001,
              -3.919567499999971
            ],
            [
              140.96651850000012,
              -3.923667499999965
            ],
            [
              140.97121850000008,
              -3.923167499999977
            ],
            [
              140.97301850000008,
              -3.918867499999976
            ],
            [
              140.97551850000002,
              -3.919367499999964
            ],
            [
              140.98011850000012,
              -3.915367499999945
            ],
            [
              140.9829185000001,
              -3.91526749999997
            ],
            [
              140.9861185000001,
              -3.922767499999964
            ],
            [
              140.98941850000006,
              -3.925767499999949
            ],
            [
              140.99621850000005,
              -3.921667499999955
            ],
            [
              140.99791850000008,
              -3.924667499999941
            ],
            [
              140.99641850000012,
              -3.929167499999949
            ],
            [
              140.99955390000002,
              -3.931170699999939
            ],
            [
              140.9985379000001,
              -3.913931399999967
            ],
            [
              140.99997630000007,
              -3.914038499999947
            ],
            [
              140.9999822000001,
              -3.427595099999962
            ],
            [
              140.99998970000001,
              -2.913254299999949
            ],
            [
              140.99905490000003,
              -2.913252099999966
            ],
            [
              140.999986,
              -2.82890569999995
            ],
            [
              140.9652579000001,
              -2.80640219999998
            ],
            [
              140.93790840000008,
              -2.790747199999942
            ],
            [
              140.88085460000002,
              -2.766854499999965
            ],
            [
              140.824537,
              -2.734150899999975
            ],
            [
              140.77591970000003,
              -2.721925299999953
            ],
            [
              140.75844170000005,
              -2.718858
            ],
            [
              140.729866,
              -2.707206799999938
            ],
            [
              140.71695210000007,
              -2.706058499999926
            ],
            [
              140.70726620000005,
              -2.707010699999955
            ],
            [
              140.68954960000008,
              -2.720540699999958
            ],
            [
              140.6640073000001,
              -2.725600399999962
            ],
            [
              140.6334240000001,
              -2.722521599999936
            ],
            [
              140.63218050000012,
              -2.716129499999965
            ],
            [
              140.62800540000012,
              -2.71666289999996
            ],
            [
              140.62692210000012,
              -2.715197599999954
            ],
            [
              140.62411450000002,
              -2.71690579999995
            ],
            [
              140.6236407,
              -2.720567899999935
            ],
            [
              140.627273,
              -2.72105739999995
            ],
            [
              140.62957710000012,
              -2.724476299999935
            ],
            [
              140.62945500000012,
              -2.727650399999959
            ],
            [
              140.62873790000003,
              -2.730213599999956
            ],
            [
              140.62570140000003,
              -2.728747799999951
            ],
            [
              140.622848,
              -2.73106649999994
            ],
            [
              140.62307690000011,
              -2.737048099999924
            ],
            [
              140.6205897000001,
              -2.738268099999971
            ],
            [
              140.62022350000007,
              -2.743273199999976
            ],
            [
              140.6203455000001,
              -2.744249799999977
            ],
            [
              140.62289380000004,
              -2.744006599999977
            ],
            [
              140.62168830000007,
              -2.746691899999973
            ],
            [
              140.62277170000004,
              -2.751209
            ],
            [
              140.62690680000003,
              -2.750477799999942
            ],
            [
              140.63268990000006,
              -2.759153799999979
            ],
            [
              140.629394,
              -2.759295699999939
            ],
            [
              140.62777660000006,
              -2.757155199999943
            ],
            [
              140.6278986000001,
              -2.758821
            ],
            [
              140.6253657000001,
              -2.757871399999942
            ],
            [
              140.62313790000007,
              -2.761062599999946
            ],
            [
              140.6212763000001,
              -2.761111699999958
            ],
            [
              140.61909430000003,
              -2.764350199999967
            ],
            [
              140.6206049000001,
              -2.765205599999945
            ],
            [
              140.62123050000002,
              -2.768441699999926
            ],
            [
              140.62489270000003,
              -2.769533399999943
            ],
            [
              140.6196284,
              -2.773822099999961
            ],
            [
              140.6154322000001,
              -2.77277829999997
            ],
            [
              140.61634770000012,
              -2.775014899999974
            ],
            [
              140.61430310000003,
              -2.774397799999974
            ],
            [
              140.61334180000006,
              -2.775969499999974
            ],
            [
              140.6094965000001,
              -2.773760799999934
            ],
            [
              140.606399,
              -2.773906499999953
            ],
            [
              140.60630750000007,
              -2.772335799999951
            ],
            [
              140.6044459000001,
              -2.772480199999961
            ],
            [
              140.60176030000002,
              -2.770102699999939
            ],
            [
              140.59454290000008,
              -2.770585299999937
            ],
            [
              140.5942378000001,
              -2.765254499999969
            ],
            [
              140.5912776,
              -2.763543399999946
            ],
            [
              140.59326120000003,
              -2.761352299999942
            ],
            [
              140.5913081000001,
              -2.761068299999977
            ],
            [
              140.590713,
              -2.763877399999956
            ],
            [
              140.5886683000001,
              -2.764926199999934
            ],
            [
              140.5882868000001,
              -2.763212899999928
            ],
            [
              140.58666940000012,
              -2.763643
            ],
            [
              140.58752390000006,
              -2.762594899999954
            ],
            [
              140.58613530000002,
              -2.76212
            ],
            [
              140.58637950000002,
              -2.760168499999963
            ],
            [
              140.58343450000007,
              -2.758505099999979
            ],
            [
              140.5793910000001,
              -2.762126199999955
            ],
            [
              140.5763545000001,
              -2.760272699999973
            ],
            [
              140.57540840000001,
              -2.761368299999958
            ],
            [
              140.57664440000008,
              -2.762747299999944
            ],
            [
              140.57498120000002,
              -2.763795799999968
            ],
            [
              140.5752711,
              -2.759940399999948
            ],
            [
              140.5740809,
              -2.758561099999952
            ],
            [
              140.57257030000005,
              -2.761608799999976
            ],
            [
              140.571136,
              -2.760420099999976
            ],
            [
              140.568542,
              -2.761909699999933
            ],
            [
              140.57115120000003,
              -2.76393029999997
            ],
            [
              140.568542,
              -2.763278199999945
            ],
            [
              140.56692450000003,
              -2.760602199999937
            ],
            [
              140.5652613000001,
              -2.762626599999976
            ],
            [
              140.56692450000003,
              -2.763101099999972
            ],
            [
              140.56591750000007,
              -2.764886799999942
            ],
            [
              140.56372020000003,
              -2.762508899999943
            ],
            [
              140.562469,
              -2.762985899999933
            ],
            [
              140.56306410000002,
              -2.764651499999957
            ],
            [
              140.56169080000006,
              -2.766913599999953
            ],
            [
              140.56513930000006,
              -2.766196499999978
            ],
            [
              140.5652613000001,
              -2.767267499999946
            ],
            [
              140.5627131000001,
              -2.767745699999978
            ],
            [
              140.563415,
              -2.76982739999994
            ],
            [
              140.561584,
              -2.771375899999953
            ],
            [
              140.56103460000008,
              -2.76893709999996
            ],
            [
              140.5587458000001,
              -2.768820299999959
            ],
            [
              140.55868480000004,
              -2.765964299999951
            ],
            [
              140.5562586000001,
              -2.765550099999928
            ],
            [
              140.55508370000007,
              -2.767990599999962
            ],
            [
              140.5506739000001,
              -2.767280599999935
            ],
            [
              140.5497279000001,
              -2.768530599999963
            ],
            [
              140.55276440000011,
              -2.769836899999973
            ],
            [
              140.5488276000001,
              -2.769959399999948
            ],
            [
              140.55097910000006,
              -2.771385399999929
            ],
            [
              140.55055190000007,
              -2.77447989999996
            ],
            [
              140.5486598000001,
              -2.772220399999981
            ],
            [
              140.54650830000003,
              -2.773174499999925
            ],
            [
              140.5466914000001,
              -2.771686799999941
            ],
            [
              140.54531810000003,
              -2.771152499999971
            ],
            [
              140.54168650000008,
              -2.773595099999966
            ],
            [
              140.53921460000004,
              -2.77365709999998
            ],
            [
              140.5391383000001,
              -2.771693499999969
            ],
            [
              140.5375514000001,
              -2.773003799999969
            ],
            [
              140.53573560000007,
              -2.771874899999943
            ],
            [
              140.53507950000005,
              -2.772946599999955
            ],
            [
              140.53643750000003,
              -2.774254299999939
            ],
            [
              140.5347743000001,
              -2.775445899999966
            ],
            [
              140.5363307,
              -2.777348299999971
            ],
            [
              140.53388930000006,
              -2.777885899999944
            ],
            [
              140.5340724,
              -2.776279399999964
            ],
            [
              140.53233290000003,
              -2.776042899999936
            ],
            [
              140.53091380000012,
              -2.779078499999969
            ],
            [
              140.52847240000006,
              -2.776165499999934
            ],
            [
              140.52687020000008,
              -2.777713799999958
            ],
            [
              140.52752640000006,
              -2.779557699999941
            ],
            [
              140.52450510000006,
              -2.779679299999941
            ],
            [
              140.52490180000007,
              -2.776584899999932
            ],
            [
              140.5264582000001,
              -2.776940599999932
            ],
            [
              140.52740430000006,
              -2.773845899999969
            ],
            [
              140.52407790000007,
              -2.77563379999998
            ],
            [
              140.52412360000005,
              -2.773789399999941
            ],
            [
              140.52210950000006,
              -2.772720099999958
            ],
            [
              140.51986640000007,
              -2.774328499999967
            ],
            [
              140.52032420000012,
              -2.772245599999962
            ],
            [
              140.518722,
              -2.771414
            ],
            [
              140.5136103000001,
              -2.775643099999968
            ],
            [
              140.5133204000001,
              -2.77302549999996
            ],
            [
              140.51165720000006,
              -2.772729399999946
            ],
            [
              140.510757,
              -2.775883699999952
            ],
            [
              140.50915480000003,
              -2.774933099999942
            ],
            [
              140.50701860000004,
              -2.776184499999943
            ],
            [
              140.50572160000002,
              -2.771491
            ],
            [
              140.5021968000001,
              -2.773321099999976
            ],
            [
              140.49829050000005,
              -2.767811499999937
            ],
            [
              140.49851940000008,
              -2.766719299999977
            ],
            [
              140.5014338000001,
              -2.766768699999943
            ],
            [
              140.5011287000001,
              -2.765104799999961
            ],
            [
              140.4976954000001,
              -2.764535699999954
            ],
            [
              140.49789380000004,
              -2.761935
            ],
            [
              140.49441480000007,
              -2.76188609999997
            ],
            [
              140.49732920000008,
              -2.757255099999952
            ],
            [
              140.49275160000002,
              -2.758403299999941
            ],
            [
              140.4929042000001,
              -2.755542699999978
            ],
            [
              140.49026440000011,
              -2.754764799999975
            ],
            [
              140.48857070000008,
              -2.752165399999967
            ],
            [
              140.4868464000001,
              -2.75294759999997
            ],
            [
              140.476562,
              -2.750876399999925
            ],
            [
              140.47615,
              -2.75399729999998
            ],
            [
              140.46873430000005,
              -2.752095899999972
            ],
            [
              140.466476,
              -2.754318199999943
            ],
            [
              140.46928360000004,
              -2.755303799999979
            ],
            [
              140.46861220000005,
              -2.759048899999925
            ],
            [
              140.46333270000002,
              -2.757181599999967
            ],
            [
              140.46266130000004,
              -2.758690099999967
            ],
            [
              140.46490430000006,
              -2.75915619999995
            ],
            [
              140.4648585000001,
              -2.760872599999971
            ],
            [
              140.46069290000003,
              -2.761344399999928
            ],
            [
              140.45120190000011,
              -2.769830199999944
            ],
            [
              140.44647170000007,
              -2.769990199999938
            ],
            [
              140.44482370000003,
              -2.77456849999993
            ],
            [
              140.4481654000001,
              -2.774825599999929
            ],
            [
              140.44665480000003,
              -2.779611599999953
            ],
            [
              140.43777420000004,
              -2.77587479999994
            ],
            [
              140.3878826,
              -2.770296899999948
            ],
            [
              140.3602863000001,
              -2.804857399999946
            ],
            [
              140.3637778000001,
              -3.0
            ],
            [
              140.35679390000007,
              -3.125699299999951
            ],
            [
              140.35995230000003,
              -3.131581399999959
            ],
            [
              140.36146080000003,
              -3.142682399999956
            ],
            [
              140.36751130000005,
              -3.151235
            ],
            [
              140.36634490000006,
              -3.15365879999996
            ],
            [
              140.36783720000005,
              -3.156988799999965
            ],
            [
              140.36309540000002,
              -3.163001799999961
            ],
            [
              140.35715340000002,
              -3.166471899999976
            ],
            [
              140.35473760000002,
              -3.166280499999971
            ],
            [
              140.34202470000002,
              -3.176666799999964
            ],
            [
              140.33783590000007,
              -3.177930599999968
            ],
            [
              140.3358555000001,
              -3.174555
            ],
            [
              140.3312274000001,
              -3.177112199999954
            ],
            [
              140.32566780000002,
              -3.177036099999953
            ],
            [
              140.3228858000001,
              -3.184551899999974
            ],
            [
              140.32348690000003,
              -3.186596799999961
            ],
            [
              140.3203621,
              -3.188177799999949
            ],
            [
              140.32065540000008,
              -3.190358199999935
            ],
            [
              140.3185281000001,
              -3.193676799999935
            ],
            [
              140.32192320000001,
              -3.195180799999946
            ],
            [
              140.32521010000005,
              -3.202646199999947
            ],
            [
              140.32962190000012,
              -3.204196099999933
            ],
            [
              140.3336505000001,
              -3.202136099999962
            ],
            [
              140.33748350000008,
              -3.209077199999967
            ],
            [
              140.33510520000004,
              -3.212893299999962
            ],
            [
              140.33576470000003,
              -3.217009799999971
            ],
            [
              140.33285280000007,
              -3.221286899999939
            ],
            [
              140.33386980000012,
              -3.234359599999948
            ],
            [
              140.33185020000008,
              -3.243540399999972
            ],
            [
              140.32813270000008,
              -3.249580899999955
            ],
            [
              140.32234670000003,
              -3.25391929999995
            ],
            [
              140.32030380000003,
              -3.260304599999927
            ],
            [
              140.324225,
              -3.273741199999961
            ],
            [
              140.32014790000005,
              -3.286240499999963
            ],
            [
              140.31660210000007,
              -3.292588599999931
            ],
            [
              140.31702840000003,
              -3.298876199999938
            ],
            [
              140.31341580000003,
              -3.30317969999993
            ],
            [
              140.30744040000002,
              -3.304641099999969
            ],
            [
              140.30600830000003,
              -3.308077699999956
            ],
            [
              140.30897090000008,
              -3.314157499999965
            ],
            [
              140.31429470000012,
              -3.316840699999943
            ],
            [
              140.3101269000001,
              -3.322649699999943
            ],
            [
              140.31886010000005,
              -3.323573499999952
            ],
            [
              140.32285930000012,
              -3.320228799999938
            ],
            [
              140.32489040000007,
              -3.320230199999969
            ],
            [
              140.3233643000001,
              -3.324307699999963
            ],
            [
              140.32427540000003,
              -3.328692799999942
            ],
            [
              140.32804210000006,
              -3.330701799999929
            ],
            [
              140.33153370000002,
              -3.33617449999997
            ],
            [
              140.33883260000005,
              -3.33628269999997
            ],
            [
              140.34407910000004,
              -3.33091909999996
            ],
            [
              140.34613170000011,
              -3.336184399999979
            ],
            [
              140.34261930000002,
              -3.337796
            ],
            [
              140.34182280000005,
              -3.342111399999965
            ],
            [
              140.3462535000001,
              -3.342712
            ],
            [
              140.3488357000001,
              -3.338264899999956
            ],
            [
              140.35101830000008,
              -3.337934399999938
            ],
            [
              140.35200670000006,
              -3.343579
            ],
            [
              140.35068090000004,
              -3.34815969999994
            ],
            [
              140.34240420000003,
              -3.350914
            ],
            [
              140.34693730000004,
              -3.355605399999945
            ],
            [
              140.34379930000011,
              -3.359554799999955
            ],
            [
              140.35540770000011,
              -3.358357
            ],
            [
              140.3580747000001,
              -3.360569
            ],
            [
              140.3593459000001,
              -3.354876899999965
            ],
            [
              140.36428380000007,
              -3.352803899999969
            ],
            [
              140.36467990000006,
              -3.35923379999997
            ],
            [
              140.36768010000003,
              -3.362048699999946
            ],
            [
              140.3616091,
              -3.362580599999944
            ],
            [
              140.36133990000008,
              -3.366197099999965
            ],
            [
              140.36360660000003,
              -3.37058449999995
            ],
            [
              140.36781150000002,
              -3.367372399999965
            ],
            [
              140.37067940000009,
              -3.368312
            ],
            [
              140.370609,
              -3.374071799999967
            ],
            [
              140.363129,
              -3.385009
            ],
            [
              140.36159480000003,
              -3.384606099999928
            ],
            [
              140.3599964000001,
              -3.380586499999936
            ],
            [
              140.3542605,
              -3.378573499999959
            ],
            [
              140.350256,
              -3.381316799999979
            ],
            [
              140.35018790000004,
              -3.383326
            ],
            [
              140.35352020000005,
              -3.388284399999975
            ],
            [
              140.3589929000001,
              -3.384805299999925
            ],
            [
              140.36005550000004,
              -3.392106399999932
            ],
            [
              140.35545150000007,
              -3.393375899999967
            ],
            [
              140.35278130000006,
              -3.395852199999979
            ],
            [
              140.3526435000001,
              -3.397704199999964
            ],
            [
              140.3566459000001,
              -3.39830969999997
            ],
            [
              140.35651080000002,
              -3.400921699999969
            ],
            [
              140.34937270000012,
              -3.400515
            ],
            [
              140.34837130000005,
              -3.401652899999931
            ],
            [
              140.349104,
              -3.403260799999941
            ],
            [
              140.353173,
              -3.404134299999953
            ],
            [
              140.3557065000001,
              -3.406480099999953
            ],
            [
              140.3570387000001,
              -3.410118899999929
            ],
            [
              140.35616720000007,
              -3.416481
            ],
            [
              140.35036420000006,
              -3.414668799999959
            ],
            [
              140.34936090000008,
              -3.418619599999943
            ],
            [
              140.35442970000008,
              -3.420766299999968
            ],
            [
              140.35896900000012,
              -3.416750799999932
            ],
            [
              140.36163680000004,
              -3.41795819999993
            ],
            [
              140.36229680000008,
              -3.432337199999949
            ],
            [
              140.367564,
              -3.443226099999947
            ],
            [
              140.366423,
              -3.453472599999941
            ],
            [
              140.3632189000001,
              -3.455948599999942
            ],
            [
              140.36141,
              -3.465161499999965
            ],
            [
              140.35473620000005,
              -3.468036899999959
            ],
            [
              140.35473260000003,
              -3.47339489999996
            ],
            [
              140.34638970000003,
              -3.477943499999981
            ],
            [
              140.3441812000001,
              -3.48266
            ],
            [
              140.3385105000001,
              -3.48212019999994
            ],
            [
              140.3372396000001,
              -3.486807599999963
            ],
            [
              140.3452433000001,
              -3.490496899999926
            ],
            [
              140.34361940000008,
              -3.49327489999996
            ],
            [
              140.34437160000004,
              -3.494484799999952
            ],
            [
              140.34708210000008,
              -3.494713499999932
            ],
            [
              140.35100010000008,
              -3.491088099999956
            ],
            [
              140.35340960000008,
              -3.491089699999975
            ],
            [
              140.35069190000002,
              -3.501216399999976
            ],
            [
              140.352424,
              -3.500915299999974
            ],
            [
              140.35536320000006,
              -3.497138
            ],
            [
              140.36620830000004,
              -3.49389519999994
            ],
            [
              140.3671846000001,
              -3.497826399999951
            ],
            [
              140.37081970000008,
              -3.502387
            ],
            [
              140.3702145000001,
              -3.506619499999942
            ],
            [
              140.371342,
              -3.509568099999967
            ],
            [
              140.3697598000001,
              -3.510927599999945
            ],
            [
              140.36569610000004,
              -3.507372299999929
            ],
            [
              140.3632864000001,
              -3.50752179999995
            ],
            [
              140.3641093000001,
              -3.515458899999942
            ],
            [
              140.37111290000007,
              -3.514405499999953
            ],
            [
              140.3742761000001,
              -3.521167599999956
            ],
            [
              140.3760089000001,
              -3.519808199999943
            ],
            [
              140.3748091000001,
              -3.512324299999932
            ],
            [
              140.37729400000012,
              -3.512326
            ],
            [
              140.37925040000005,
              -3.514443699999958
            ],
            [
              140.37540410000008,
              -3.523436
            ],
            [
              140.37239290000002,
              -3.522224599999959
            ],
            [
              140.3688532000001,
              -3.523053599999969
            ],
            [
              140.37449390000006,
              -3.533337199999949
            ],
            [
              140.3726861,
              -3.534091799999942
            ],
            [
              140.36899730000005,
              -3.53265319999997
            ],
            [
              140.36456010000006,
              -3.524486799999977
            ],
            [
              140.3625257000001,
              -3.526375099999939
            ],
            [
              140.36222280000004,
              -3.528944799999977
            ],
            [
              140.36500650000005,
              -3.532423699999924
            ],
            [
              140.36808470000005,
              -3.541166099999941
            ],
            [
              140.36936430000003,
              -3.54184719999995
            ],
            [
              140.37034460000007,
              -3.539807099999962
            ],
            [
              140.3721521000001,
              -3.539430399999958
            ],
            [
              140.3739567,
              -3.54343769999997
            ],
            [
              140.37207280000007,
              -3.545477199999937
            ],
            [
              140.3725985000001,
              -3.547518399999944
            ],
            [
              140.37997990000008,
              -3.54487789999996
            ],
            [
              140.37877,
              -3.552511299999935
            ],
            [
              140.38592240000003,
              -3.554481399999929
            ],
            [
              140.385548,
              -3.558
            ],
            [
              140.37756170000011,
              -3.564117199999941
            ],
            [
              140.38019450000002,
              -3.568351799999959
            ],
            [
              140.374094,
              -3.569632599999977
            ],
            [
              140.37620040000002,
              -3.572884299999942
            ],
            [
              140.37996670000007,
              -3.57122389999995
            ],
            [
              140.3823006,
              -3.57198139999997
            ],
            [
              140.38101660000007,
              -3.581845299999941
            ],
            [
              140.3789832000001,
              -3.582146299999977
            ],
            [
              140.377103,
              -3.578441199999929
            ],
            [
              140.37589580000008,
              -3.581917399999952
            ],
            [
              140.3775498000001,
              -3.585924599999942
            ],
            [
              140.38470040000004,
              -3.591069299999958
            ],
            [
              140.38936750000005,
              -3.598896899999943
            ],
            [
              140.38899020000008,
              -3.600030499999946
            ],
            [
              140.38417,
              -3.600934199999926
            ],
            [
              140.3813053,
              -3.605391899999972
            ],
            [
              140.3867259000001,
              -3.613982599999929
            ],
            [
              140.38898050000012,
              -3.621013699999935
            ],
            [
              140.39455140000007,
              -3.62388969999995
            ],
            [
              140.39695660000007,
              -3.630996499999981
            ],
            [
              140.39017880000006,
              -3.630916299999967
            ],
            [
              140.38821430000007,
              -3.639946
            ],
            [
              140.37819390000004,
              -3.645986
            ],
            [
              140.37517910000008,
              -3.649460899999951
            ],
            [
              140.3742688000001,
              -3.655398
            ],
            [
              140.3775041,
              -3.659859799999936
            ],
            [
              140.37238030000003,
              -3.663635499999941
            ],
            [
              140.36951890000012,
              -3.66302879999995
            ],
            [
              140.36748770000008,
              -3.659777199999951
            ],
            [
              140.36439960000007,
              -3.660304099999962
            ],
            [
              140.36364530000003,
              -3.662042099999951
            ],
            [
              140.3660344000001,
              -3.666933
            ],
            [
              140.36046040000008,
              -3.668214
            ],
            [
              140.3562405,
              -3.671612299999936
            ],
            [
              140.34938870000008,
              -3.66926419999993
            ],
            [
              140.34690310000008,
              -3.669715899999971
            ],
            [
              140.34697610000012,
              -3.672890499999937
            ],
            [
              140.35103860000004,
              -3.678940399999931
            ],
            [
              140.35171260000004,
              -3.684231899999929
            ],
            [
              140.34967770000003,
              -3.686195599999962
            ],
            [
              140.34282330000008,
              -3.6874
            ],
            [
              140.34206820000009,
              -3.688642699999946
            ],
            [
              140.3487676000001,
              -3.693560799999943
            ],
            [
              140.35479570000007,
              -3.68955909999994
            ],
            [
              140.35623060000012,
              -3.684042399999953
            ],
            [
              140.36541940000006,
              -3.683293099999958
            ],
            [
              140.3656387000001,
              -3.692666
            ],
            [
              140.36036500000012,
              -3.694929799999954
            ],
            [
              140.35885670000005,
              -3.697725399999968
            ],
            [
              140.35945760000004,
              -3.700069
            ],
            [
              140.36329720000003,
              -3.702112599999964
            ],
            [
              140.3635971000001,
              -3.704002399999979
            ],
            [
              140.3579429,
              -3.71075929999995
            ],
            [
              140.3601271000001,
              -3.710685299999966
            ],
            [
              140.36186080000004,
              -3.708645699999977
            ],
            [
              140.37036960000012,
              -3.710619799999961
            ],
            [
              140.37184550000006,
              -3.708458299999961
            ],
            [
              140.37592530000006,
              -3.712786299999948
            ],
            [
              140.3742218000001,
              -3.715972
            ],
            [
              140.38578680000012,
              -3.720419
            ],
            [
              140.38748160000011,
              -3.729639499999962
            ],
            [
              140.38487120000002,
              -3.732369299999959
            ],
            [
              140.3845947000001,
              -3.736090199999978
            ],
            [
              140.38368570000011,
              -3.736219499999947
            ],
            [
              140.38186650000011,
              -3.737325799999951
            ]
          ]
        ]
      }
    },
    {
      "type": "Feature",
      "properties": {
        "shapeName": "Kepulauan Yapen",
        "shapeISO": "",
        "shapeID": "22746128B96094928872069",
        "shapeGroup": "IDN",
        "shapeType": "ADM2",
        "district": "Kepulauan Yapen",
        "district_code": "22746128B96094928872069",
        "aliases": [
          "Kep. Yapen"
        ]
      },
      "geometry": {
        "type": "MultiPolygon",
        "coordinates": [
          [
            [
              [
                136.3899536,
                -1.974856699999975
              ],
              [
                136.38848880000012,
                -1.975336699999957
              ],
              [
                136.39175410000007,
                -1.976756599999931
              ],
              [
                136.3899536,
                -1.974856699999975
              ]
            ]
          ],
          [
            [
              [
                136.32208250000008,
                -1.963936599999954
              ],
              [
                136.3217926000001,
                -1.962186599999939
              ],
              [
                136.31861880000008,
                -1.959986599999979
              ],
              [
                136.318573,
                -1.962426499999935
              ],
              [
                136.32208250000008,
                -1.963936599999954
              ]
            ]
          ],
          [
            [
              [
                136.36198420000005,
                -1.958676599999933
              ],
              [
                136.36174010000002,
                -1.957066699999928
              ],
              [
                136.36096190000012,
                -1.957996599999944
              ],
              [
                136.36198420000005,
                -1.958676599999933
              ]
            ]
          ],
          [
            [
              [
                136.37777710000012,
                -1.962566599999946
              ],
              [
                136.3793793000001,
                -1.958576599999958
              ],
              [
                136.37644960000011,
                -1.95667659999998
              ],
              [
                136.374939,
                -1.959556599999928
              ],
              [
                136.37777710000012,
                -1.962566599999946
              ]
            ]
          ],
          [
            [
              [
                136.31559750000008,
                -1.949316599999975
              ],
              [
                136.31179810000003,
                -1.95014649999996
              ],
              [
                136.31726070000002,
                -1.955746699999963
              ],
              [
                136.31559750000008,
                -1.949316599999975
              ]
            ]
          ],
          [
            [
              [
                136.3069,
                -1.940286599999979
              ],
              [
                136.3041687000001,
                -1.939776499999937
              ],
              [
                136.306488,
                -1.94093659999993
              ],
              [
                136.3064422000001,
                -1.943326599999978
              ],
              [
                136.30921940000007,
                -1.94425659999996
              ],
              [
                136.3099975,
                -1.947416499999974
              ],
              [
                136.3114624000001,
                -1.947856599999966
              ],
              [
                136.31242370000007,
                -1.946976499999948
              ],
              [
                136.31073,
                -1.944256499999938
              ],
              [
                136.31097410000007,
                -1.94118659999998
              ],
              [
                136.3069,
                -1.940286599999979
              ]
            ]
          ],
          [
            [
              [
                136.369049,
                -1.921616299999926
              ],
              [
                136.36897280000005,
                -1.920156199999951
              ],
              [
                136.36807250000004,
                -1.921516299999951
              ],
              [
                136.369049,
                -1.921616299999926
              ]
            ]
          ],
          [
            [
              [
                136.38330080000003,
                -1.924406199999964
              ],
              [
                136.3813934000001,
                -1.915536199999963
              ],
              [
                136.38076780000006,
                -1.91845619999998
              ],
              [
                136.38330080000003,
                -1.924406199999964
              ]
            ]
          ],
          [
            [
              [
                136.36524960000008,
                -1.905396199999927
              ],
              [
                136.36329650000005,
                -1.905436299999963
              ],
              [
                136.36344910000003,
                -1.906806199999949
              ],
              [
                136.36116030000005,
                -1.907636299999979
              ],
              [
                136.360672,
                -1.905246299999931
              ],
              [
                136.35925290000012,
                -1.907776199999944
              ],
              [
                136.3634949000001,
                -1.91084619999998
              ],
              [
                136.36833190000004,
                -1.90803619999997
              ],
              [
                136.36851500000012,
                -1.906946299999959
              ],
              [
                136.36656190000008,
                -1.907536299999947
              ],
              [
                136.3665161,
                -1.905686199999934
              ],
              [
                136.36524960000008,
                -1.905396199999927
              ]
            ]
          ],
          [
            [
              [
                136.3743591000001,
                -1.90543619999994
              ],
              [
                136.37269590000005,
                -1.904856199999927
              ],
              [
                136.37149050000005,
                -1.906996299999946
              ],
              [
                136.37480160000007,
                -1.908846099999948
              ],
              [
                136.37596130000009,
                -1.905826199999979
              ],
              [
                136.3743591000001,
                -1.90543619999994
              ]
            ]
          ],
          [
            [
              [
                136.39836120000007,
                -1.903766399999938
              ],
              [
                136.39431760000002,
                -1.90381629999996
              ],
              [
                136.3895874000001,
                -1.906986399999937
              ],
              [
                136.38861080000004,
                -1.90956639999996
              ],
              [
                136.38978570000006,
                -1.909226299999943
              ],
              [
                136.3906555000001,
                -1.910546299999965
              ],
              [
                136.389389,
                -1.909766299999944
              ],
              [
                136.3883819,
                -1.911266299999966
              ],
              [
                136.38783260000002,
                -1.910006299999964
              ],
              [
                136.3875885000001,
                -1.912886399999934
              ],
              [
                136.3865661000001,
                -1.910546299999965
              ],
              [
                136.38583370000003,
                -1.912296399999946
              ],
              [
                136.3827209000001,
                -1.913646299999925
              ],
              [
                136.38861080000004,
                -1.91448639999993
              ],
              [
                136.3899841000001,
                -1.911226399999975
              ],
              [
                136.39183040000012,
                -1.911176299999966
              ],
              [
                136.39154050000002,
                -1.91332639999996
              ],
              [
                136.39016720000006,
                -1.912936299999956
              ],
              [
                136.39241030000005,
                -1.914346299999977
              ],
              [
                136.39178470000002,
                -1.915806299999929
              ],
              [
                136.39031980000004,
                -1.914096299999926
              ],
              [
                136.38456730000007,
                -1.915466299999935
              ],
              [
                136.38612360000002,
                -1.918586399999924
              ],
              [
                136.38778680000007,
                -1.917606299999932
              ],
              [
                136.3900757,
                -1.91902639999995
              ],
              [
                136.3912964000001,
                -1.91790629999997
              ],
              [
                136.3914337000001,
                -1.919946299999935
              ],
              [
                136.393341,
                -1.920676399999934
              ],
              [
                136.39294430000007,
                -1.91804639999998
              ],
              [
                136.39505,
                -1.918586399999924
              ],
              [
                136.39801020000004,
                -1.916826399999934
              ],
              [
                136.396698,
                -1.918776399999956
              ],
              [
                136.39952090000008,
                -1.91980639999997
              ],
              [
                136.4044037000001,
                -1.916246299999955
              ],
              [
                136.40464780000002,
                -1.91254639999994
              ],
              [
                136.40776060000007,
                -1.913616399999967
              ],
              [
                136.40820310000004,
                -1.909376399999928
              ],
              [
                136.39836120000007,
                -1.903766399999938
              ]
            ]
          ],
          [
            [
              [
                136.3315887000001,
                -1.906446499999959
              ],
              [
                136.32928470000002,
                -1.903756499999929
              ],
              [
                136.32519530000002,
                -1.909076399999947
              ],
              [
                136.32739260000005,
                -1.911366499999929
              ],
              [
                136.32704160000003,
                -1.914476499999978
              ],
              [
                136.3287964000001,
                -1.915216399999963
              ],
              [
                136.32768250000004,
                -1.916336399999977
              ],
              [
                136.32928460000005,
                -1.917746399999942
              ],
              [
                136.3285522000001,
                -1.919206499999973
              ],
              [
                136.33123780000005,
                -1.920326499999931
              ],
              [
                136.3325043000001,
                -1.923546399999964
              ],
              [
                136.33445740000002,
                -1.923786399999926
              ],
              [
                136.3363495000001,
                -1.927836499999955
              ],
              [
                136.33815,
                -1.927486399999964
              ],
              [
                136.34263610000005,
                -1.933096499999976
              ],
              [
                136.33654780000006,
                -1.93211649999995
              ],
              [
                136.330368,
                -1.927876499999968
              ],
              [
                136.329483,
                -1.932556499999976
              ],
              [
                136.33085630000005,
                -1.93552649999998
              ],
              [
                136.33918760000006,
                -1.942156399999931
              ],
              [
                136.34332270000004,
                -1.95199649999995
              ],
              [
                136.34912110000005,
                -1.953706499999953
              ],
              [
                136.35403440000005,
                -1.959946499999944
              ],
              [
                136.35603330000004,
                -1.96120639999998
              ],
              [
                136.3584747000001,
                -1.960676399999954
              ],
              [
                136.36105350000003,
                -1.962766399999964
              ],
              [
                136.36091610000005,
                -1.958916399999964
              ],
              [
                136.3594971000001,
                -1.95862649999998
              ],
              [
                136.35643,
                -1.948836399999948
              ],
              [
                136.35983280000005,
                -1.947566499999937
              ],
              [
                136.36393740000005,
                -1.950586399999963
              ],
              [
                136.36889650000012,
                -1.942646499999967
              ],
              [
                136.3660278000001,
                -1.941376399999967
              ],
              [
                136.36700440000004,
                -1.938986399999976
              ],
              [
                136.36540220000006,
                -1.937476499999946
              ],
              [
                136.3656311000001,
                -1.934216499999934
              ],
              [
                136.3636474000001,
                -1.932506399999966
              ],
              [
                136.3594055000001,
                -1.935046399999976
              ],
              [
                136.36091610000005,
                -1.939136499999961
              ],
              [
                136.35540770000011,
                -1.938256399999943
              ],
              [
                136.35682680000002,
                -1.93645639999994
              ],
              [
                136.35667420000004,
                -1.930506499999979
              ],
              [
                136.3577881000001,
                -1.93167649999998
              ],
              [
                136.359787,
                -1.930166499999928
              ],
              [
                136.35960390000002,
                -1.927006499999948
              ],
              [
                136.36100770000007,
                -1.925346499999932
              ],
              [
                136.3576965000001,
                -1.921596499999964
              ],
              [
                136.35935970000003,
                -1.918426499999953
              ],
              [
                136.35842890000004,
                -1.916336399999977
              ],
              [
                136.3542787,
                -1.91949649999998
              ],
              [
                136.3534088,
                -1.917356499999926
              ],
              [
                136.3567200000001,
                -1.915986399999952
              ],
              [
                136.35536190000005,
                -1.914726499999972
              ],
              [
                136.3568725,
                -1.913656499999945
              ],
              [
                136.3546295000001,
                -1.912386399999946
              ],
              [
                136.35643,
                -1.910246499999971
              ],
              [
                136.35794070000009,
                -1.911216499999966
              ],
              [
                136.35667420000004,
                -1.909076399999947
              ],
              [
                136.3577881000001,
                -1.905366399999934
              ],
              [
                136.3522339000001,
                -1.90502639999994
              ],
              [
                136.34785460000012,
                -1.910096499999952
              ],
              [
                136.34794620000002,
                -1.913066499999957
              ],
              [
                136.34609980000005,
                -1.916036499999962
              ],
              [
                136.34385680000003,
                -1.913696499999958
              ],
              [
                136.34312440000008,
                -1.915746399999932
              ],
              [
                136.34127810000007,
                -1.912926399999947
              ],
              [
                136.34283440000002,
                -1.917306399999973
              ],
              [
                136.34205630000008,
                -1.920036399999958
              ],
              [
                136.33927920000008,
                -1.915216499999929
              ],
              [
                136.33737180000003,
                -1.914776399999937
              ],
              [
                136.3381042000001,
                -1.911366499999929
              ],
              [
                136.33537290000004,
                -1.911316499999941
              ],
              [
                136.33650210000008,
                -1.909656499999926
              ],
              [
                136.3353271000001,
                -1.90585649999997
              ],
              [
                136.33386230000008,
                -1.904736499999956
              ],
              [
                136.33323670000004,
                -1.90692649999994
              ],
              [
                136.3315887000001,
                -1.906446499999959
              ]
            ]
          ],
          [
            [
              [
                136.31761170000004,
                -1.903746599999977
              ],
              [
                136.3179474000001,
                -1.900236599999971
              ],
              [
                136.31657410000003,
                -1.901766499999951
              ],
              [
                136.31761170000004,
                -1.903746599999977
              ]
            ]
          ],
          [
            [
              [
                136.35360720000006,
                -1.899006199999974
              ],
              [
                136.35311890000003,
                -1.897156199999927
              ],
              [
                136.35174560000007,
                -1.899826299999972
              ],
              [
                136.3534088,
                -1.90085629999993
              ],
              [
                136.35482790000003,
                -1.899496299999953
              ],
              [
                136.35360720000006,
                -1.899006199999974
              ]
            ]
          ],
          [
            [
              [
                136.33108520000008,
                -1.892136199999925
              ],
              [
                136.3281250000001,
                -1.893646199999978
              ],
              [
                136.3249969000001,
                -1.892526299999929
              ],
              [
                136.3236389000001,
                -1.896086299999979
              ],
              [
                136.32548520000012,
                -1.896276199999932
              ],
              [
                136.32504270000004,
                -1.901886199999979
              ],
              [
                136.33421320000002,
                -1.901936299999932
              ],
              [
                136.33061220000002,
                -1.897886299999925
              ],
              [
                136.33323670000004,
                -1.894326299999932
              ],
              [
                136.33108520000008,
                -1.892136199999925
              ]
            ]
          ],
          [
            [
              [
                135.81298830000003,
                -1.897317799999939
              ],
              [
                135.8162079000001,
                -1.893417799999952
              ],
              [
                135.8114624000001,
                -1.890377799999953
              ],
              [
                135.8089294,
                -1.896357799999976
              ],
              [
                135.81073,
                -1.897867799999972
              ],
              [
                135.81298830000003,
                -1.897317799999939
              ]
            ]
          ],
          [
            [
              [
                136.28277590000005,
                -1.88910919999995
              ],
              [
                136.2821960000001,
                -1.88540919999997
              ],
              [
                136.28013610000005,
                -1.887789299999952
              ],
              [
                136.279068,
                -1.896559399999944
              ],
              [
                136.28302,
                -1.897539299999949
              ],
              [
                136.284729,
                -1.899879299999952
              ],
              [
                136.2830047000001,
                -1.910310399999958
              ],
              [
                136.28634640000007,
                -1.916952
              ],
              [
                136.29008480000005,
                -1.930229299999951
              ],
              [
                136.2890625000001,
                -1.932909199999926
              ],
              [
                136.29299930000002,
                -1.939739199999963
              ],
              [
                136.296051,
                -1.938159399999961
              ],
              [
                136.29548640000007,
                -1.937009299999943
              ],
              [
                136.2973938,
                -1.934469399999955
              ],
              [
                136.2990417000001,
                -1.934419299999945
              ],
              [
                136.30021670000008,
                -1.931789299999934
              ],
              [
                136.29846190000012,
                -1.928769199999977
              ],
              [
                136.30094910000003,
                -1.926729299999977
              ],
              [
                136.30070490000003,
                -1.923169299999927
              ],
              [
                136.29656980000004,
                -1.922829299999933
              ],
              [
                136.29841610000005,
                -1.920099199999925
              ],
              [
                136.29544070000009,
                -1.916489199999944
              ],
              [
                136.29258730000004,
                -1.917312399999958
              ],
              [
                136.29150390000007,
                -1.914929299999926
              ],
              [
                136.29432680000002,
                -1.911616099999947
              ],
              [
                136.29335020000008,
                -1.907329299999958
              ],
              [
                136.29130550000002,
                -1.906069299999956
              ],
              [
                136.29602050000005,
                -1.903429299999971
              ],
              [
                136.294281,
                -1.89792929999993
              ],
              [
                136.29188540000007,
                -1.896469399999944
              ],
              [
                136.28462220000006,
                -1.895829299999946
              ],
              [
                136.29071040000008,
                -1.888529299999959
              ],
              [
                136.29037470000003,
                -1.886919299999931
              ],
              [
                136.28277590000005,
                -1.88910919999995
              ]
            ]
          ],
          [
            [
              [
                136.36407470000006,
                -1.887066199999936
              ],
              [
                136.3621826000001,
                -1.885266299999955
              ],
              [
                136.36038210000004,
                -1.887556299999972
              ],
              [
                136.36236570000005,
                -1.89560629999994
              ],
              [
                136.35798640000007,
                -1.896426299999973
              ],
              [
                136.35842890000004,
                -1.899256199999968
              ],
              [
                136.36051940000004,
                -1.901006199999927
              ],
              [
                136.3586120000001,
                -1.903666299999941
              ],
              [
                136.36207580000007,
                -1.902806299999952
              ],
              [
                136.36227410000004,
                -1.899736299999972
              ],
              [
                136.36378480000008,
                -1.901586299999963
              ],
              [
                136.36471560000007,
                -1.900326299999961
              ],
              [
                136.36689760000002,
                -1.901886199999979
              ],
              [
                136.36909480000008,
                -1.900226199999963
              ],
              [
                136.37113950000003,
                -1.900716199999977
              ],
              [
                136.37095640000007,
                -1.899156099999971
              ],
              [
                136.3727569,
                -1.898326199999929
              ],
              [
                136.37113950000003,
                -1.89345609999998
              ],
              [
                136.3686523,
                -1.893256299999962
              ],
              [
                136.367691,
                -1.889746299999956
              ],
              [
                136.36407470000006,
                -1.887066199999936
              ]
            ]
          ],
          [
            [
              [
                135.8221893000001,
                -1.885407799999939
              ],
              [
                135.82472230000008,
                -1.882977699999969
              ],
              [
                135.8211212000001,
                -1.884897799999976
              ],
              [
                135.8221893000001,
                -1.885407799999939
              ]
            ]
          ],
          [
            [
              [
                135.80361940000012,
                -1.879487799999936
              ],
              [
                135.79949950000002,
                -1.875587799999948
              ],
              [
                135.80003360000012,
                -1.880917799999963
              ],
              [
                135.80361940000012,
                -1.879487799999936
              ]
            ]
          ],
          [
            [
              [
                136.350296,
                -1.878836299999932
              ],
              [
                136.35520930000007,
                -1.875966299999959
              ],
              [
                136.35125730000004,
                -1.874356299999931
              ],
              [
                136.3493194,
                -1.871716299999946
              ],
              [
                136.34373470000003,
                -1.875576299999977
              ],
              [
                136.3446808000001,
                -1.877426299999968
              ],
              [
                136.350296,
                -1.878836299999932
              ]
            ]
          ],
          [
            [
              [
                137.02354430000003,
                -1.830657599999938
              ],
              [
                137.01647950000006,
                -1.830977799999971
              ],
              [
                136.99110410000003,
                -1.837087799999949
              ],
              [
                136.98255920000008,
                -1.837047599999948
              ],
              [
                136.972702,
                -1.834637599999951
              ],
              [
                136.96876520000012,
                -1.836277699999926
              ],
              [
                136.9555511000001,
                -1.833307699999978
              ],
              [
                136.95042590000003,
                -1.836488599999939
              ],
              [
                136.95452880000005,
                -1.842277799999977
              ],
              [
                136.98602290000008,
                -1.850367799999958
              ],
              [
                136.98797600000012,
                -1.850377799999933
              ],
              [
                136.9879608000001,
                -1.847667699999931
              ],
              [
                136.98989870000003,
                -1.846027699999979
              ],
              [
                136.9924621,
                -1.845928599999979
              ],
              [
                137.00035090000006,
                -1.850307699999973
              ],
              [
                137.00180050000006,
                -1.852637799999968
              ],
              [
                137.0072937000001,
                -1.853497699999934
              ],
              [
                137.01316830000007,
                -1.857627699999966
              ],
              [
                137.0167236000001,
                -1.855407699999944
              ],
              [
                137.0202484,
                -1.856457699999964
              ],
              [
                137.02301020000004,
                -1.859217799999954
              ],
              [
                137.03541560000008,
                -1.862737599999946
              ],
              [
                137.03942870000003,
                -1.862647699999968
              ],
              [
                137.04844660000003,
                -1.870327599999939
              ],
              [
                137.0549774000001,
                -1.868747499999927
              ],
              [
                137.05696100000011,
                -1.863917499999957
              ],
              [
                137.04792780000002,
                -1.848597599999948
              ],
              [
                137.03634640000007,
                -1.839817599999947
              ],
              [
                137.03340150000008,
                -1.83451759999997
              ],
              [
                137.02354430000003,
                -1.830657599999938
              ]
            ]
          ],
          [
            [
              [
                135.93725580000012,
                -1.796137599999952
              ],
              [
                135.93243410000002,
                -1.796087499999942
              ],
              [
                135.9300995000001,
                -1.797597499999938
              ],
              [
                135.93389890000003,
                -1.80417749999998
              ],
              [
                135.9374084000001,
                -1.800617599999953
              ],
              [
                135.93725580000012,
                -1.796137599999952
              ]
            ]
          ],
          [
            [
              [
                135.8129272000001,
                -1.784967799999947
              ],
              [
                135.8022919000001,
                -1.785457699999938
              ],
              [
                135.79815670000005,
                -1.790997899999979
              ],
              [
                135.79936220000002,
                -1.799827899999968
              ],
              [
                135.7944946,
                -1.79952789999993
              ],
              [
                135.79669190000004,
                -1.80415789999995
              ],
              [
                135.7945251000001,
                -1.809887899999978
              ],
              [
                135.79711910000003,
                -1.81334789999994
              ],
              [
                135.79858400000012,
                -1.811277899999936
              ],
              [
                135.8005829000001,
                -1.811647899999969
              ],
              [
                135.80204770000012,
                -1.815547899999956
              ],
              [
                135.80400090000012,
                -1.815477899999962
              ],
              [
                135.80412290000004,
                -1.816887899999927
              ],
              [
                135.80715940000005,
                -1.817007799999942
              ],
              [
                135.80874630000005,
                -1.814077699999928
              ],
              [
                135.81216430000006,
                -1.812257799999941
              ],
              [
                135.8177032000001,
                -1.816027799999972
              ],
              [
                135.819046,
                -1.814137799999969
              ],
              [
                135.81697080000004,
                -1.80944779999993
              ],
              [
                135.8249512000001,
                -1.804217799999947
              ],
              [
                135.82415770000011,
                -1.802387799999963
              ],
              [
                135.82531740000002,
                -1.80025779999994
              ],
              [
                135.82330320000005,
                -1.798187699999971
              ],
              [
                135.82318110000006,
                -1.795507799999939
              ],
              [
                135.8215332000001,
                -1.794777699999941
              ],
              [
                135.81935120000003,
                -1.795687799999939
              ],
              [
                135.81935120000003,
                -1.796967699999925
              ],
              [
                135.81855770000004,
                -1.795077799999945
              ],
              [
                135.817337,
                -1.795747799999958
              ],
              [
                135.8188629000001,
                -1.792767799999979
              ],
              [
                135.81758120000006,
                -1.79203769999998
              ],
              [
                135.81764220000002,
                -1.788747799999953
              ],
              [
                135.8129272000001,
                -1.784967799999947
              ]
            ]
          ],
          [
            [
              [
                135.77464290000012,
                -1.779247899999973
              ],
              [
                135.77378840000006,
                -1.778447899999946
              ],
              [
                135.77233890000002,
                -1.780077899999981
              ],
              [
                135.77464290000012,
                -1.779247899999973
              ]
            ]
          ],
          [
            [
              [
                135.869339,
                -1.768748399999936
              ],
              [
                135.867157,
                -1.769328499999972
              ],
              [
                135.86917110000002,
                -1.77135839999994
              ],
              [
                135.87034610000012,
                -1.769798399999956
              ],
              [
                135.869339,
                -1.768748399999936
              ]
            ]
          ],
          [
            [
              [
                135.8326111,
                -1.765367699999956
              ],
              [
                135.829422,
                -1.761957799999948
              ],
              [
                135.829483,
                -1.765167799999972
              ],
              [
                135.8326111,
                -1.765367699999956
              ]
            ]
          ],
          [
            [
              [
                135.7880401000001,
                -1.760847899999931
              ],
              [
                135.7881622000001,
                -1.759077899999966
              ],
              [
                135.7823181000001,
                -1.761577799999941
              ],
              [
                135.77049250000005,
                -1.760117899999955
              ],
              [
                135.77183530000002,
                -1.764987899999937
              ],
              [
                135.76593020000007,
                -1.770717899999966
              ],
              [
                135.76593020000007,
                -1.772907799999928
              ],
              [
                135.770462,
                -1.775897899999961
              ],
              [
                135.76995850000003,
                -1.774367899999959
              ],
              [
                135.77391050000006,
                -1.773887899999977
              ],
              [
                135.77932740000006,
                -1.770347799999968
              ],
              [
                135.7825623000001,
                -1.771807899999942
              ],
              [
                135.78480530000002,
                -1.769127799999978
              ],
              [
                135.78913880000005,
                -1.768827899999962
              ],
              [
                135.7924805,
                -1.770897899999966
              ],
              [
                135.79084780000005,
                -1.767607899999973
              ],
              [
                135.78663630000005,
                -1.764197899999942
              ],
              [
                135.7880401000001,
                -1.760847899999931
              ]
            ]
          ],
          [
            [
              [
                135.7897491000001,
                -1.75810789999997
              ],
              [
                135.7888336000001,
                -1.755797899999948
              ],
              [
                135.7874451,
                -1.757997899999964
              ],
              [
                135.7897491000001,
                -1.75810789999997
              ]
            ]
          ],
          [
            [
              [
                135.8088226000001,
                -1.740297799999951
              ],
              [
                135.80703730000005,
                -1.738707799999929
              ],
              [
                135.80488590000004,
                -1.744707799999958
              ],
              [
                135.8029785000001,
                -1.744707799999958
              ],
              [
                135.80102540000007,
                -1.747317799999962
              ],
              [
                135.79194640000003,
                -1.745797699999969
              ],
              [
                135.79202270000008,
                -1.749187799999959
              ],
              [
                135.7934265,
                -1.750047799999948
              ],
              [
                135.79826350000008,
                -1.748367799999926
              ],
              [
                135.80079650000005,
                -1.749807799999928
              ],
              [
                135.80059810000012,
                -1.751447799999937
              ],
              [
                135.80302430000006,
                -1.749777799999947
              ],
              [
                135.8074951000001,
                -1.750517799999955
              ],
              [
                135.80734250000012,
                -1.746457799999973
              ],
              [
                135.8090668000001,
                -1.742327799999941
              ],
              [
                135.81237790000012,
                -1.741507799999965
              ],
              [
                135.8088226000001,
                -1.740297799999951
              ]
            ]
          ],
          [
            [
              [
                135.68597410000007,
                -1.709198
              ],
              [
                135.6846008000001,
                -1.708488
              ],
              [
                135.68077090000008,
                -1.714218099999925
              ],
              [
                135.68258670000012,
                -1.714898099999971
              ],
              [
                135.68299860000002,
                -1.716718199999946
              ],
              [
                135.6856232,
                -1.716218
              ],
              [
                135.68721010000002,
                -1.712868
              ],
              [
                135.69132990000003,
                -1.710868
              ],
              [
                135.68852230000005,
                -1.708468
              ],
              [
                135.68597410000007,
                -1.709198
              ]
            ]
          ],
          [
            [
              [
                135.7308044,
                -1.69878609999995
              ],
              [
                135.7324066000001,
                -1.697126099999934
              ],
              [
                135.72958370000003,
                -1.697756199999958
              ],
              [
                135.72967530000005,
                -1.699026099999969
              ],
              [
                135.7308044,
                -1.69878609999995
              ]
            ]
          ],
          [
            [
              [
                135.60516360000008,
                -1.695964599999968
              ],
              [
                135.6029205000001,
                -1.694624499999975
              ],
              [
                135.6019745000001,
                -1.695664499999964
              ],
              [
                135.60481260000006,
                -1.697384599999964
              ],
              [
                135.60516360000008,
                -1.695964599999968
              ]
            ]
          ],
          [
            [
              [
                135.59028620000004,
                -1.689144699999929
              ],
              [
                135.58738710000011,
                -1.687744699999939
              ],
              [
                135.58535770000003,
                -1.689504699999929
              ],
              [
                135.58961490000002,
                -1.691184599999929
              ],
              [
                135.59028620000004,
                -1.689144699999929
              ]
            ]
          ],
          [
            [
              [
                135.58447260000003,
                -1.688572799999974
              ],
              [
                135.58552550000002,
                -1.687782799999979
              ],
              [
                135.5830383000001,
                -1.689193599999953
              ],
              [
                135.58447260000003,
                -1.688572799999974
              ]
            ]
          ],
          [
            [
              [
                135.4687500000001,
                -1.658718699999952
              ],
              [
                135.46698,
                -1.657988799999941
              ],
              [
                135.46824650000008,
                -1.660938699999974
              ],
              [
                135.47038270000007,
                -1.659528699999953
              ],
              [
                135.4687500000001,
                -1.658718699999952
              ]
            ]
          ],
          [
            [
              [
                135.47544860000005,
                -1.599121099999934
              ],
              [
                135.459259,
                -1.601461799999925
              ],
              [
                135.45425420000004,
                -1.599418
              ],
              [
                135.4416351000001,
                -1.602780199999927
              ],
              [
                135.44018560000006,
                -1.60183109999997
              ],
              [
                135.4384308000001,
                -1.602853899999957
              ],
              [
                135.436264,
                -1.601320699999974
              ],
              [
                135.43630980000012,
                -1.603088699999944
              ],
              [
                135.43495180000002,
                -1.603258699999969
              ],
              [
                135.41876220000006,
                -1.600828799999931
              ],
              [
                135.4103851000001,
                -1.601848799999971
              ],
              [
                135.4111481000001,
                -1.604658799999925
              ],
              [
                135.41581730000007,
                -1.607918899999959
              ],
              [
                135.42044070000009,
                -1.607778799999949
              ],
              [
                135.43307490000007,
                -1.611858699999971
              ],
              [
                135.44200130000002,
                -1.611470599999961
              ],
              [
                135.44366460000003,
                -1.612784899999951
              ],
              [
                135.44393920000005,
                -1.619638799999962
              ],
              [
                135.44194030000006,
                -1.62077869999996
              ],
              [
                135.4440770000001,
                -1.62253869999995
              ],
              [
                135.4423065000001,
                -1.624798799999951
              ],
              [
                135.44267270000012,
                -1.631598699999927
              ],
              [
                135.44433590000006,
                -1.636848799999939
              ],
              [
                135.44886780000002,
                -1.642918699999939
              ],
              [
                135.45959470000003,
                -1.633088699999973
              ],
              [
                135.46766660000003,
                -1.638888699999939
              ],
              [
                135.46992490000002,
                -1.646488799999929
              ],
              [
                135.4665222000001,
                -1.65327869999993
              ],
              [
                135.46951290000004,
                -1.65499879999993
              ],
              [
                135.47019960000011,
                -1.65726879999994
              ],
              [
                135.473053,
                -1.657718799999941
              ],
              [
                135.47363280000002,
                -1.659618699999953
              ],
              [
                135.4768524000001,
                -1.660118
              ],
              [
                135.470108,
                -1.665458699999931
              ],
              [
                135.47151180000003,
                -1.668318799999952
              ],
              [
                135.47372440000004,
                -1.669078699999943
              ],
              [
                135.4741821,
                -1.680308699999955
              ],
              [
                135.47712710000008,
                -1.681258699999944
              ],
              [
                135.4862213,
                -1.679588499999966
              ],
              [
                135.49029540000004,
                -1.674788599999943
              ],
              [
                135.4928284,
                -1.674468599999955
              ],
              [
                135.49423220000006,
                -1.679448599999944
              ],
              [
                135.50044250000008,
                -1.679628599999944
              ],
              [
                135.50926210000011,
                -1.685968599999967
              ],
              [
                135.51356510000005,
                -1.686608699999965
              ],
              [
                135.51425170000005,
                -1.683748599999944
              ],
              [
                135.5078125000001,
                -1.679538599999944
              ],
              [
                135.50746160000006,
                -1.675018499999965
              ],
              [
                135.5122986,
                -1.675288699999953
              ],
              [
                135.5131226000001,
                -1.673568599999953
              ],
              [
                135.51004030000001,
                -1.672248599999932
              ],
              [
                135.50914060000002,
                -1.670128599999941
              ],
              [
                135.51289370000006,
                -1.669758699999932
              ],
              [
                135.5164642000001,
                -1.664328599999976
              ],
              [
                135.52189640000006,
                -1.660528699999929
              ],
              [
                135.52230830000008,
                -1.663238599999943
              ],
              [
                135.52597040000012,
                -1.664688799999965
              ],
              [
                135.5283813000001,
                -1.667638699999941
              ],
              [
                135.52362060000007,
                -1.672618599999964
              ],
              [
                135.52297970000006,
                -1.675508599999944
              ],
              [
                135.51977540000007,
                -1.677598599999953
              ],
              [
                135.5186920000001,
                -1.686608699999965
              ],
              [
                135.52447510000002,
                -1.684928599999978
              ],
              [
                135.52670290000003,
                -1.680898699999943
              ],
              [
                135.53236390000006,
                -1.679048499999965
              ],
              [
                135.53245540000012,
                -1.677418499999931
              ],
              [
                135.5345764000001,
                -1.679538499999978
              ],
              [
                135.53556820000006,
                -1.677778499999931
              ],
              [
                135.54141230000005,
                -1.676828499999942
              ],
              [
                135.5422363,
                -1.675328499999978
              ],
              [
                135.54231260000006,
                -1.676648499999942
              ],
              [
                135.5449066000001,
                -1.676738499999942
              ],
              [
                135.5441284000001,
                -1.675558499999966
              ],
              [
                135.54603580000003,
                -1.675508499999978
              ],
              [
                135.546524,
                -1.673018499999955
              ],
              [
                135.54440310000007,
                -1.670488499999976
              ],
              [
                135.54893490000006,
                -1.66523849999993
              ],
              [
                135.55110170000012,
                -1.665188599999965
              ],
              [
                135.55345150000005,
                -1.662468399999966
              ],
              [
                135.5550842,
                -1.662878499999977
              ],
              [
                135.55577090000008,
                -1.66532849999993
              ],
              [
                135.5546875000001,
                -1.666588499999932
              ],
              [
                135.56169130000012,
                -1.667908499999953
              ],
              [
                135.56164550000005,
                -1.671208499999977
              ],
              [
                135.5641022000001,
                -1.672618499999942
              ],
              [
                135.56654360000005,
                -1.671848499999953
              ],
              [
                135.57006840000008,
                -1.676558499999942
              ],
              [
                135.5754700000001,
                -1.674198499999932
              ],
              [
                135.5774536,
                -1.679588399999943
              ],
              [
                135.57542420000004,
                -1.680628499999955
              ],
              [
                135.57826230000012,
                -1.687288499999966
              ],
              [
                135.57980350000003,
                -1.686788399999955
              ],
              [
                135.58044430000007,
                -1.681808299999943
              ],
              [
                135.5821228000001,
                -1.679818399999931
              ],
              [
                135.5855103,
                -1.680990599999973
              ],
              [
                135.58483890000002,
                -1.683368799999926
              ],
              [
                135.59280400000011,
                -1.683888399999944
              ],
              [
                135.59687810000003,
                -1.680718299999967
              ],
              [
                135.60366820000002,
                -1.682528299999944
              ],
              [
                135.60774230000004,
                -1.681128299999955
              ],
              [
                135.6101685000001,
                -1.684491899999955
              ],
              [
                135.61820980000005,
                -1.683978299999978
              ],
              [
                135.62640380000005,
                -1.687058199999967
              ],
              [
                135.6148376000001,
                -1.690306299999975
              ],
              [
                135.6136169,
                -1.691807499999925
              ],
              [
                135.6160278000001,
                -1.694848299999933
              ],
              [
                135.61259460000008,
                -1.696718199999964
              ],
              [
                135.62852480000004,
                -1.696748299999967
              ],
              [
                135.62997440000004,
                -1.695658199999968
              ],
              [
                135.6287079000001,
                -1.694438199999979
              ],
              [
                135.629425,
                -1.692448299999967
              ],
              [
                135.631424,
                -1.692308199999957
              ],
              [
                135.63197330000003,
                -1.689998099999968
              ],
              [
                135.6374512000001,
                -1.687598099999946
              ],
              [
                135.6407776000001,
                -1.684079399999973
              ],
              [
                135.64442440000005,
                -1.685428099999967
              ],
              [
                135.65126040000007,
                -1.684028199999943
              ],
              [
                135.65609740000002,
                -1.68641109999993
              ],
              [
                135.65220640000007,
                -1.690088199999934
              ],
              [
                135.64695740000002,
                -1.692218199999957
              ],
              [
                135.64627070000006,
                -1.694208099999969
              ],
              [
                135.64985660000002,
                -1.693898099999956
              ],
              [
                135.6499023,
                -1.69710809999998
              ],
              [
                135.65959170000008,
                -1.696158199999957
              ],
              [
                135.6616669000001,
                -1.698828099999957
              ],
              [
                135.66419980000012,
                -1.695618099999933
              ],
              [
                135.66387940000004,
                -1.693808199999978
              ],
              [
                135.66642760000002,
                -1.692178099999978
              ],
              [
                135.66656490000003,
                -1.695708199999956
              ],
              [
                135.66864010000006,
                -1.697558199999946
              ],
              [
                135.66822810000008,
                -1.702088099999969
              ],
              [
                135.67076110000005,
                -1.70262809999997
              ],
              [
                135.67080690000012,
                -1.70480809999998
              ],
              [
                135.67298890000006,
                -1.70661819999998
              ],
              [
                135.677475,
                -1.705118199999959
              ],
              [
                135.67941280000002,
                -1.701908099999969
              ],
              [
                135.681778,
                -1.701548
              ],
              [
                135.68127440000012,
                -1.703178
              ],
              [
                135.68276980000007,
                -1.703897899999959
              ],
              [
                135.6833954000001,
                -1.701768
              ],
              [
                135.68589780000002,
                -1.701768
              ],
              [
                135.68960570000002,
                -1.699328099999946
              ],
              [
                135.68960570000002,
                -1.701858099999924
              ],
              [
                135.69490050000002,
                -1.706568
              ],
              [
                135.69775390000007,
                -1.703488
              ],
              [
                135.6950836000001,
                -1.699368
              ],
              [
                135.69775390000007,
                -1.695528
              ],
              [
                135.70118710000008,
                -1.696388
              ],
              [
                135.70979310000007,
                -1.689818
              ],
              [
                135.71351620000007,
                -1.689818
              ],
              [
                135.71540830000004,
                -1.694348
              ],
              [
                135.7220764000001,
                -1.696108
              ],
              [
                135.72573850000003,
                -1.691037899999969
              ],
              [
                135.732254,
                -1.687957899999958
              ],
              [
                135.73425290000012,
                -1.695438299999978
              ],
              [
                135.73289490000002,
                -1.69742789999998
              ],
              [
                135.73606870000003,
                -1.701133599999935
              ],
              [
                135.734787,
                -1.706657899999925
              ],
              [
                135.73565670000005,
                -1.708967899999948
              ],
              [
                135.73841860000005,
                -1.711777899999959
              ],
              [
                135.7398071,
                -1.710417899999925
              ],
              [
                135.74647520000008,
                -1.717437899999936
              ],
              [
                135.75112910000007,
                -1.717527899999936
              ],
              [
                135.75195310000004,
                -1.721467899999936
              ],
              [
                135.75765990000002,
                -1.723187899999971
              ],
              [
                135.7579651000001,
                -1.718477899999925
              ],
              [
                135.76145940000004,
                -1.71467789999997
              ],
              [
                135.76005550000002,
                -1.711687899999959
              ],
              [
                135.7611389000001,
                -1.706657899999925
              ],
              [
                135.76638790000004,
                -1.711547799999948
              ],
              [
                135.77192690000004,
                -1.713752899999974
              ],
              [
                135.77287290000004,
                -1.714847899999938
              ],
              [
                135.7717133000001,
                -1.717696299999943
              ],
              [
                135.77337650000004,
                -1.716235199999971
              ],
              [
                135.77592470000002,
                -1.717329499999948
              ],
              [
                135.78532410000003,
                -1.715769699999953
              ],
              [
                135.78492740000002,
                -1.71980869999993
              ],
              [
                135.7897491000001,
                -1.719747799999936
              ],
              [
                135.78689570000006,
                -1.724137799999937
              ],
              [
                135.79165650000004,
                -1.727257699999939
              ],
              [
                135.7914734000001,
                -1.729207699999961
              ],
              [
                135.78523250000012,
                -1.72784779999995
              ],
              [
                135.78355410000006,
                -1.728167799999937
              ],
              [
                135.78318790000003,
                -1.729977799999972
              ],
              [
                135.77934260000006,
                -1.723327899999958
              ],
              [
                135.776947,
                -1.723817899999972
              ],
              [
                135.7775269000001,
                -1.725858
              ],
              [
                135.775589,
                -1.728707899999961
              ],
              [
                135.77784730000008,
                -1.729797799999972
              ],
              [
                135.77987670000005,
                -1.733967899999925
              ],
              [
                135.77716060000012,
                -1.735187899999971
              ],
              [
                135.77671810000004,
                -1.73789789999995
              ],
              [
                135.77381900000012,
                -1.737267899999949
              ],
              [
                135.77377320000005,
                -1.734597899999926
              ],
              [
                135.7715912000001,
                -1.73192789999996
              ],
              [
                135.7674713,
                -1.731067899999971
              ],
              [
                135.76702880000005,
                -1.738987899999927
              ],
              [
                135.7619476000001,
                -1.744057899999973
              ],
              [
                135.76251220000006,
                -1.748662699999954
              ],
              [
                135.7673492,
                -1.745007899999962
              ],
              [
                135.7688293000001,
                -1.741067899999962
              ],
              [
                135.771286,
                -1.743337899999972
              ],
              [
                135.77322390000006,
                -1.741707899999938
              ],
              [
                135.77626040000007,
                -1.741887899999938
              ],
              [
                135.77798460000008,
                -1.744737899999961
              ],
              [
                135.78065490000006,
                -1.743377899999928
              ],
              [
                135.78065490000006,
                -1.744967899999949
              ],
              [
                135.7836456000001,
                -1.747277899999972
              ],
              [
                135.78518680000002,
                -1.744467799999939
              ],
              [
                135.78355410000006,
                -1.743247899999972
              ],
              [
                135.78717040000004,
                -1.737537699999962
              ],
              [
                135.79034420000005,
                -1.738487699999951
              ],
              [
                135.7940979000001,
                -1.737357699999961
              ],
              [
                135.79441830000007,
                -1.738947799999949
              ],
              [
                135.7993011000001,
                -1.740387799999951
              ],
              [
                135.8011169,
                -1.736457799999926
              ],
              [
                135.806366,
                -1.733107799999971
              ],
              [
                135.81294250000008,
                -1.735367799999949
              ],
              [
                135.8163757000001,
                -1.73414779999996
              ],
              [
                135.82130430000007,
                -1.734917799999948
              ],
              [
                135.82307430000003,
                -1.737947799999972
              ],
              [
                135.822403,
                -1.743337699999927
              ],
              [
                135.81918330000008,
                -1.744967799999927
              ],
              [
                135.8234863,
                -1.750007699999969
              ],
              [
                135.82438660000003,
                -1.748527799999977
              ],
              [
                135.8296051000001,
                -1.747437799999943
              ],
              [
                135.828476,
                -1.750357699999938
              ],
              [
                135.82659910000007,
                -1.749887799999954
              ],
              [
                135.8258972000001,
                -1.751837899999941
              ],
              [
                135.82945250000012,
                -1.752427799999964
              ],
              [
                135.83155820000002,
                -1.754407799999967
              ],
              [
                135.83271790000003,
                -1.757837799999947
              ],
              [
                135.8317413000001,
                -1.761737799999935
              ],
              [
                135.83557130000008,
                -1.761777799999948
              ],
              [
                135.83670040000004,
                -1.758977799999968
              ],
              [
                135.8343658000001,
                -1.755657799999938
              ],
              [
                135.83557130000008,
                -1.754797799999949
              ],
              [
                135.835144,
                -1.756557799999939
              ],
              [
                135.83627320000005,
                -1.756907799999965
              ],
              [
                135.840744,
                -1.748647699999935
              ],
              [
                135.845932,
                -1.746347699999944
              ],
              [
                135.84986880000008,
                -1.752387599999963
              ],
              [
                135.852951,
                -1.753317699999968
              ],
              [
                135.85357670000008,
                -1.758037699999932
              ],
              [
                135.85603330000004,
                -1.757957699999963
              ],
              [
                135.8576660000001,
                -1.759747599999969
              ],
              [
                135.8570099000001,
                -1.764647699999955
              ],
              [
                135.858139,
                -1.767397599999924
              ],
              [
                135.86355590000005,
                -1.765327699999943
              ],
              [
                135.86476130000005,
                -1.768097599999976
              ],
              [
                135.8668365000001,
                -1.763607599999943
              ],
              [
                135.8657379000001,
                -1.76033769999998
              ],
              [
                135.86936950000006,
                -1.76064759999997
              ],
              [
                135.86952210000004,
                -1.759007699999927
              ],
              [
                135.87200930000006,
                -1.758657699999958
              ],
              [
                135.87232970000002,
                -1.75731769999993
              ],
              [
                135.86524960000008,
                -1.752287599999931
              ],
              [
                135.8617859000001,
                -1.754037599999947
              ],
              [
                135.8594971000001,
                -1.753207699999962
              ],
              [
                135.85774230000004,
                -1.749747599999978
              ],
              [
                135.852478,
                -1.745657699999924
              ],
              [
                135.85150150000004,
                -1.74248769999997
              ],
              [
                135.8576508000001,
                -1.738887699999964
              ],
              [
                135.8691864000001,
                -1.740365199999928
              ],
              [
                135.8718719000001,
                -1.744744699999956
              ],
              [
                135.87309260000006,
                -1.74424769999996
              ],
              [
                135.8791351000001,
                -1.748047699999972
              ],
              [
                135.8807220000001,
                -1.750363199999924
              ],
              [
                135.882904,
                -1.749266899999952
              ],
              [
                135.88269040000012,
                -1.752772099999959
              ],
              [
                135.88517760000002,
                -1.753697599999953
              ],
              [
                135.88619990000007,
                -1.759257699999978
              ],
              [
                135.88531490000003,
                -1.760717599999964
              ],
              [
                135.8867798000001,
                -1.763297699999953
              ],
              [
                135.89106750000008,
                -1.761547599999972
              ],
              [
                135.8921967000001,
                -1.762707599999942
              ],
              [
                135.89082340000004,
                -1.768417599999964
              ],
              [
                135.8932648000001,
                -1.771437499999934
              ],
              [
                135.895462,
                -1.77196749999996
              ],
              [
                135.8948669,
                -1.775327599999969
              ],
              [
                135.8973999000001,
                -1.776987599999927
              ],
              [
                135.89944460000004,
                -1.788097499999935
              ],
              [
                135.90544130000012,
                -1.786347499999977
              ],
              [
                135.90885920000005,
                -1.78034759999997
              ],
              [
                135.91343690000008,
                -1.77766749999995
              ],
              [
                135.91177370000003,
                -1.773917599999947
              ],
              [
                135.90657040000008,
                -1.770997499999964
              ],
              [
                135.90530390000004,
                -1.766077499999938
              ],
              [
                135.89999390000003,
                -1.760807499999942
              ],
              [
                135.9005737000001,
                -1.758867499999951
              ],
              [
                135.90408330000002,
                -1.756967599999939
              ],
              [
                135.90608210000005,
                -1.757397499999968
              ],
              [
                135.9081268000001,
                -1.755257499999971
              ],
              [
                135.91148380000004,
                -1.754717599999935
              ],
              [
                135.91596980000008,
                -1.760277499999972
              ],
              [
                135.9164581000001,
                -1.768117599999925
              ],
              [
                135.920105,
                -1.768507599999964
              ],
              [
                135.92390440000008,
                -1.765537499999937
              ],
              [
                135.935852,
                -1.781667599999935
              ],
              [
                135.9367218000001,
                -1.780837499999961
              ],
              [
                135.9393616000001,
                -1.78648759999993
              ],
              [
                135.9393616000001,
                -1.791797499999973
              ],
              [
                135.94169620000002,
                -1.791117499999928
              ],
              [
                135.9458313,
                -1.786147399999948
              ],
              [
                135.94827270000008,
                -1.786197399999935
              ],
              [
                135.94998170000008,
                -1.790587399999936
              ],
              [
                135.95285030000002,
                -1.789467399999978
              ],
              [
                135.953537,
                -1.791947499999935
              ],
              [
                135.95669550000002,
                -1.793897399999935
              ],
              [
                135.95387270000003,
                -1.795597399999963
              ],
              [
                135.95480350000003,
                -1.797207499999956
              ],
              [
                135.95693970000002,
                -1.797307499999931
              ],
              [
                135.95753480000008,
                -1.796087399999976
              ],
              [
                135.9602661,
                -1.797497399999941
              ],
              [
                135.96366880000005,
                -1.79676749999993
              ],
              [
                135.97097780000001,
                -1.802227399999936
              ],
              [
                135.9782867,
                -1.816947499999969
              ],
              [
                135.99334720000002,
                -1.820747499999925
              ],
              [
                136.00971980000008,
                -1.820647399999928
              ],
              [
                136.01770020000004,
                -1.823717399999964
              ],
              [
                136.0212097000001,
                -1.821817299999964
              ],
              [
                136.02243040000008,
                -1.819237199999975
              ],
              [
                136.02520750000008,
                -1.819187299999953
              ],
              [
                136.03515630000004,
                -1.824247399999933
              ],
              [
                136.0394897000001,
                -1.830737299999953
              ],
              [
                136.0494232000001,
                -1.831417299999941
              ],
              [
                136.05322260000003,
                -1.836917299999925
              ],
              [
                136.0603943000001,
                -1.839797099999942
              ],
              [
                136.0659485000001,
                -1.846667199999956
              ],
              [
                136.07159420000005,
                -1.849837199999968
              ],
              [
                136.0755005000001,
                -1.84978719999998
              ],
              [
                136.0888519,
                -1.844717199999934
              ],
              [
                136.0998535000001,
                -1.843397099999947
              ],
              [
                136.10891720000006,
                -1.846326899999951
              ],
              [
                136.11827090000008,
                -1.853387
              ],
              [
                136.1454162000001,
                -1.853246899999931
              ],
              [
                136.1545714,
                -1.857726899999932
              ],
              [
                136.158966,
                -1.862257
              ],
              [
                136.16821290000007,
                -1.867426899999941
              ],
              [
                136.17257690000008,
                -1.871581899999967
              ],
              [
                136.17236330000003,
                -1.874536899999953
              ],
              [
                136.17713930000002,
                -1.873126899999932
              ],
              [
                136.18132020000007,
                -1.866936799999962
              ],
              [
                136.1827383000001,
                -1.866446899999971
              ],
              [
                136.18205260000002,
                -1.870196799999974
              ],
              [
                136.18716430000006,
                -1.869116799999972
              ],
              [
                136.18769830000008,
                -1.865026799999953
              ],
              [
                136.18867490000002,
                -1.865806799999973
              ],
              [
                136.18945310000004,
                -1.864776799999959
              ],
              [
                136.18867490000002,
                -1.862196799999936
              ],
              [
                136.19261170000004,
                -1.864046799999926
              ],
              [
                136.19358820000002,
                -1.862346799999955
              ],
              [
                136.19236750000005,
                -1.860636799999952
              ],
              [
                136.19416810000007,
                -1.859766799999932
              ],
              [
                136.194519,
                -1.862636799999962
              ],
              [
                136.1917419,
                -1.865856899999926
              ],
              [
                136.1897888000001,
                -1.865856899999926
              ],
              [
                136.19110110000008,
                -1.867456799999957
              ],
              [
                136.1891022000001,
                -1.866826799999956
              ],
              [
                136.18812560000003,
                -1.870576899999946
              ],
              [
                136.18492130000004,
                -1.872286799999927
              ],
              [
                136.1855011,
                -1.873746899999958
              ],
              [
                136.18983460000004,
                -1.875106799999969
              ],
              [
                136.19285580000007,
                -1.872386799999958
              ],
              [
                136.1926575000001,
                -1.869606799999929
              ],
              [
                136.195343,
                -1.866826799999956
              ],
              [
                136.19709780000005,
                -1.860346799999945
              ],
              [
                136.19578550000006,
                -1.856936799999971
              ],
              [
                136.19787540000004,
                -1.854986799999949
              ],
              [
                136.20031740000002,
                -1.857126799999946
              ],
              [
                136.19749450000006,
                -1.859276799999975
              ],
              [
                136.19792170000005,
                -1.861616899999945
              ],
              [
                136.20065310000007,
                -1.860346799999945
              ],
              [
                136.20123290000004,
                -1.861666799999966
              ],
              [
                136.20401,
                -1.861416799999972
              ],
              [
                136.2032928000001,
                -1.86253679999993
              ],
              [
                136.205719,
                -1.863856799999951
              ],
              [
                136.2008972000001,
                -1.863706799999932
              ],
              [
                136.20172120000007,
                -1.866046799999936
              ],
              [
                136.1977386000001,
                -1.864976899999931
              ],
              [
                136.19934080000007,
                -1.868386899999962
              ],
              [
                136.19865420000008,
                -1.869706899999926
              ],
              [
                136.20202640000002,
                -1.870236899999952
              ],
              [
                136.2028961000001,
                -1.866246799999942
              ],
              [
                136.20513920000008,
                -1.866876799999943
              ],
              [
                136.2043152000001,
                -1.875306799999976
              ],
              [
                136.20727540000007,
                -1.878866799999969
              ],
              [
                136.20942690000004,
                -1.879786799999977
              ],
              [
                136.21244810000007,
                -1.877746799999954
              ],
              [
                136.2124023,
                -1.875596899999948
              ],
              [
                136.21755980000012,
                -1.874676699999952
              ],
              [
                136.22531130000004,
                -1.882226699999933
              ],
              [
                136.22677610000005,
                -1.88690669999994
              ],
              [
                136.22491450000007,
                -1.889146699999969
              ],
              [
                136.223999,
                -1.89562669999998
              ],
              [
                136.2219543000001,
                -1.897716799999955
              ],
              [
                136.2235565000001,
                -1.903516799999977
              ],
              [
                136.22315980000008,
                -1.907806699999981
              ],
              [
                136.22744750000004,
                -1.905076699999938
              ],
              [
                136.2299805,
                -1.909806699999933
              ],
              [
                136.23106380000002,
                -1.906096699999978
              ],
              [
                136.22866820000002,
                -1.901816699999927
              ],
              [
                136.2321319,
                -1.897526699999958
              ],
              [
                136.23110960000008,
                -1.900256799999966
              ],
              [
                136.2328186000001,
                -1.901076699999976
              ],
              [
                136.2339783000001,
                -1.898356699999965
              ],
              [
                136.2322845000001,
                -1.896106699999962
              ],
              [
                136.23388670000008,
                -1.896156699999949
              ],
              [
                136.2351532,
                -1.893336699999963
              ],
              [
                136.2372894,
                -1.893386699999951
              ],
              [
                136.238266,
                -1.890946799999938
              ],
              [
                136.24099730000012,
                -1.890166799999975
              ],
              [
                136.2429046000001,
                -1.886806699999966
              ],
              [
                136.249527,
                -1.885876699999926
              ],
              [
                136.2542572000001,
                -1.88982679999998
              ],
              [
                136.25230410000006,
                -1.896206699999937
              ],
              [
                136.25868220000007,
                -1.907606699999974
              ],
              [
                136.25952150000012,
                -1.910676699999954
              ],
              [
                136.2584991000001,
                -1.913266699999951
              ],
              [
                136.2632599000001,
                -1.912726799999973
              ],
              [
                136.2618103000001,
                -1.910096799999963
              ],
              [
                136.26223750000008,
                -1.903366699999935
              ],
              [
                136.26585390000002,
                -1.902786699999979
              ],
              [
                136.26409910000007,
                -1.897916699999939
              ],
              [
                136.26556390000007,
                -1.894855
              ],
              [
                136.26475520000008,
                -1.893103199999928
              ],
              [
                136.26795960000004,
                -1.890983499999948
              ],
              [
                136.27174380000008,
                -1.892306599999927
              ],
              [
                136.27178950000007,
                -1.889336599999979
              ],
              [
                136.275589,
                -1.882806499999958
              ],
              [
                136.28129580000007,
                -1.884026699999936
              ],
              [
                136.28402710000012,
                -1.881006599999978
              ],
              [
                136.28607180000006,
                -1.882856599999968
              ],
              [
                136.2911835000001,
                -1.882126599999935
              ],
              [
                136.29180910000002,
                -1.876436199999944
              ],
              [
                136.29684450000002,
                -1.873406599999953
              ],
              [
                136.298645,
                -1.86906659999994
              ],
              [
                136.30088810000007,
                -1.869996499999957
              ],
              [
                136.3022919000001,
                -1.868586499999935
              ],
              [
                136.30444330000012,
                -1.86906659999994
              ],
              [
                136.3130188,
                -1.862786399999948
              ],
              [
                136.3200836000001,
                -1.866146499999957
              ],
              [
                136.3212433000001,
                -1.869166499999949
              ],
              [
                136.32461550000005,
                -1.866096499999969
              ],
              [
                136.32817080000007,
                -1.86482639999997
              ],
              [
                136.33181760000002,
                -1.865516399999933
              ],
              [
                136.3362121,
                -1.862296399999934
              ],
              [
                136.342926,
                -1.860445599999935
              ],
              [
                136.34405520000007,
                -1.863226399999974
              ],
              [
                136.342926,
                -1.864346499999954
              ],
              [
                136.344635,
                -1.865906499999937
              ],
              [
                136.3612518000001,
                -1.868626499999948
              ],
              [
                136.3621826000001,
                -1.872086499999966
              ],
              [
                136.36656190000008,
                -1.876526399999932
              ],
              [
                136.3665161,
                -1.88022639999997
              ],
              [
                136.37113950000003,
                -1.882226399999979
              ],
              [
                136.38040160000003,
                -1.881196399999965
              ],
              [
                136.38011170000004,
                -1.87501629999997
              ],
              [
                136.38430790000007,
                -1.874916299999938
              ],
              [
                136.3883972000001,
                -1.872676399999932
              ],
              [
                136.390152,
                -1.87730629999993
              ],
              [
                136.39439390000007,
                -1.881106399999965
              ],
              [
                136.39297480000005,
                -1.882366299999944
              ],
              [
                136.39784240000006,
                -1.885976299999925
              ],
              [
                136.3983307000001,
                -1.888166299999966
              ],
              [
                136.40032960000008,
                -1.88777639999995
              ],
              [
                136.39945980000005,
                -1.880376299999966
              ],
              [
                136.4075928000001,
                -1.883296399999949
              ],
              [
                136.40750120000007,
                -1.880616299999929
              ],
              [
                136.41178890000003,
                -1.878716299999951
              ],
              [
                136.40988160000006,
                -1.874426399999948
              ],
              [
                136.4118347000001,
                -1.873306399999933
              ],
              [
                136.42327880000005,
                -1.877546199999927
              ],
              [
                136.4226532,
                -1.880566199999976
              ],
              [
                136.42483520000008,
                -1.882076299999937
              ],
              [
                136.4253235000001,
                -1.884416199999976
              ],
              [
                136.43589780000002,
                -1.889096299999949
              ],
              [
                136.4418945000001,
                -1.889146099999948
              ],
              [
                136.449646,
                -1.883196099999964
              ],
              [
                136.45864870000003,
                -1.891916199999969
              ],
              [
                136.4649353000001,
                -1.89318609999998
              ],
              [
                136.46722410000007,
                -1.895186099999933
              ],
              [
                136.46888730000012,
                -1.894596099999944
              ],
              [
                136.46791070000006,
                -1.892606099999966
              ],
              [
                136.47006220000003,
                -1.889876099999981
              ],
              [
                136.4704895000001,
                -1.884316
              ],
              [
                136.4805755000001,
                -1.884266
              ],
              [
                136.4849243000001,
                -1.879295899999931
              ],
              [
                136.48725890000003,
                -1.879156
              ],
              [
                136.49578850000012,
                -1.885736
              ],
              [
                136.49734490000003,
                -1.883686
              ],
              [
                136.4948578000001,
                -1.882276
              ],
              [
                136.49874880000004,
                -1.879645899999957
              ],
              [
                136.50274660000002,
                -1.880956099999935
              ],
              [
                136.50421140000003,
                -1.885096
              ],
              [
                136.5095672000001,
                -1.888165899999933
              ],
              [
                136.51240540000003,
                -1.893086
              ],
              [
                136.51560970000003,
                -1.89377589999998
              ],
              [
                136.5166931000001,
                -1.895476
              ],
              [
                136.51911930000006,
                -1.892356
              ],
              [
                136.5238495000001,
                -1.894255899999962
              ],
              [
                136.52691650000008,
                -1.893335799999932
              ],
              [
                136.52935790000004,
                -1.895475899999951
              ],
              [
                136.53096010000002,
                -1.895035899999925
              ],
              [
                136.53227230000005,
                -1.898055899999974
              ],
              [
                136.53504940000005,
                -1.897865899999942
              ],
              [
                136.5366821,
                -1.899325799999929
              ],
              [
                136.53710940000008,
                -1.89762589999998
              ],
              [
                136.54675290000012,
                -1.896495899999934
              ],
              [
                136.54830930000003,
                -1.889625899999942
              ],
              [
                136.5461120000001,
                -1.89021589999993
              ],
              [
                136.54441830000007,
                -1.889045799999963
              ],
              [
                136.54382320000002,
                -1.892945899999972
              ],
              [
                136.5385132,
                -1.892355899999927
              ],
              [
                136.5384216000001,
                -1.889195899999947
              ],
              [
                136.53700250000009,
                -1.890165899999943
              ],
              [
                136.5357361,
                -1.887725799999942
              ],
              [
                136.53096010000002,
                -1.88529589999996
              ],
              [
                136.53482050000002,
                -1.881835899999942
              ],
              [
                136.5308685000001,
                -1.88222589999998
              ],
              [
                136.52687070000002,
                -1.87783589999998
              ],
              [
                136.52369690000012,
                -1.877305899999953
              ],
              [
                136.52020260000006,
                -1.871015899999975
              ],
              [
                136.5161438,
                -1.869165899999928
              ],
              [
                136.5090332000001,
                -1.859516
              ],
              [
                136.5028076000001,
                -1.857956
              ],
              [
                136.50285340000005,
                -1.849526099999935
              ],
              [
                136.510498,
                -1.848996099999965
              ],
              [
                136.51089480000007,
                -1.851725899999963
              ],
              [
                136.51531980000004,
                -1.855225899999937
              ],
              [
                136.5142975000001,
                -1.856545899999958
              ],
              [
                136.528183,
                -1.863705899999957
              ],
              [
                136.5302276000001,
                -1.867365799999959
              ],
              [
                136.53569030000006,
                -1.869505899999979
              ],
              [
                136.5449066000001,
                -1.865465899999947
              ],
              [
                136.54919430000007,
                -1.867215899999962
              ],
              [
                136.55030820000002,
                -1.870335799999964
              ],
              [
                136.5515289000001,
                -1.870385899999974
              ],
              [
                136.56230160000007,
                -1.868145799999979
              ],
              [
                136.5697937000001,
                -1.862875699999961
              ],
              [
                136.57238770000004,
                -1.862735699999973
              ],
              [
                136.57545470000002,
                -1.864875799999936
              ],
              [
                136.58651730000008,
                -1.863465799999972
              ],
              [
                136.59513850000008,
                -1.865025799999955
              ],
              [
                136.5969848000001,
                -1.863125699999955
              ],
              [
                136.60746760000006,
                -1.865945799999963
              ],
              [
                136.6118011000001,
                -1.863955699999963
              ],
              [
                136.6161346,
                -1.864385699999957
              ],
              [
                136.61862180000003,
                -1.862395599999957
              ],
              [
                136.6226196,
                -1.86404559999994
              ],
              [
                136.62734980000005,
                -1.868435599999941
              ],
              [
                136.62821960000008,
                -1.873055699999952
              ],
              [
                136.6359863,
                -1.871435599999927
              ],
              [
                136.63650510000002,
                -1.869535699999972
              ],
              [
                136.63871760000006,
                -1.868795599999942
              ],
              [
                136.64360050000005,
                -1.870345599999951
              ],
              [
                136.6505737000001,
                -1.867531099999951
              ],
              [
                136.6500397000001,
                -1.865155799999968
              ],
              [
                136.6516723000001,
                -1.861877399999969
              ],
              [
                136.65638730000012,
                -1.860889899999961
              ],
              [
                136.65423580000004,
                -1.859130599999958
              ],
              [
                136.6556091000001,
                -1.855115199999943
              ],
              [
                136.6685943000001,
                -1.852071899999942
              ],
              [
                136.67547600000012,
                -1.842132399999969
              ],
              [
                136.68316650000008,
                -1.838356699999963
              ],
              [
                136.6828613,
                -1.836657199999934
              ],
              [
                136.68771360000005,
                -1.833867299999952
              ],
              [
                136.689743,
                -1.834070199999928
              ],
              [
                136.68769830000008,
                -1.841196799999977
              ],
              [
                136.68893430000003,
                -1.841853399999934
              ],
              [
                136.69349670000008,
                -1.84189
              ],
              [
                136.69898980000005,
                -1.845243399999958
              ],
              [
                136.70680230000005,
                -1.843351699999971
              ],
              [
                136.7121277000001,
                -1.834048699999926
              ],
              [
                136.709198,
                -1.832863799999927
              ],
              [
                136.70297240000002,
                -1.826603599999942
              ],
              [
                136.701004,
                -1.831156699999951
              ],
              [
                136.69950860000006,
                -1.827873199999942
              ],
              [
                136.70066830000007,
                -1.82626369999997
              ],
              [
                136.697052,
                -1.823845499999948
              ],
              [
                136.7031555000001,
                -1.824375399999951
              ],
              [
                136.70356750000008,
                -1.82171539999996
              ],
              [
                136.70626830000003,
                -1.822515399999929
              ],
              [
                136.70877070000006,
                -1.819865299999947
              ],
              [
                136.71817010000007,
                -1.816025299999978
              ],
              [
                136.72412110000005,
                -1.815235299999927
              ],
              [
                136.72900390000007,
                -1.816895199999976
              ],
              [
                136.72996520000004,
                -1.819135299999971
              ],
              [
                136.7337341000001,
                -1.81868529999997
              ],
              [
                136.74217220000003,
                -1.822795299999939
              ],
              [
                136.76051330000007,
                -1.82629529999997
              ],
              [
                136.76162720000002,
                -1.825615299999924
              ],
              [
                136.76055910000002,
                -1.824745299999961
              ],
              [
                136.7627258000001,
                -1.824415299999941
              ],
              [
                136.7651214000001,
                -1.821165199999939
              ],
              [
                136.7688137,
                -1.820884499999977
              ],
              [
                136.7731781000001,
                -1.817395199999964
              ],
              [
                136.77819820000002,
                -1.81709509999996
              ],
              [
                136.77948020000008,
                -1.814935199999979
              ],
              [
                136.78216550000002,
                -1.816045199999962
              ],
              [
                136.78627010000002,
                -1.813035099999979
              ],
              [
                136.78887940000004,
                -1.814235199999928
              ],
              [
                136.792221,
                -1.811985099999958
              ],
              [
                136.79353330000004,
                -1.813365099999942
              ],
              [
                136.80142210000008,
                -1.812765099999979
              ],
              [
                136.81005860000005,
                -1.819585199999949
              ],
              [
                136.81483460000004,
                -1.821445099999949
              ],
              [
                136.82368470000006,
                -1.823035
              ],
              [
                136.82476810000003,
                -1.821985
              ],
              [
                136.828659,
                -1.824175
              ],
              [
                136.83311270000002,
                -1.822115099999962
              ],
              [
                136.8492126000001,
                -1.827385099999958
              ],
              [
                136.85566710000012,
                -1.817415
              ],
              [
                136.86116030000005,
                -1.815195099999926
              ],
              [
                136.8693085000001,
                -1.814354899999955
              ],
              [
                136.871521,
                -1.811484899999925
              ],
              [
                136.873825,
                -1.801034899999934
              ],
              [
                136.88247680000006,
                -1.797385
              ],
              [
                136.8952789000001,
                -1.797724199999948
              ],
              [
                136.90380860000005,
                -1.793574899999953
              ],
              [
                136.89891050000006,
                -1.787114899999949
              ],
              [
                136.8915558000001,
                -1.784634899999958
              ],
              [
                136.8869476000001,
                -1.780685
              ],
              [
                136.88511660000006,
                -1.781984899999941
              ],
              [
                136.8805999000001,
                -1.778244899999947
              ],
              [
                136.874527,
                -1.779014899999936
              ],
              [
                136.8645325000001,
                -1.776494899999932
              ],
              [
                136.848114,
                -1.770105
              ],
              [
                136.80189510000002,
                -1.747945099999924
              ],
              [
                136.79461670000012,
                -1.742255199999931
              ],
              [
                136.78877260000002,
                -1.740105099999937
              ],
              [
                136.78713990000006,
                -1.742585199999951
              ],
              [
                136.7775726000001,
                -1.741985199999931
              ],
              [
                136.77262880000012,
                -1.747475099999974
              ],
              [
                136.7684173,
                -1.747405199999946
              ],
              [
                136.74754330000007,
                -1.743485199999952
              ],
              [
                136.715393,
                -1.731965299999956
              ],
              [
                136.71154780000006,
                -1.733465299999978
              ],
              [
                136.70455930000003,
                -1.730915299999936
              ],
              [
                136.693573,
                -1.731775399999947
              ],
              [
                136.68212890000007,
                -1.728485499999977
              ],
              [
                136.6741333000001,
                -1.728415499999926
              ],
              [
                136.66947930000003,
                -1.726305499999967
              ],
              [
                136.66719050000006,
                -1.728595499999926
              ],
              [
                136.6509552000001,
                -1.729416
              ],
              [
                136.64404290000004,
                -1.726585499999942
              ],
              [
                136.639801,
                -1.727485499999943
              ],
              [
                136.63645930000007,
                -1.725055499999939
              ],
              [
                136.63354490000006,
                -1.72652549999998
              ],
              [
                136.62632750000012,
                -1.724885599999936
              ],
              [
                136.62350460000005,
                -1.726185699999974
              ],
              [
                136.61569210000005,
                -1.725845699999979
              ],
              [
                136.61320490000003,
                -1.727375599999959
              ],
              [
                136.60301210000011,
                -1.727935699999932
              ],
              [
                136.59060670000008,
                -1.725366599999973
              ],
              [
                136.58824160000006,
                -1.729015599999968
              ],
              [
                136.58512880000012,
                -1.72918569999996
              ],
              [
                136.5576324000001,
                -1.721595799999932
              ],
              [
                136.55320740000002,
                -1.722675799999934
              ],
              [
                136.54512020000004,
                -1.721545799999944
              ],
              [
                136.5275726000001,
                -1.715145699999937
              ],
              [
                136.5073089000001,
                -1.711585899999932
              ],
              [
                136.4966736,
                -1.705135799999937
              ],
              [
                136.4924774000001,
                -1.707505799999979
              ],
              [
                136.47714230000008,
                -1.70535719999998
              ],
              [
                136.47177120000003,
                -1.705866
              ],
              [
                136.4620361000001,
                -1.704456
              ],
              [
                136.45376580000004,
                -1.699525899999969
              ],
              [
                136.44618220000007,
                -1.698166
              ],
              [
                136.4450836000001,
                -1.698825899999974
              ],
              [
                136.44725040000003,
                -1.701496
              ],
              [
                136.44639590000008,
                -1.705306099999973
              ],
              [
                136.4389648,
                -1.710556199999928
              ],
              [
                136.4289093000001,
                -1.714266099999975
              ],
              [
                136.41891480000004,
                -1.714676299999951
              ],
              [
                136.40980530000002,
                -1.720066199999962
              ],
              [
                136.40126040000007,
                -1.720466299999941
              ],
              [
                136.39332580000007,
                -1.718206299999963
              ],
              [
                136.3890686000001,
                -1.719746199999975
              ],
              [
                136.37902830000007,
                -1.716346299999941
              ],
              [
                136.37403870000003,
                -1.717666299999962
              ],
              [
                136.36860650000006,
                -1.717076299999974
              ],
              [
                136.3556976000001,
                -1.711186399999974
              ],
              [
                136.35113520000004,
                -1.70543639999994
              ],
              [
                136.34275820000005,
                -1.706616399999973
              ],
              [
                136.32478330000004,
                -1.703766299999927
              ],
              [
                136.31813050000005,
                -1.699366299999951
              ],
              [
                136.31571960000008,
                -1.694616399999973
              ],
              [
                136.31143190000012,
                -1.693166499999961
              ],
              [
                136.31069950000006,
                -1.690996499999926
              ],
              [
                136.30567930000007,
                -1.687736499999971
              ],
              [
                136.2968902,
                -1.685566399999971
              ],
              [
                136.2900085000001,
                -1.687146399999961
              ],
              [
                136.2868347000001,
                -1.685606499999949
              ],
              [
                136.28013610000005,
                -1.678406499999937
              ],
              [
                136.26995850000003,
                -1.678676499999938
              ],
              [
                136.26538080000012,
                -1.675236499999926
              ],
              [
                136.25447080000004,
                -1.672526599999969
              ],
              [
                136.2408905000001,
                -1.671346599999936
              ],
              [
                136.23907470000006,
                -1.66912659999997
              ],
              [
                136.23707580000007,
                -1.67070659999996
              ],
              [
                136.23037720000002,
                -1.66912659999997
              ],
              [
                136.2224579000001,
                -1.66491659999997
              ],
              [
                136.21086120000007,
                -1.65214659999998
              ],
              [
                136.20330810000007,
                -1.648386699999946
              ],
              [
                136.18293760000006,
                -1.655636699999945
              ],
              [
                136.172287,
                -1.653326799999945
              ],
              [
                136.15861510000002,
                -1.654316699999924
              ],
              [
                136.1496582000001,
                -1.652556799999957
              ],
              [
                136.14199830000007,
                -1.648976799999957
              ],
              [
                136.12864680000007,
                -1.653596899999968
              ],
              [
                136.117279,
                -1.653146899999967
              ],
              [
                136.10841370000003,
                -1.65110679999998
              ],
              [
                136.09930420000012,
                -1.65268709999998
              ],
              [
                136.092514,
                -1.649337
              ],
              [
                136.0880737000001,
                -1.650517099999945
              ],
              [
                136.07780460000004,
                -1.649477
              ],
              [
                136.0637207000001,
                -1.657947099999944
              ],
              [
                136.05226130000005,
                -1.659617199999957
              ],
              [
                136.04682920000005,
                -1.657487199999935
              ],
              [
                136.04537960000005,
                -1.655087199999969
              ],
              [
                136.02984620000007,
                -1.653507199999979
              ],
              [
                136.0274048000001,
                -1.650607199999968
              ],
              [
                136.0182648000001,
                -1.648027199999945
              ],
              [
                136.0159149000001,
                -1.648617199999933
              ],
              [
                136.0144653000001,
                -1.647217099999978
              ],
              [
                136.01065060000008,
                -1.649427199999934
              ],
              [
                136.00898740000002,
                -1.647257199999956
              ],
              [
                136.0063934000001,
                -1.646717199999955
              ],
              [
                136.003418,
                -1.651157299999966
              ],
              [
                135.99617000000012,
                -1.653957299999945
              ],
              [
                135.99105830000008,
                -1.652557199999933
              ],
              [
                135.9890137000001,
                -1.648937399999966
              ],
              [
                135.98937990000002,
                -1.646937299999934
              ],
              [
                135.98471070000005,
                -1.648077399999977
              ],
              [
                135.98181150000005,
                -1.645947299999932
              ],
              [
                135.97357180000006,
                -1.653867399999967
              ],
              [
                135.96913150000012,
                -1.654727299999934
              ],
              [
                135.96130370000003,
                -1.651337299999966
              ],
              [
                135.9617157,
                -1.643777199999931
              ],
              [
                135.95423890000006,
                -1.641327299999944
              ],
              [
                135.95108030000006,
                -1.641147399999966
              ],
              [
                135.95057680000002,
                -1.643497499999967
              ],
              [
                135.9477234000001,
                -1.645218599999964
              ],
              [
                135.9421539000001,
                -1.641507399999966
              ],
              [
                135.93798830000003,
                -1.642917399999931
              ],
              [
                135.93251040000007,
                -1.640057399999932
              ],
              [
                135.92376710000008,
                -1.641187399999978
              ],
              [
                135.91444400000012,
                -1.635307399999931
              ],
              [
                135.90475460000005,
                -1.636617399999977
              ],
              [
                135.8989563,
                -1.635217599999976
              ],
              [
                135.89614870000003,
                -1.637297499999931
              ],
              [
                135.8904877000001,
                -1.637927499999932
              ],
              [
                135.89112850000004,
                -1.639877599999977
              ],
              [
                135.88899230000004,
                -1.642097599999943
              ],
              [
                135.8844299000001,
                -1.641377599999942
              ],
              [
                135.8814850000001,
                -1.637977599999942
              ],
              [
                135.87918090000005,
                -1.639837499999942
              ],
              [
                135.87840270000004,
                -1.645037499999944
              ],
              [
                135.87057490000007,
                -1.644317499999943
              ],
              [
                135.87242130000004,
                -1.645987499999933
              ],
              [
                135.87255860000005,
                -1.648847599999954
              ],
              [
                135.87165830000004,
                -1.652687599999979
              ],
              [
                135.8690643000001,
                -1.655000199999961
              ],
              [
                135.87112430000002,
                -1.658673599999929
              ],
              [
                135.87020870000003,
                -1.661067599999967
              ],
              [
                135.86740110000005,
                -1.660207499999956
              ],
              [
                135.8664093000001,
                -1.662927499999967
              ],
              [
                135.86445620000006,
                -1.659707499999968
              ],
              [
                135.85565180000003,
                -1.654641
              ],
              [
                135.85057070000005,
                -1.662821899999926
              ],
              [
                135.8476105000001,
                -1.656447699999944
              ],
              [
                135.8485260000001,
                -1.652917599999967
              ],
              [
                135.8441772000001,
                -1.657987699999978
              ],
              [
                135.8358459000001,
                -1.658217699999966
              ],
              [
                135.83575440000004,
                -1.655587699999955
              ],
              [
                135.8377991000001,
                -1.653867699999978
              ],
              [
                135.83915710000008,
                -1.654867599999932
              ],
              [
                135.84132380000005,
                -1.653957599999956
              ],
              [
                135.8380585000001,
                -1.650197599999956
              ],
              [
                135.836441,
                -1.645037599999966
              ],
              [
                135.84725950000006,
                -1.638657699999953
              ],
              [
                135.84304810000003,
                -1.637927599999955
              ],
              [
                135.83792110000002,
                -1.640377599999965
              ],
              [
                135.835083,
                -1.63927769999998
              ],
              [
                135.83222960000012,
                -1.642457599999943
              ],
              [
                135.82850650000012,
                -1.642968799999949
              ],
              [
                135.8200836000001,
                -1.638207699999953
              ],
              [
                135.8114471,
                -1.638207699999953
              ],
              [
                135.80818180000006,
                -1.63640259999994
              ],
              [
                135.80752560000008,
                -1.633995399999947
              ],
              [
                135.80476380000005,
                -1.635091899999964
              ],
              [
                135.80236820000005,
                -1.632829099999981
              ],
              [
                135.7990417000001,
                -1.633268599999951
              ],
              [
                135.797409,
                -1.631727799999965
              ],
              [
                135.79142760000002,
                -1.631187799999964
              ],
              [
                135.78872680000006,
                -1.627503599999955
              ],
              [
                135.7860412000001,
                -1.626409399999943
              ],
              [
                135.78015140000002,
                -1.627567799999952
              ],
              [
                135.76623540000003,
                -1.625394699999958
              ],
              [
                135.7632599000001,
                -1.628024699999969
              ],
              [
                135.75195310000004,
                -1.629507899999965
              ],
              [
                135.74081420000005,
                -1.626337899999953
              ],
              [
                135.73777770000004,
                -1.629557899999952
              ],
              [
                135.7374566000001,
                -1.63408789999994
              ],
              [
                135.73384090000002,
                -1.633497899999952
              ],
              [
                135.72850040000003,
                -1.635807899999975
              ],
              [
                135.72650150000004,
                -1.634177899999941
              ],
              [
                135.72691350000002,
                -1.631097899999929
              ],
              [
                135.7203522000001,
                -1.626477899999941
              ],
              [
                135.71405030000005,
                -1.627067899999929
              ],
              [
                135.70019530000002,
                -1.625118
              ],
              [
                135.70237730000008,
                -1.627108
              ],
              [
                135.70323180000003,
                -1.632498
              ],
              [
                135.7005157000001,
                -1.631638099999975
              ],
              [
                135.6995697000001,
                -1.629328
              ],
              [
                135.69264220000002,
                -1.634578
              ],
              [
                135.68901060000007,
                -1.631638099999975
              ],
              [
                135.69277950000003,
                -1.628018
              ],
              [
                135.6921387000001,
                -1.623938
              ],
              [
                135.68882750000012,
                -1.620008
              ],
              [
                135.68006900000012,
                -1.620528
              ],
              [
                135.6781311000001,
                -1.619508
              ],
              [
                135.6709442,
                -1.623238
              ],
              [
                135.66336060000003,
                -1.623638
              ],
              [
                135.657135,
                -1.62227809999996
              ],
              [
                135.65431210000008,
                -1.619108099999949
              ],
              [
                135.6414642000001,
                -1.626468199999977
              ],
              [
                135.63179020000007,
                -1.62612809999996
              ],
              [
                135.62986750000005,
                -1.624938099999952
              ],
              [
                135.62385560000007,
                -1.62584819999995
              ],
              [
                135.61672970000006,
                -1.620808099999977
              ],
              [
                135.6096497000001,
                -1.621768199999963
              ],
              [
                135.60421750000012,
                -1.620128299999976
              ],
              [
                135.59782410000003,
                -1.621258299999965
              ],
              [
                135.5937500000001,
                -1.616278399999942
              ],
              [
                135.58735660000002,
                -1.614128299999948
              ],
              [
                135.5871277000001,
                -1.612828399999955
              ],
              [
                135.58135990000005,
                -1.613558399999931
              ],
              [
                135.58062740000003,
                -1.610618399999964
              ],
              [
                135.5719147000001,
                -1.615148399999953
              ],
              [
                135.56640620000007,
                -1.611108399999978
              ],
              [
                135.56138610000005,
                -1.611698399999966
              ],
              [
                135.55781550000006,
                -1.614748499999962
              ],
              [
                135.55056760000002,
                -1.611748499999976
              ],
              [
                135.5457001000001,
                -1.614298499999961
              ],
              [
                135.54100040000003,
                -1.611578499999951
              ],
              [
                135.5329742,
                -1.611128399999927
              ],
              [
                135.5285034000001,
                -1.607108499999924
              ],
              [
                135.52459720000002,
                -1.611409199999969
              ],
              [
                135.519043,
                -1.60823849999997
              ],
              [
                135.50257870000007,
                -1.607168699999932
              ],
              [
                135.49980160000007,
                -1.609038599999963
              ],
              [
                135.4949951000001,
                -1.608468699999946
              ],
              [
                135.47914120000007,
                -1.599588599999947
              ],
              [
                135.47544860000005,
                -1.599121099999934
              ]
            ]
          ],
          [
            [
              [
                135.83042910000006,
                -1.520837499999971
              ],
              [
                135.82617190000008,
                -1.522027499999979
              ],
              [
                135.82583620000003,
                -1.524297599999954
              ],
              [
                135.82833860000005,
                -1.526167499999929
              ],
              [
                135.835083,
                -1.526907599999959
              ],
              [
                135.835434,
                -1.522987599999965
              ],
              [
                135.83042910000006,
                -1.520837499999971
              ]
            ]
          ],
          [
            [
              [
                135.3391113,
                -1.509668199999965
              ],
              [
                135.33659360000001,
                -1.512608199999931
              ],
              [
                135.34014890000003,
                -1.514598099999944
              ],
              [
                135.34796140000003,
                -1.514118199999928
              ],
              [
                135.3515778000001,
                -1.512128099999927
              ],
              [
                135.3486938000001,
                -1.510038
              ],
              [
                135.3391113,
                -1.509668199999965
              ]
            ]
          ],
          [
            [
              [
                135.37008670000012,
                -1.506288099999949
              ],
              [
                135.37136840000005,
                -1.503128099999969
              ],
              [
                135.3703766000001,
                -1.497678
              ],
              [
                135.365036,
                -1.498098099999936
              ],
              [
                135.36277770000004,
                -1.500608099999965
              ],
              [
                135.3642731000001,
                -1.507668099999933
              ],
              [
                135.37008670000012,
                -1.506288099999949
              ]
            ]
          ],
          [
            [
              [
                135.0190735000001,
                -1.481588699999975
              ],
              [
                135.01301580000006,
                -1.484388799999977
              ],
              [
                135.0166931000001,
                -1.486768799999936
              ],
              [
                135.01913450000006,
                -1.486108799999954
              ],
              [
                135.021225,
                -1.483318699999927
              ],
              [
                135.0190735000001,
                -1.481588699999975
              ]
            ]
          ],
          [
            [
              [
                135.353241,
                -1.481598
              ],
              [
                135.3522034,
                -1.480188099999964
              ],
              [
                135.3477478000001,
                -1.48285809999993
              ],
              [
                135.35005190000004,
                -1.488408099999958
              ],
              [
                135.3528748000001,
                -1.488668099999927
              ],
              [
                135.35560610000005,
                -1.486468099999968
              ],
              [
                135.35560610000005,
                -1.482908099999975
              ],
              [
                135.353241,
                -1.481598
              ]
            ]
          ],
          [
            [
              [
                135.00842290000003,
                -1.471598899999947
              ],
              [
                135.00723270000003,
                -1.473148799999933
              ],
              [
                135.0103302000001,
                -1.471418899999946
              ],
              [
                135.00842290000003,
                -1.471598899999947
              ]
            ]
          ],
          [
            [
              [
                135.0993195000001,
                -1.471547
              ],
              [
                135.0993195000001,
                -1.467917099999966
              ],
              [
                135.09782410000003,
                -1.469937099999925
              ],
              [
                135.0982361,
                -1.471727
              ],
              [
                135.0993195000001,
                -1.471547
              ]
            ]
          ],
          [
            [
              [
                135.11964420000004,
                -1.465559399999961
              ],
              [
                135.11714170000005,
                -1.463239399999964
              ],
              [
                135.11737060000007,
                -1.46572939999993
              ],
              [
                135.1144104000001,
                -1.465259399999979
              ],
              [
                135.11232,
                -1.467879399999958
              ],
              [
                135.11297610000008,
                -1.470019499999978
              ],
              [
                135.1114960000001,
                -1.471499499999936
              ],
              [
                135.11448670000004,
                -1.475729399999977
              ],
              [
                135.1129456000001,
                -1.480009399999972
              ],
              [
                135.1051483000001,
                -1.483339499999943
              ],
              [
                135.10015870000007,
                -1.481259499999965
              ],
              [
                135.10176090000004,
                -1.484349499999951
              ],
              [
                135.10069280000005,
                -1.486429599999951
              ],
              [
                135.0946808000001,
                -1.489289499999927
              ],
              [
                135.09690860000012,
                -1.490599499999973
              ],
              [
                135.09643560000006,
                -1.493099599999937
              ],
              [
                135.0944214000001,
                -1.493689499999959
              ],
              [
                135.0957184,
                -1.496959599999968
              ],
              [
                135.0913849000001,
                -1.500889499999971
              ],
              [
                135.09863280000002,
                -1.507977599999947
              ],
              [
                135.10203550000006,
                -1.506443699999977
              ],
              [
                135.103241,
                -1.50820159999995
              ],
              [
                135.1046143000001,
                -1.507959799999981
              ],
              [
                135.11436460000004,
                -1.499681099999975
              ],
              [
                135.11949160000006,
                -1.50205109999996
              ],
              [
                135.12219240000002,
                -1.50044749999995
              ],
              [
                135.12442020000003,
                -1.505580799999962
              ],
              [
                135.12904360000005,
                -1.508990899999958
              ],
              [
                135.13035580000007,
                -1.506630799999925
              ],
              [
                135.1350708000001,
                -1.506420899999966
              ],
              [
                135.13595580000003,
                -1.503750799999978
              ],
              [
                135.14349370000002,
                -1.512180799999953
              ],
              [
                135.1455383000001,
                -1.512490899999932
              ],
              [
                135.1528015,
                -1.519410799999946
              ],
              [
                135.15908810000008,
                -1.520930899999939
              ],
              [
                135.1680298000001,
                -1.518050699999947
              ],
              [
                135.16908260000002,
                -1.520300799999973
              ],
              [
                135.17567440000005,
                -1.524170799999979
              ],
              [
                135.1785126000001,
                -1.521240699999964
              ],
              [
                135.1757355000001,
                -1.514850699999954
              ],
              [
                135.1769409000001,
                -1.510870699999941
              ],
              [
                135.186203,
                -1.512290699999937
              ],
              [
                135.1860504000001,
                -1.518410699999947
              ],
              [
                135.1876221000001,
                -1.518390699999941
              ],
              [
                135.18966680000005,
                -1.515430699999968
              ],
              [
                135.1936951,
                -1.518310699999972
              ],
              [
                135.196991,
                -1.516470699999957
              ],
              [
                135.1999359,
                -1.516630699999951
              ],
              [
                135.20108030000006,
                -1.518200799999931
              ],
              [
                135.20343020000007,
                -1.517470699999933
              ],
              [
                135.20773310000004,
                -1.523130799999933
              ],
              [
                135.20491030000005,
                -1.52711069999998
              ],
              [
                135.20558170000004,
                -1.52800069999995
              ],
              [
                135.20974730000012,
                -1.525850699999978
              ],
              [
                135.20933530000002,
                -1.524490699999944
              ],
              [
                135.21263120000003,
                -1.520770599999935
              ],
              [
                135.21498110000005,
                -1.520770599999935
              ],
              [
                135.21551510000006,
                -1.523070599999926
              ],
              [
                135.2191772000001,
                -1.522080499999959
              ],
              [
                135.2193909,
                -1.524750599999948
              ],
              [
                135.22152710000012,
                -1.525170599999967
              ],
              [
                135.22367860000008,
                -1.519040599999926
              ],
              [
                135.2298584,
                -1.519880599999965
              ],
              [
                135.2302704000001,
                -1.518360599999937
              ],
              [
                135.24255370000003,
                -1.521610599999974
              ],
              [
                135.24502560000008,
                -1.528620599999954
              ],
              [
                135.24726870000006,
                -1.529812699999979
              ],
              [
                135.25614930000006,
                -1.52841049999995
              ],
              [
                135.2572937000001,
                -1.526580599999932
              ],
              [
                135.26170350000007,
                -1.526740399999937
              ],
              [
                135.26448060000007,
                -1.52396049999993
              ],
              [
                135.2791443000001,
                -1.516470399999946
              ],
              [
                135.28222660000006,
                -1.517210499999976
              ],
              [
                135.28558350000003,
                -1.521080499999925
              ],
              [
                135.2891846000001,
                -1.518670399999962
              ],
              [
                135.2990417000001,
                -1.519300499999929
              ],
              [
                135.3055267000001,
                -1.516110399999945
              ],
              [
                135.3089294,
                -1.512550399999952
              ],
              [
                135.31370540000012,
                -1.51375029999997
              ],
              [
                135.3204346000001,
                -1.509200299999975
              ],
              [
                135.32540890000007,
                -1.509460299999944
              ],
              [
                135.32597350000003,
                -1.505320299999937
              ],
              [
                135.3237305,
                -1.502650399999936
              ],
              [
                135.3289642000001,
                -1.500970399999972
              ],
              [
                135.33612060000007,
                -1.492960299999936
              ],
              [
                135.33390810000003,
                -1.487620399999969
              ],
              [
                135.33444210000005,
                -1.48495029999998
              ],
              [
                135.33737180000003,
                -1.483220299999971
              ],
              [
                135.33525090000012,
                -1.481040399999927
              ],
              [
                135.3288116000001,
                -1.488350399999945
              ],
              [
                135.3250885000001,
                -1.488510399999939
              ],
              [
                135.32063290000008,
                -1.494370299999957
              ],
              [
                135.315506,
                -1.494010299999957
              ],
              [
                135.31086730000004,
                -1.496000399999957
              ],
              [
                135.3087769000001,
                -1.493380299999956
              ],
              [
                135.30888370000002,
                -1.49034039999998
              ],
              [
                135.30500790000008,
                -1.490710399999955
              ],
              [
                135.303833,
                -1.48738039999995
              ],
              [
                135.30072020000011,
                -1.486210299999925
              ],
              [
                135.29846190000012,
                -1.48825039999997
              ],
              [
                135.2960968000001,
                -1.486990299999945
              ],
              [
                135.29898070000002,
                -1.479970299999934
              ],
              [
                135.29725650000012,
                -1.474680399999954
              ],
              [
                135.295105,
                -1.475840299999959
              ],
              [
                135.2934265,
                -1.475100399999974
              ],
              [
                135.29039000000012,
                -1.478980399999955
              ],
              [
                135.2856293000001,
                -1.478560499999958
              ],
              [
                135.28327940000008,
                -1.481960399999934
              ],
              [
                135.27923580000004,
                -1.481750499999976
              ],
              [
                135.271225,
                -1.490810499999952
              ],
              [
                135.2698669,
                -1.490500399999974
              ],
              [
                135.26939390000007,
                -1.488040499999954
              ],
              [
                135.271759,
                -1.486570499999971
              ],
              [
                135.2713318000001,
                -1.483010499999978
              ],
              [
                135.26541140000006,
                -1.481860499999925
              ],
              [
                135.26153560000012,
                -1.478770499999939
              ],
              [
                135.25970460000008,
                -1.482380499999977
              ],
              [
                135.26039120000007,
                -1.488980399999946
              ],
              [
                135.258316,
                -1.491650499999935
              ],
              [
                135.26335140000003,
                -1.492330399999958
              ],
              [
                135.26382450000006,
                -1.496160499999974
              ],
              [
                135.26042170000005,
                -1.502540499999952
              ],
              [
                135.26145940000004,
                -1.506790499999966
              ],
              [
                135.257843,
                -1.511710499999936
              ],
              [
                135.25947570000005,
                -1.518050399999936
              ],
              [
                135.25350950000006,
                -1.521820599999955
              ],
              [
                135.2493591000001,
                -1.519510599999933
              ],
              [
                135.24963380000008,
                -1.516840599999966
              ],
              [
                135.2473755000001,
                -1.514170599999943
              ],
              [
                135.25009150000005,
                -1.511450599999932
              ],
              [
                135.2505188,
                -1.507050599999957
              ],
              [
                135.2473450000001,
                -1.50417049999993
              ],
              [
                135.24342350000006,
                -1.505010599999935
              ],
              [
                135.24169920000008,
                -1.50364049999996
              ],
              [
                135.24394230000007,
                -1.498040599999968
              ],
              [
                135.2493439000001,
                -1.494170499999939
              ],
              [
                135.245575,
                -1.484270599999945
              ],
              [
                135.237915,
                -1.484530599999971
              ],
              [
                135.23582460000011,
                -1.482910599999968
              ],
              [
                135.23194890000002,
                -1.486210599999936
              ],
              [
                135.2303009000001,
                -1.491130599999963
              ],
              [
                135.2253876000001,
                -1.494270599999936
              ],
              [
                135.23040770000011,
                -1.498670599999969
              ],
              [
                135.23077390000003,
                -1.500760599999978
              ],
              [
                135.22480770000004,
                -1.504950599999972
              ],
              [
                135.2241821,
                -1.507680499999935
              ],
              [
                135.2216644,
                -1.508040499999936
              ],
              [
                135.21885680000003,
                -1.503850599999964
              ],
              [
                135.21508790000007,
                -1.501920599999949
              ],
              [
                135.2077637000001,
                -1.504320599999971
              ],
              [
                135.2062988,
                -1.499350499999935
              ],
              [
                135.2071228000001,
                -1.493170599999928
              ],
              [
                135.21763610000005,
                -1.489190599999972
              ],
              [
                135.21705630000008,
                -1.482120599999973
              ],
              [
                135.2185211000001,
                -1.477150599999959
              ],
              [
                135.21569820000002,
                -1.474420499999951
              ],
              [
                135.20993040000008,
                -1.476830599999971
              ],
              [
                135.20678710000004,
                -1.476150599999926
              ],
              [
                135.20516970000006,
                -1.477620599999966
              ],
              [
                135.20291140000006,
                -1.476670599999977
              ],
              [
                135.1983795000001,
                -1.478090799999961
              ],
              [
                135.19702150000012,
                -1.480710699999975
              ],
              [
                135.1924133000001,
                -1.476570699999968
              ],
              [
                135.1929321,
                -1.47992069999998
              ],
              [
                135.19178770000008,
                -1.481810699999926
              ],
              [
                135.18655390000004,
                -1.483270799999957
              ],
              [
                135.18157960000008,
                -1.488460799999928
              ],
              [
                135.17869570000005,
                -1.477770699999951
              ],
              [
                135.1745605000001,
                -1.477930699999945
              ],
              [
                135.17036440000004,
                -1.481540699999925
              ],
              [
                135.1681824000001,
                -1.477660699999944
              ],
              [
                135.1651306000001,
                -1.477880699999957
              ],
              [
                135.1608887000001,
                -1.487360699999954
              ],
              [
                135.15496830000006,
                -1.490450899999928
              ],
              [
                135.14959720000002,
                -1.483320799999944
              ],
              [
                135.14981080000007,
                -1.481280799999979
              ],
              [
                135.1468201,
                -1.479610799999932
              ],
              [
                135.14624020000008,
                -1.474680899999953
              ],
              [
                135.1406403000001,
                -1.473320799999954
              ],
              [
                135.13880920000008,
                -1.471120799999937
              ],
              [
                135.1369324000001,
                -1.471590899999967
              ],
              [
                135.13383480000005,
                -1.478140799999949
              ],
              [
                135.131012,
                -1.473270899999932
              ],
              [
                135.128891,
                -1.474251899999956
              ],
              [
                135.12863160000006,
                -1.477510799999948
              ],
              [
                135.12570190000008,
                -1.478399399999944
              ],
              [
                135.12124630000005,
                -1.476739399999929
              ],
              [
                135.12557980000008,
                -1.472459399999934
              ],
              [
                135.11964420000004,
                -1.465559399999961
              ]
            ]
          ]
        ]
      }
    },
    {
      "type": "Feature",
      "properties": {
        "shapeName": "Kota Jayapura",
        "shapeISO": "",
        "shapeID": "22746128B85346986276333",
        "shapeGroup": "IDN",
        "shapeType": "ADM2",
        "district": "Kota Jayapura",
        "district_code": "22746128B85346986276333",
        "aliases": []
      },
      "geometry": {
        "type": "MultiPolygon",
        "coordinates": [
          [
            [
              [
                140.7081594000001,
                -2.597139599999934
              ],
              [
                140.7057191,
                -2.597043299999939
              ],
              [
                140.70648970000002,
                -2.598584499999959
              ],
              [
                140.70899420000012,
                -2.598070699999937
              ],
              [
                140.7081915000001,
                -2.599451399999964
              ],
              [
                140.7067145000001,
                -2.598937599999942
              ],
              [
                140.70880150000005,
                -2.600960499999928
              ],
              [
                140.71018220000008,
                -2.598391799999945
              ],
              [
                140.7081594000001,
                -2.597139599999934
              ]
            ]
          ],
          [
            [
              [
                140.71830020000004,
                -2.549801199999933
              ],
              [
                140.7169268,
                -2.551842599999929
              ],
              [
                140.7182789000001,
                -2.551736
              ],
              [
                140.71830020000004,
                -2.549801199999933
              ]
            ]
          ],
          [
            [
              [
                140.72137750000002,
                -2.544512699999927
              ],
              [
                140.7194704000001,
                -2.544642599999975
              ],
              [
                140.7263402000001,
                -2.546675
              ],
              [
                140.72538310000004,
                -2.545198
              ],
              [
                140.72137750000002,
                -2.544512699999927
              ]
            ]
          ],
          [
            [
              [
                140.63218050000012,
                -2.716129499999965
              ],
              [
                140.6334240000001,
                -2.722521599999936
              ],
              [
                140.6640073000001,
                -2.725600399999962
              ],
              [
                140.68954960000008,
                -2.720540699999958
              ],
              [
                140.70726620000005,
                -2.707010699999955
              ],
              [
                140.71695210000007,
                -2.706058499999926
              ],
              [
                140.729866,
                -2.707206799999938
              ],
              [
                140.75844170000005,
                -2.718858
              ],
              [
                140.77591970000003,
                -2.721925299999953
              ],
              [
                140.824537,
                -2.734150899999975
              ],
              [
                140.88085460000002,
                -2.766854499999965
              ],
              [
                140.93790840000008,
                -2.790747199999942
              ],
              [
                140.9652579000001,
                -2.80640219999998
              ],
              [
                140.999986,
                -2.82890569999995
              ],
              [
                140.999972,
                -2.604344199999957
              ],
              [
                140.9723616000001,
                -2.607729799999959
              ],
              [
                140.9616291000001,
                -2.606707699999959
              ],
              [
                140.95918730000005,
                -2.609660499999961
              ],
              [
                140.95118050000008,
                -2.61261339999993
              ],
              [
                140.93522370000005,
                -2.615168799999935
              ],
              [
                140.9259108000001,
                -2.610796199999925
              ],
              [
                140.92176540000003,
                -2.615736599999934
              ],
              [
                140.9224524000001,
                -2.621920299999942
              ],
              [
                140.91587590000006,
                -2.623627399999975
              ],
              [
                140.9084113,
                -2.620185299999946
              ],
              [
                140.8870673,
                -2.615175
              ],
              [
                140.80872680000004,
                -2.605861599999969
              ],
              [
                140.8024358,
                -2.604092199999968
              ],
              [
                140.80146960000002,
                -2.60190549999993
              ],
              [
                140.79816070000004,
                -2.60112689999994
              ],
              [
                140.7964479000001,
                -2.598324099999957
              ],
              [
                140.7890126000001,
                -2.59548239999998
              ],
              [
                140.7873776,
                -2.596338799999955
              ],
              [
                140.7883508000001,
                -2.598402
              ],
              [
                140.7867159000001,
                -2.601165899999955
              ],
              [
                140.78321230000006,
                -2.60143839999995
              ],
              [
                140.7819667000001,
                -2.604474699999969
              ],
              [
                140.78290090000007,
                -2.605837199999939
              ],
              [
                140.77896920000012,
                -2.608211799999935
              ],
              [
                140.780721,
                -2.609846799999957
              ],
              [
                140.7846916000001,
                -2.607783599999948
              ],
              [
                140.78807830000005,
                -2.611131399999977
              ],
              [
                140.78857470000003,
                -2.614479199999948
              ],
              [
                140.786531,
                -2.621097
              ],
              [
                140.78024270000003,
                -2.626539899999955
              ],
              [
                140.77237950000006,
                -2.628574299999968
              ],
              [
                140.7672966,
                -2.627637099999959
              ],
              [
                140.76304270000003,
                -2.628538299999946
              ],
              [
                140.748075,
                -2.62437
              ],
              [
                140.735395,
                -2.618020199999933
              ],
              [
                140.72401190000005,
                -2.60945
              ],
              [
                140.71111330000008,
                -2.595309399999962
              ],
              [
                140.70931530000007,
                -2.60128149999997
              ],
              [
                140.71153070000003,
                -2.59723589999993
              ],
              [
                140.71069590000002,
                -2.600286199999971
              ],
              [
                140.7118197000001,
                -2.603304399999956
              ],
              [
                140.72025830000007,
                -2.606520099999955
              ],
              [
                140.72405770000012,
                -2.612820099999965
              ],
              [
                140.72787240000002,
                -2.613720099999966
              ],
              [
                140.7328010000001,
                -2.618770099999949
              ],
              [
                140.73780250000004,
                -2.62728
              ],
              [
                140.73415350000005,
                -2.633078799999964
              ],
              [
                140.7289770000001,
                -2.633644499999946
              ],
              [
                140.7252873000001,
                -2.633294799999931
              ],
              [
                140.71937660000003,
                -2.628458499999965
              ],
              [
                140.71402010000008,
                -2.630045199999927
              ],
              [
                140.70894040000007,
                -2.627328099999943
              ],
              [
                140.70613990000004,
                -2.628495599999951
              ],
              [
                140.703131,
                -2.626105099999961
              ],
              [
                140.69995270000004,
                -2.625802799999974
              ],
              [
                140.6972075000001,
                -2.621660599999927
              ],
              [
                140.70761890000006,
                -2.618050399999959
              ],
              [
                140.70624610000004,
                -2.616971
              ],
              [
                140.70360530000005,
                -2.616452299999935
              ],
              [
                140.69910950000008,
                -2.618757799999969
              ],
              [
                140.69002810000006,
                -2.616653499999927
              ],
              [
                140.68577820000007,
                -2.613307599999928
              ],
              [
                140.69012320000002,
                -2.608683
              ],
              [
                140.68927280000003,
                -2.606155299999955
              ],
              [
                140.69365430000005,
                -2.604618099999925
              ],
              [
                140.69436280000002,
                -2.603006799999946
              ],
              [
                140.69403140000009,
                -2.600161399999934
              ],
              [
                140.69099180000012,
                -2.598698699999943
              ],
              [
                140.69130030000008,
                -2.595441899999969
              ],
              [
                140.6897385000001,
                -2.594791
              ],
              [
                140.69141270000011,
                -2.592253699999958
              ],
              [
                140.693794,
                -2.592430399999955
              ],
              [
                140.69364840000003,
                -2.590589899999941
              ],
              [
                140.69715280000003,
                -2.58929
              ],
              [
                140.69648730000006,
                -2.587979699999948
              ],
              [
                140.70095560000004,
                -2.586868799999934
              ],
              [
                140.698512,
                -2.58477629999993
              ],
              [
                140.701408,
                -2.583244799999932
              ],
              [
                140.6999776,
                -2.581337299999973
              ],
              [
                140.70012540000005,
                -2.577778599999931
              ],
              [
                140.69338890000006,
                -2.57435049999998
              ],
              [
                140.69724010000004,
                -2.572620099999938
              ],
              [
                140.6980149000001,
                -2.574243699999954
              ],
              [
                140.69840610000006,
                -2.573284299999955
              ],
              [
                140.70156250000002,
                -2.574117699999931
              ],
              [
                140.70313440000007,
                -2.570707399999947
              ],
              [
                140.70322740000006,
                -2.574091399999929
              ],
              [
                140.7017065000001,
                -2.575809599999957
              ],
              [
                140.7056679000001,
                -2.581850499999973
              ],
              [
                140.7016833,
                -2.58666
              ],
              [
                140.7069342000001,
                -2.586671599999931
              ],
              [
                140.70732920000012,
                -2.58776359999996
              ],
              [
                140.70511030000011,
                -2.588809099999935
              ],
              [
                140.70924600000012,
                -2.59146949999996
              ],
              [
                140.71045420000007,
                -2.590702699999952
              ],
              [
                140.70823530000007,
                -2.589680399999963
              ],
              [
                140.70835150000005,
                -2.58763579999993
              ],
              [
                140.70858380000004,
                -2.589517799999953
              ],
              [
                140.7101986,
                -2.589785
              ],
              [
                140.71045420000007,
                -2.588611699999944
              ],
              [
                140.711128,
                -2.589912799999979
              ],
              [
                140.71318420000011,
                -2.588181799999973
              ],
              [
                140.71323070000005,
                -2.589854699999933
              ],
              [
                140.7112674000001,
                -2.59106289999994
              ],
              [
                140.71378830000003,
                -2.591004799999951
              ],
              [
                140.71283570000003,
                -2.592817
              ],
              [
                140.71533340000008,
                -2.593792899999926
              ],
              [
                140.7171340000001,
                -2.591667
              ],
              [
                140.7106401000001,
                -2.582425499999943
              ],
              [
                140.7090270000001,
                -2.573328599999968
              ],
              [
                140.7102897000001,
                -2.569073499999945
              ],
              [
                140.7129152000001,
                -2.567427299999963
              ],
              [
                140.71507520000011,
                -2.563208599999939
              ],
              [
                140.71696540000005,
                -2.563249
              ],
              [
                140.718083,
                -2.558455
              ],
              [
                140.72005410000008,
                -2.556948299999931
              ],
              [
                140.7182864,
                -2.553511699999945
              ],
              [
                140.7154087,
                -2.552471799999978
              ],
              [
                140.71816080000008,
                -2.549776699999939
              ],
              [
                140.71839110000008,
                -2.547571299999959
              ],
              [
                140.714975,
                -2.547245499999974
              ],
              [
                140.71335010000007,
                -2.544245199999978
              ],
              [
                140.71212820000005,
                -2.545268699999951
              ],
              [
                140.7076518,
                -2.543973799999947
              ],
              [
                140.70665960000008,
                -2.538734799999929
              ],
              [
                140.70874070000002,
                -2.537432099999933
              ],
              [
                140.7116225000001,
                -2.539134199999978
              ],
              [
                140.72005150000007,
                -2.534135
              ],
              [
                140.7252360000001,
                -2.534989499999938
              ],
              [
                140.725201,
                -2.528900599999929
              ],
              [
                140.72358240000005,
                -2.527414799999974
              ],
              [
                140.7269357,
                -2.52636229999996
              ],
              [
                140.7309123000001,
                -2.51819729999994
              ],
              [
                140.732493,
                -2.52486
              ],
              [
                140.73848080000005,
                -2.531090699999936
              ],
              [
                140.737814,
                -2.535247199999958
              ],
              [
                140.7389919000001,
                -2.534595
              ],
              [
                140.74630220000006,
                -2.538045699999941
              ],
              [
                140.7482539,
                -2.534264
              ],
              [
                140.7423404000001,
                -2.529285
              ],
              [
                140.7422474000001,
                -2.52205859999998
              ],
              [
                140.73817340000005,
                -2.513398099999961
              ],
              [
                140.7326789000001,
                -2.508973199999957
              ],
              [
                140.7299998000001,
                -2.500722699999926
              ],
              [
                140.7205193000001,
                -2.495668399999943
              ],
              [
                140.71984370000007,
                -2.492628099999934
              ],
              [
                140.72096980000003,
                -2.490961499999969
              ],
              [
                140.71667960000002,
                -2.492481699999928
              ],
              [
                140.71162370000002,
                -2.488056399999948
              ],
              [
                140.71265960000005,
                -2.486648799999955
              ],
              [
                140.708786,
                -2.486682599999938
              ],
              [
                140.7040499000001,
                -2.483566
              ],
              [
                140.70010710000008,
                -2.484031699999946
              ],
              [
                140.69395610000004,
                -2.478237299999932
              ],
              [
                140.6876728000001,
                -2.480320499999948
              ],
              [
                140.68673820000004,
                -2.477820699999938
              ],
              [
                140.68481270000007,
                -2.477471599999944
              ],
              [
                140.67749770000012,
                -2.481594799999925
              ],
              [
                140.67329160000008,
                -2.480027799999959
              ],
              [
                140.67246680000005,
                -2.476014099999929
              ],
              [
                140.67070740000008,
                -2.474804499999948
              ],
              [
                140.66320230000008,
                -2.473979799999938
              ],
              [
                140.65764910000007,
                -2.477058799999952
              ],
              [
                140.65281070000003,
                -2.476179099999968
              ],
              [
                140.6249074000001,
                -2.53157
              ],
              [
                140.62204320000012,
                -2.566820299999961
              ],
              [
                140.6255003000001,
                -2.566802499999937
              ],
              [
                140.626313,
                -2.58325259999998
              ],
              [
                140.623573,
                -2.585325399999931
              ],
              [
                140.62259910000012,
                -2.593957299999943
              ],
              [
                140.61728,
                -2.599754399999938
              ],
              [
                140.61408820000008,
                -2.61253709999994
              ],
              [
                140.6211211000001,
                -2.614881399999945
              ],
              [
                140.6266068000001,
                -2.704235899999958
              ],
              [
                140.6312610000001,
                -2.711403399999938
              ],
              [
                140.63218050000012,
                -2.716129499999965
              ]
            ]
          ]
        ]
      }
    },
    {
      "type": "Feature",
      "properties": {
        "shapeName": "Mamberamo Raya",
        "shapeISO": "",
        "shapeID": "22746128B39960960221771",
        "shapeGroup": "IDN",
        "shapeType": "ADM2",
        "district": "Mamberamo Raya",
        "district_code": "22746128B39960960221771",
        "aliases": []
      },
      "geometry": {
        "type": "MultiPolygon",
        "coordinates": [
          [
            [
              [
                136.908966,
                -2.17919349999994
              ],
              [
                136.91047670000012,
                -2.176989599999956
              ],
              [
                136.9085388000001,
                -2.176029699999958
              ],
              [
                136.90788270000007,
                -2.178530699999953
              ],
              [
                136.908966,
                -2.17919349999994
              ]
            ]
          ],
          [
            [
              [
                137.0402527000001,
                -2.108156199999939
              ],
              [
                137.04035950000002,
                -2.106656099999952
              ],
              [
                137.03865050000002,
                -2.107796199999939
              ],
              [
                137.039505,
                -2.108936099999937
              ],
              [
                137.0402527000001,
                -2.108156199999939
              ]
            ]
          ],
          [
            [
              [
                137.1741333000001,
                -2.003335199999981
              ],
              [
                137.17179870000007,
                -2.004815599999972
              ],
              [
                137.171997,
                -2.008445499999937
              ],
              [
                137.17559810000012,
                -2.012655299999949
              ],
              [
                137.1792144000001,
                -2.012675299999955
              ],
              [
                137.1812896,
                -2.016255099999967
              ],
              [
                137.18270870000003,
                -2.015905099999941
              ],
              [
                137.1878967,
                -2.019515299999966
              ],
              [
                137.19294730000001,
                -2.018315299999927
              ],
              [
                137.1972809,
                -2.019925399999977
              ],
              [
                137.19648740000002,
                -2.01337529999995
              ],
              [
                137.17724610000005,
                -2.003585299999941
              ],
              [
                137.17497250000008,
                -2.005215199999952
              ],
              [
                137.1741333000001,
                -2.003335199999981
              ]
            ]
          ],
          [
            [
              [
                137.20362850000004,
                -1.982675799999924
              ],
              [
                137.20240780000006,
                -1.98224579999993
              ],
              [
                137.2067413000001,
                -1.984585799999934
              ],
              [
                137.20515440000008,
                -1.982365799999968
              ],
              [
                137.20362850000004,
                -1.982675799999924
              ]
            ]
          ],
          [
            [
              [
                137.20362850000004,
                -1.984615799999972
              ],
              [
                137.1984863,
                -1.980225799999971
              ],
              [
                137.19606010000007,
                -1.984145799999965
              ],
              [
                137.20097350000003,
                -1.985615799999948
              ],
              [
                137.20362850000004,
                -1.984615799999972
              ]
            ]
          ],
          [
            [
              [
                137.18080140000006,
                -1.979365199999961
              ],
              [
                137.17568970000002,
                -1.979295299999933
              ],
              [
                137.17910760000007,
                -1.983165299999939
              ],
              [
                137.18266290000008,
                -1.984255299999973
              ],
              [
                137.18418880000002,
                -1.98281529999997
              ],
              [
                137.18080140000006,
                -1.979365199999961
              ]
            ]
          ],
          [
            [
              [
                137.19337460000008,
                -1.980125299999941
              ],
              [
                137.1966552,
                -1.977895299999943
              ],
              [
                137.19252010000002,
                -1.975305299999945
              ],
              [
                137.189743,
                -1.977495399999952
              ],
              [
                137.19337460000008,
                -1.980125299999941
              ]
            ]
          ],
          [
            [
              [
                137.20875550000005,
                -1.984925499999974
              ],
              [
                137.21415710000008,
                -1.981235499999968
              ],
              [
                137.20758050000006,
                -1.979485499999953
              ],
              [
                137.19789120000007,
                -1.970615499999951
              ],
              [
                137.195816,
                -1.974425499999938
              ],
              [
                137.20071410000003,
                -1.977165499999956
              ],
              [
                137.20875550000005,
                -1.984925499999974
              ]
            ]
          ],
          [
            [
              [
                137.19226070000002,
                -1.968524199999933
              ],
              [
                137.19604490000006,
                -1.966824199999962
              ],
              [
                137.19343560000004,
                -1.965244199999972
              ],
              [
                137.18869010000003,
                -1.957974199999967
              ],
              [
                137.18748470000003,
                -1.960034399999927
              ],
              [
                137.1872711000001,
                -1.968384299999968
              ],
              [
                137.1855316000001,
                -1.969124299999976
              ],
              [
                137.18588250000005,
                -1.97026429999994
              ],
              [
                137.19105530000002,
                -1.970294199999955
              ],
              [
                137.19226070000002,
                -1.968524199999933
              ]
            ]
          ],
          [
            [
              [
                137.08946220000007,
                -1.856535799999961
              ],
              [
                137.0879516000001,
                -1.855915799999934
              ],
              [
                137.08720390000008,
                -1.857505799999956
              ],
              [
                137.08825680000007,
                -1.860515799999973
              ],
              [
                137.08705140000006,
                -1.871765899999957
              ],
              [
                137.08830260000002,
                -1.888175799999942
              ],
              [
                137.0924225000001,
                -1.894055799999933
              ],
              [
                137.09480280000002,
                -1.894805799999972
              ],
              [
                137.10379030000001,
                -1.882205799999952
              ],
              [
                137.11213680000003,
                -1.876535799999942
              ],
              [
                137.11175530000003,
                -1.875055799999927
              ],
              [
                137.1044922000001,
                -1.870325799999932
              ],
              [
                137.1002807000001,
                -1.861895799999957
              ],
              [
                137.09753420000004,
                -1.859365799999978
              ],
              [
                137.08946220000007,
                -1.856535799999961
              ]
            ]
          ],
          [
            [
              [
                138.17037960000005,
                -1.630883599999947
              ],
              [
                138.133438,
                -1.625563499999942
              ],
              [
                138.09919730000001,
                -1.615403699999945
              ],
              [
                138.06761160000008,
                -1.600993599999924
              ],
              [
                138.0330199000001,
                -1.578223799999932
              ],
              [
                138.01188650000006,
                -1.56055379999998
              ],
              [
                137.99049370000012,
                -1.531934399999955
              ],
              [
                137.98255910000012,
                -1.52911389999997
              ],
              [
                137.98028560000012,
                -1.529063899999926
              ],
              [
                137.97650140000007,
                -1.53232289999994
              ],
              [
                137.9690551000001,
                -1.530731299999957
              ],
              [
                137.96598810000012,
                -1.51553389999998
              ],
              [
                137.95387260000007,
                -1.507808399999931
              ],
              [
                137.9527892000001,
                -1.504191299999945
              ],
              [
                137.95452870000008,
                -1.501143899999931
              ],
              [
                137.9500121000001,
                -1.489253899999937
              ],
              [
                137.9375304,
                -1.469954
              ],
              [
                137.93194570000003,
                -1.458024
              ],
              [
                137.92112720000011,
                -1.460924
              ],
              [
                137.9090728000001,
                -1.469315
              ],
              [
                137.90179440000009,
                -1.471884699999976
              ],
              [
                137.89643850000004,
                -1.470935699999927
              ],
              [
                137.8938293000001,
                -1.469026299999939
              ],
              [
                137.89277640000012,
                -1.46528079999996
              ],
              [
                137.8902892000001,
                -1.464088699999934
              ],
              [
                137.8484039000001,
                -1.464250899999968
              ],
              [
                137.83801260000007,
                -1.461884599999962
              ],
              [
                137.82374570000002,
                -1.465781
              ],
              [
                137.8221588,
                -1.464951
              ],
              [
                137.81593320000002,
                -1.467241099999967
              ],
              [
                137.81098930000007,
                -1.466741099999979
              ],
              [
                137.7985992,
                -1.469465699999944
              ],
              [
                137.7904052,
                -1.476409699999977
              ],
              [
                137.77947990000007,
                -1.479053499999964
              ],
              [
                137.77687070000002,
                -1.482045399999947
              ],
              [
                137.7724151000001,
                -1.482064199999968
              ],
              [
                137.764511,
                -1.477401099999952
              ],
              [
                137.743576,
                -1.476922
              ],
              [
                137.74069210000005,
                -1.479246
              ],
              [
                137.74295040000004,
                -1.493451099999959
              ],
              [
                137.73992910000004,
                -1.497391199999925
              ],
              [
                137.73793020000005,
                -1.49775539999996
              ],
              [
                137.73413080000012,
                -1.494501199999945
              ],
              [
                137.72416680000003,
                -1.494311299999936
              ],
              [
                137.6814422000001,
                -1.504881399999931
              ],
              [
                137.66493220000007,
                -1.513459
              ],
              [
                137.65763850000008,
                -1.514951699999926
              ],
              [
                137.64624020000008,
                -1.521541499999955
              ],
              [
                137.6450195000001,
                -1.525699399999951
              ],
              [
                137.64059440000005,
                -1.529451599999959
              ],
              [
                137.63687130000005,
                -1.529324499999973
              ],
              [
                137.61042780000002,
                -1.545389099999966
              ],
              [
                137.59410090000006,
                -1.551063499999941
              ],
              [
                137.58775320000007,
                -1.556060799999955
              ],
              [
                137.581253,
                -1.554792299999974
              ],
              [
                137.569046,
                -1.561676099999943
              ],
              [
                137.53892510000003,
                -1.572113699999932
              ],
              [
                137.53111260000003,
                -1.578321199999948
              ],
              [
                137.4767303000001,
                -1.597591499999965
              ],
              [
                137.47644040000012,
                -1.60220819999995
              ],
              [
                137.47430420000012,
                -1.605330299999935
              ],
              [
                137.44960020000008,
                -1.621272099999942
              ],
              [
                137.44462580000004,
                -1.628086199999927
              ],
              [
                137.42961120000007,
                -1.634022099999925
              ],
              [
                137.40835570000002,
                -1.647630799999945
              ],
              [
                137.4029693000001,
                -1.651481699999977
              ],
              [
                137.4017639000001,
                -1.655641899999978
              ],
              [
                137.37315360000002,
                -1.668632399999979
              ],
              [
                137.36355590000005,
                -1.675599099999943
              ],
              [
                137.33459470000003,
                -1.687392399999965
              ],
              [
                137.3300170000001,
                -1.691662299999962
              ],
              [
                137.3289642000001,
                -1.697585
              ],
              [
                137.32279960000005,
                -1.702017399999932
              ],
              [
                137.3156738,
                -1.70080669999993
              ],
              [
                137.3139801000001,
                -1.697706799999935
              ],
              [
                137.31018060000008,
                -1.697950499999934
              ],
              [
                137.3016967000001,
                -1.706162399999926
              ],
              [
                137.2771911000001,
                -1.721072599999957
              ],
              [
                137.24668880000002,
                -1.735802499999977
              ],
              [
                137.2426147000001,
                -1.741412599999933
              ],
              [
                137.24571230000004,
                -1.743434399999956
              ],
              [
                137.2463073,
                -1.746478399999944
              ],
              [
                137.24441530000001,
                -1.749949099999981
              ],
              [
                137.24156190000008,
                -1.751387699999952
              ],
              [
                137.2284545000001,
                -1.750845399999946
              ],
              [
                137.2286987000001,
                -1.74905549999994
              ],
              [
                137.21681210000008,
                -1.746196299999951
              ],
              [
                137.2035522000001,
                -1.746845499999949
              ],
              [
                137.16506960000004,
                -1.763275599999929
              ],
              [
                137.15447990000007,
                -1.769925599999965
              ],
              [
                137.15422050000006,
                -1.77300159999993
              ],
              [
                137.151123,
                -1.775935
              ],
              [
                137.14387510000006,
                -1.776182299999959
              ],
              [
                137.14149470000007,
                -1.772836199999972
              ],
              [
                137.13804620000008,
                -1.771644099999946
              ],
              [
                137.1244964000001,
                -1.775726299999974
              ],
              [
                137.113327,
                -1.785307799999941
              ],
              [
                137.113327,
                -1.786623399999939
              ],
              [
                137.11213680000003,
                -1.786266
              ],
              [
                137.1022796000001,
                -1.793094899999971
              ],
              [
                137.0948181000001,
                -1.807217099999946
              ],
              [
                137.08915710000008,
                -1.851615799999934
              ],
              [
                137.091217,
                -1.855345799999952
              ],
              [
                137.09892270000012,
                -1.859015799999952
              ],
              [
                137.1035614000001,
                -1.86318579999994
              ],
              [
                137.10391230000005,
                -1.865615799999944
              ],
              [
                137.10653680000007,
                -1.865930099999957
              ],
              [
                137.10720820000006,
                -1.87054569999998
              ],
              [
                137.1161651000001,
                -1.875215799999978
              ],
              [
                137.122055,
                -1.880185799999936
              ],
              [
                137.1239471,
                -1.888045799999929
              ],
              [
                137.12123110000005,
                -1.890925799999934
              ],
              [
                137.12294,
                -1.893415799999957
              ],
              [
                137.12509150000005,
                -1.892115799999942
              ],
              [
                137.12878420000004,
                -1.896645699999965
              ],
              [
                137.1335296000001,
                -1.897395699999947
              ],
              [
                137.13719170000002,
                -1.893865699999935
              ],
              [
                137.14360040000008,
                -1.898315699999955
              ],
              [
                137.1474151000001,
                -1.905935599999964
              ],
              [
                137.1561432000001,
                -1.931835599999943
              ],
              [
                137.15908810000008,
                -1.930275699999925
              ],
              [
                137.16670220000003,
                -1.933455699999968
              ],
              [
                137.16873160000011,
                -1.932735699999967
              ],
              [
                137.17498780000005,
                -1.939515699999959
              ],
              [
                137.17758170000002,
                -1.939555599999949
              ],
              [
                137.1783905000001,
                -1.937319499999944
              ],
              [
                137.18043510000007,
                -1.936403599999949
              ],
              [
                137.18305970000006,
                -1.937137399999926
              ],
              [
                137.1920166000001,
                -1.945835599999953
              ],
              [
                137.19279480000012,
                -1.954175599999928
              ],
              [
                137.194458,
                -1.956485599999951
              ],
              [
                137.193161,
                -1.959825499999965
              ],
              [
                137.19659420000005,
                -1.960671199999979
              ],
              [
                137.19712830000003,
                -1.962783899999977
              ],
              [
                137.20330810000007,
                -1.966344
              ],
              [
                137.204483,
                -1.970589399999938
              ],
              [
                137.2017211000001,
                -1.970224
              ],
              [
                137.2085876000001,
                -1.977664
              ],
              [
                137.21630860000005,
                -1.979960299999959
              ],
              [
                137.21635430000003,
                -1.982488899999964
              ],
              [
                137.21366880000005,
                -1.986665499999958
              ],
              [
                137.2081604000001,
                -1.990183799999954
              ],
              [
                137.20294190000004,
                -1.98801549999996
              ],
              [
                137.1947021000001,
                -1.987355499999978
              ],
              [
                137.18983460000004,
                -1.988965599999972
              ],
              [
                137.18920890000004,
                -1.991025599999944
              ],
              [
                137.19273370000008,
                -1.992565599999978
              ],
              [
                137.189682,
                -2.000485399999945
              ],
              [
                137.19285580000007,
                -2.001115299999981
              ],
              [
                137.19281,
                -2.003585299999941
              ],
              [
                137.1997070000001,
                -2.008665299999961
              ],
              [
                137.20361320000006,
                -2.013365
              ],
              [
                137.20573420000005,
                -2.020865199999946
              ],
              [
                137.20747370000004,
                -2.020843499999955
              ],
              [
                137.2116390000001,
                -2.024792899999966
              ],
              [
                137.21170040000004,
                -2.029763699999933
              ],
              [
                137.21331780000003,
                -2.03025359999998
              ],
              [
                137.21194450000007,
                -2.032383699999968
              ],
              [
                137.21449280000002,
                -2.034573499999965
              ],
              [
                137.2151794,
                -2.038213699999972
              ],
              [
                137.23104850000004,
                -2.042668099999958
              ],
              [
                137.2318878000001,
                -2.046613499999978
              ],
              [
                137.230484,
                -2.051891299999966
              ],
              [
                137.22760010000002,
                -2.053101499999968
              ],
              [
                137.226715,
                -2.055700099999967
              ],
              [
                137.22216790000004,
                -2.057975099999965
              ],
              [
                137.22135920000005,
                -2.059955099999968
              ],
              [
                137.21643060000008,
                -2.060065
              ],
              [
                137.21141050000006,
                -2.062905099999966
              ],
              [
                137.20574950000002,
                -2.064065
              ],
              [
                137.20509330000004,
                -2.068294299999934
              ],
              [
                137.20172120000007,
                -2.070222099999967
              ],
              [
                137.19989010000006,
                -2.070179499999938
              ],
              [
                137.1957397000001,
                -2.066543799999977
              ],
              [
                137.18930050000006,
                -2.077133699999933
              ],
              [
                137.18574520000004,
                -2.079579099999933
              ],
              [
                137.18145750000008,
                -2.077204
              ],
              [
                137.18135070000005,
                -2.080631699999969
              ],
              [
                137.17822260000003,
                -2.080966199999978
              ],
              [
                137.1752166000001,
                -2.078084
              ],
              [
                137.17324830000007,
                -2.081614
              ],
              [
                137.17515560000004,
                -2.083784099999946
              ],
              [
                137.169815,
                -2.088261599999953
              ],
              [
                137.1683044,
                -2.086174
              ],
              [
                137.1664886000001,
                -2.087303899999938
              ],
              [
                137.167221,
                -2.089304
              ],
              [
                137.16558840000005,
                -2.091944
              ],
              [
                137.1589203000001,
                -2.095053899999925
              ],
              [
                137.15449520000004,
                -2.103107699999953
              ],
              [
                137.14939880000009,
                -2.102198099999953
              ],
              [
                137.14193720000003,
                -2.098057
              ],
              [
                137.133316,
                -2.100972699999943
              ],
              [
                137.12904350000008,
                -2.099587199999974
              ],
              [
                137.12748720000002,
                -2.101427099999967
              ],
              [
                137.1234436000001,
                -2.100087199999962
              ],
              [
                137.12176510000006,
                -2.102087
              ],
              [
                137.12255860000005,
                -2.104337499999929
              ],
              [
                137.11982720000003,
                -2.10797789999998
              ],
              [
                137.11502070000006,
                -2.105837099999974
              ],
              [
                137.11398310000004,
                -2.108335499999953
              ],
              [
                137.1087341000001,
                -2.111041499999942
              ],
              [
                137.10733030000006,
                -2.110924699999941
              ],
              [
                137.10694880000005,
                -2.108663299999932
              ],
              [
                137.10226440000008,
                -2.11096619999995
              ],
              [
                137.0920410000001,
                -2.107737799999938
              ],
              [
                137.09201050000001,
                -2.10323139999997
              ],
              [
                137.09010310000008,
                -2.101559399999928
              ],
              [
                137.08557130000008,
                -2.100618599999962
              ],
              [
                137.07691950000003,
                -2.103472199999942
              ],
              [
                137.07223510000006,
                -2.103158899999926
              ],
              [
                137.06665040000007,
                -2.099857099999952
              ],
              [
                137.0614624000001,
                -2.100127499999928
              ],
              [
                137.05799860000002,
                -2.09839489999996
              ],
              [
                137.05583190000004,
                -2.10253
              ],
              [
                137.05058280000003,
                -2.101906299999939
              ],
              [
                137.04722590000006,
                -2.104446199999927
              ],
              [
                137.0428161000001,
                -2.104686299999969
              ],
              [
                137.0435791000001,
                -2.105466099999944
              ],
              [
                137.0421295000001,
                -2.105436099999963
              ],
              [
                137.0389709000001,
                -2.113487499999962
              ],
              [
                137.03112790000012,
                -2.114335799999935
              ],
              [
                137.02877810000007,
                -2.11680819999998
              ],
              [
                137.02481080000007,
                -2.114786399999957
              ],
              [
                137.02050780000002,
                -2.118296399999963
              ],
              [
                137.01467890000004,
                -2.118256599999938
              ],
              [
                137.000061,
                -2.129096699999934
              ],
              [
                136.987091,
                -2.128556699999933
              ],
              [
                136.97686770000007,
                -2.132746199999929
              ],
              [
                136.975708,
                -2.131236299999955
              ],
              [
                136.97038270000007,
                -2.131454899999937
              ],
              [
                136.9624328000001,
                -2.12859629999997
              ],
              [
                136.9586944,
                -2.125516399999981
              ],
              [
                136.95561220000002,
                -2.125066299999958
              ],
              [
                136.95481870000003,
                -2.126650299999937
              ],
              [
                136.9514160000001,
                -2.126979099999971
              ],
              [
                136.94226070000002,
                -2.12174129999994
              ],
              [
                136.93785090000006,
                -2.128786599999955
              ],
              [
                136.94110100000012,
                -2.132106299999975
              ],
              [
                136.94085690000009,
                -2.134176199999956
              ],
              [
                136.94436640000004,
                -2.140186299999925
              ],
              [
                136.9424438000001,
                -2.140626399999974
              ],
              [
                136.93876650000004,
                -2.146746399999927
              ],
              [
                136.93507440000008,
                -2.147977599999933
              ],
              [
                136.93244930000003,
                -2.151126399999953
              ],
              [
                136.9249115,
                -2.150636399999939
              ],
              [
                136.92530820000002,
                -2.15196629999997
              ],
              [
                136.9218750000001,
                -2.155516399999954
              ],
              [
                136.9183349000001,
                -2.164796599999931
              ],
              [
                136.91564940000012,
                -2.165228899999931
              ],
              [
                136.9152527000001,
                -2.170395799999937
              ],
              [
                136.91189570000006,
                -2.17417759999995
              ],
              [
                136.91186520000008,
                -2.178599599999927
              ],
              [
                136.90856930000007,
                -2.179721399999949
              ],
              [
                136.90411370000004,
                -2.177321699999936
              ],
              [
                136.90168760000006,
                -2.178173799999968
              ],
              [
                136.89614860000006,
                -2.176199899999972
              ],
              [
                136.8930511000001,
                -2.17634529999998
              ],
              [
                136.8938141000001,
                -2.177853599999935
              ],
              [
                136.89025880000008,
                -2.173515099999975
              ],
              [
                136.88262940000004,
                -2.177594699999929
              ],
              [
                136.8807220000001,
                -2.17769
              ],
              [
                136.8781738,
                -2.175483899999961
              ],
              [
                136.87451170000008,
                -2.175564
              ],
              [
                136.86477660000003,
                -2.183934
              ],
              [
                136.86273190000009,
                -2.181694
              ],
              [
                136.85696410000003,
                -2.183114099999955
              ],
              [
                136.85281370000007,
                -2.189824
              ],
              [
                136.84980770000004,
                -2.192054
              ],
              [
                136.84938050000005,
                -2.190484099999935
              ],
              [
                136.8469391000001,
                -2.192044
              ],
              [
                136.845581,
                -2.190424
              ],
              [
                136.84182740000006,
                -2.195564
              ],
              [
                136.83905030000005,
                -2.195024
              ],
              [
                136.8376922000001,
                -2.196379399999955
              ],
              [
                136.83612060000007,
                -2.194785599999932
              ],
              [
                136.83479310000007,
                -2.182585499999959
              ],
              [
                136.83752440000012,
                -2.174695499999928
              ],
              [
                136.83670040000004,
                -2.172817699999939
              ],
              [
                136.834198,
                -2.172701099999927
              ],
              [
                136.8258819,
                -2.176778599999977
              ],
              [
                136.811615,
                -2.174403199999972
              ],
              [
                136.80804440000009,
                -2.174646899999971
              ],
              [
                136.8069763000001,
                -2.176330299999961
              ],
              [
                136.8225874000001,
                -2.186435899999935
              ],
              [
                136.82263380000006,
                -2.190361
              ],
              [
                136.82717760000003,
                -2.194517799999971
              ],
              [
                136.8250859000001,
                -2.200241099999971
              ],
              [
                136.825747,
                -2.20356
              ],
              [
                136.83493040000008,
                -2.213204099999928
              ],
              [
                136.83936770000003,
                -2.213408199999947
              ],
              [
                136.83867610000004,
                -2.21943049999993
              ],
              [
                136.84116160000008,
                -2.219684299999926
              ],
              [
                136.84399240000005,
                -2.217569499999968
              ],
              [
                136.84602430000007,
                -2.220863799999961
              ],
              [
                136.85056020000002,
                -2.220201699999961
              ],
              [
                136.85123420000002,
                -2.222373
              ],
              [
                136.85350820000008,
                -2.223390799999947
              ],
              [
                136.85570870000004,
                -2.222766199999967
              ],
              [
                136.85721390000003,
                -2.219763599999965
              ],
              [
                136.86037980000003,
                -2.224400599999967
              ],
              [
                136.8640101000001,
                -2.221776299999931
              ],
              [
                136.86698750000005,
                -2.228488599999935
              ],
              [
                136.8674099000001,
                -2.234571
              ],
              [
                136.86965940000005,
                -2.235609099999976
              ],
              [
                136.87162610000007,
                -2.231723299999942
              ],
              [
                136.8737943000001,
                -2.231403299999954
              ],
              [
                136.87325610000005,
                -2.238873
              ],
              [
                136.87449370000002,
                -2.241603099999963
              ],
              [
                136.8779270000001,
                -2.243367599999942
              ],
              [
                136.8781719000001,
                -2.248074699999961
              ],
              [
                136.88123030000008,
                -2.248827099999971
              ],
              [
                136.884985,
                -2.247637599999962
              ],
              [
                136.88553810000008,
                -2.249775299999953
              ],
              [
                136.8837284000001,
                -2.25223909999994
              ],
              [
                136.88946210000006,
                -2.254758599999946
              ],
              [
                136.888614,
                -2.260310799999957
              ],
              [
                136.89183050000008,
                -2.265316499999926
              ],
              [
                136.89158630000009,
                -2.271344399999975
              ],
              [
                136.8943302,
                -2.272436599999935
              ],
              [
                136.8961951000001,
                -2.270513799999947
              ],
              [
                136.89379770000005,
                -2.265100599999926
              ],
              [
                136.89951250000001,
                -2.269354
              ],
              [
                136.90227290000007,
                -2.264808499999958
              ],
              [
                136.90662650000002,
                -2.276487399999951
              ],
              [
                136.91117530000008,
                -2.278065899999945
              ],
              [
                136.91003610000007,
                -2.282689199999936
              ],
              [
                136.91390990000002,
                -2.285351699999978
              ],
              [
                136.91368010000008,
                -2.286641199999963
              ],
              [
                136.9047088000001,
                -2.283356
              ],
              [
                136.90379330000007,
                -2.285272599999928
              ],
              [
                136.9058778000001,
                -2.289622299999962
              ],
              [
                136.90293880000002,
                -2.294199699999979
              ],
              [
                136.90941550000002,
                -2.298223599999972
              ],
              [
                136.91383440000004,
                -2.294262699999933
              ],
              [
                136.91636270000004,
                -2.293745399999978
              ],
              [
                136.91868890000012,
                -2.295414699999981
              ],
              [
                136.92048550000004,
                -2.299602899999968
              ],
              [
                136.92650850000007,
                -2.300640499999929
              ],
              [
                136.9262758000001,
                -2.302066499999967
              ],
              [
                136.9213933000001,
                -2.304357499999981
              ],
              [
                136.9206478000001,
                -2.309848299999942
              ],
              [
                136.91426400000012,
                -2.319232
              ],
              [
                136.91850970000007,
                -2.328033199999936
              ],
              [
                136.91585190000012,
                -2.32875359999997
              ],
              [
                136.9151217000001,
                -2.331947299999968
              ],
              [
                136.91921460000003,
                -2.33398
              ],
              [
                136.9213257,
                -2.338863799999956
              ],
              [
                136.92483220000008,
                -2.334891
              ],
              [
                136.93137550000006,
                -2.338145499999939
              ],
              [
                136.9368588000001,
                -2.339093799999944
              ],
              [
                136.93814080000004,
                -2.340010899999925
              ],
              [
                136.938034,
                -2.347676499999977
              ],
              [
                136.93739330000005,
                -2.349482199999954
              ],
              [
                136.93364640000004,
                -2.346990199999937
              ],
              [
                136.93106020000005,
                -2.347404099999949
              ],
              [
                136.92672070000003,
                -2.350241
              ],
              [
                136.92778010000006,
                -2.356190899999945
              ],
              [
                136.93174740000006,
                -2.358993299999952
              ],
              [
                136.9325338000001,
                -2.361211699999956
              ],
              [
                136.93107910000003,
                -2.362013199999978
              ],
              [
                136.92485040000008,
                -2.362403399999948
              ],
              [
                136.9204797000001,
                -2.358242399999938
              ],
              [
                136.91565880000007,
                -2.356372399999941
              ],
              [
                136.91537440000002,
                -2.359399199999928
              ],
              [
                136.9099880000001,
                -2.361353599999973
              ],
              [
                136.90935950000005,
                -2.364420099999961
              ],
              [
                136.91214390000005,
                -2.371814799999925
              ],
              [
                136.90792670000008,
                -2.377205699999934
              ],
              [
                136.90792670000008,
                -2.379519099999925
              ],
              [
                136.91323380000006,
                -2.385370499999965
              ],
              [
                136.934054,
                -2.392854799999952
              ],
              [
                136.94072190000009,
                -2.397889799999973
              ],
              [
                136.944396,
                -2.39475989999994
              ],
              [
                136.9480701000001,
                -2.396801099999948
              ],
              [
                136.94970310000008,
                -2.398570199999938
              ],
              [
                136.94970310000008,
                -2.401836099999969
              ],
              [
                136.9537855000001,
                -2.403469
              ],
              [
                136.95773180000003,
                -2.411633799999947
              ],
              [
                136.96602970000004,
                -2.414021899999966
              ],
              [
                136.9670383,
                -2.415762699999959
              ],
              [
                136.96346660000006,
                -2.420473
              ],
              [
                136.96434020000004,
                -2.42518089999993
              ],
              [
                136.9692103000001,
                -2.423291
              ],
              [
                136.97082050000006,
                -2.425573099999951
              ],
              [
                136.97429980000004,
                -2.426114799999937
              ],
              [
                136.98431390000007,
                -2.417974699999945
              ],
              [
                136.98562090000007,
                -2.418047299999955
              ],
              [
                136.98776240000007,
                -2.422156099999938
              ],
              [
                136.99497110000004,
                -2.418861199999981
              ],
              [
                136.99752480000006,
                -2.422868
              ],
              [
                137.00227350000011,
                -2.425603399999943
              ],
              [
                137.00660830000004,
                -2.420431
              ],
              [
                137.01296520000005,
                -2.419880899999953
              ],
              [
                137.01992080000002,
                -2.423878699999932
              ],
              [
                137.02583160000006,
                -2.418022699999938
              ],
              [
                137.02928380000003,
                -2.416728099999943
              ],
              [
                137.03084180000008,
                -2.418327799999929
              ],
              [
                137.031589,
                -2.424563399999954
              ],
              [
                137.0307292000001,
                -2.430221299999971
              ],
              [
                137.0351309,
                -2.427802699999972
              ],
              [
                137.036176,
                -2.429397
              ],
              [
                137.03641420000008,
                -2.434642699999927
              ],
              [
                137.03426760000002,
                -2.438728799999978
              ],
              [
                137.03478040000005,
                -2.440298299999938
              ],
              [
                137.040378,
                -2.441754299999957
              ],
              [
                137.03907770000012,
                -2.448124399999926
              ],
              [
                137.03401070000007,
                -2.448218499999939
              ],
              [
                137.03634640000007,
                -2.449831199999949
              ],
              [
                137.03462720000005,
                -2.453038799999945
              ],
              [
                137.03700250000009,
                -2.455315199999973
              ],
              [
                137.03491210000004,
                -2.458036799999945
              ],
              [
                137.03630650000002,
                -2.460100599999976
              ],
              [
                137.04060570000001,
                -2.455921599999954
              ],
              [
                137.04217530000005,
                -2.456787099999929
              ],
              [
                137.04222970000012,
                -2.460894199999927
              ],
              [
                137.04354460000002,
                -2.461568499999942
              ],
              [
                137.04858400000012,
                -2.457708799999978
              ],
              [
                137.04936120000002,
                -2.462158699999975
              ],
              [
                137.05548540000007,
                -2.464784099999974
              ],
              [
                137.05632020000007,
                -2.467433199999959
              ],
              [
                137.0547825000001,
                -2.469691199999943
              ],
              [
                137.0582737000001,
                -2.470104299999946
              ],
              [
                137.05933990000005,
                -2.475719199999958
              ],
              [
                137.06163020000008,
                -2.477835699999957
              ],
              [
                137.0634656000001,
                -2.476965599999971
              ],
              [
                137.06435950000002,
                -2.479855099999952
              ],
              [
                137.06765740000003,
                -2.480925099999979
              ],
              [
                137.0694228000001,
                -2.480051499999945
              ],
              [
                137.07496230000004,
                -2.48559819999997
              ],
              [
                137.0765097000001,
                -2.485245299999974
              ],
              [
                137.07725520000008,
                -2.480043399999943
              ],
              [
                137.07980190000012,
                -2.482104699999979
              ],
              [
                137.08671270000002,
                -2.483218
              ],
              [
                137.08709710000005,
                -2.486225399999967
              ],
              [
                137.08852610000008,
                -2.486064499999941
              ],
              [
                137.08966170000008,
                -2.489020899999957
              ],
              [
                137.09323670000003,
                -2.487938799999938
              ],
              [
                137.0966099000001,
                -2.491137
              ],
              [
                137.09810430000005,
                -2.490645699999959
              ],
              [
                137.10388360000002,
                -2.495472899999925
              ],
              [
                137.10612060000005,
                -2.49570609999995
              ],
              [
                137.10576750000007,
                -2.499429
              ],
              [
                137.1071730000001,
                -2.501501699999949
              ],
              [
                137.111094,
                -2.499592199999938
              ],
              [
                137.11366350000003,
                -2.504775699999925
              ],
              [
                137.11003110000001,
                -2.510956499999963
              ],
              [
                137.1121673,
                -2.513943
              ],
              [
                137.11343080000006,
                -2.511964699999965
              ],
              [
                137.11479110000005,
                -2.51232349999998
              ],
              [
                137.11593030000006,
                -2.514693199999954
              ],
              [
                137.1194977,
                -2.515310899999974
              ],
              [
                137.12074280000002,
                -2.517456299999935
              ],
              [
                137.1229611000001,
                -2.515350599999977
              ],
              [
                137.12489720000008,
                -2.520687399999929
              ],
              [
                137.1256866000001,
                -2.518407299999978
              ],
              [
                137.12788390000003,
                -2.521021799999971
              ],
              [
                137.128463,
                -2.518545
              ],
              [
                137.13098750000006,
                -2.520531399999925
              ],
              [
                137.1371180000001,
                -2.517840799999931
              ],
              [
                137.1392059000001,
                -2.522983299999964
              ],
              [
                137.14082550000012,
                -2.521899599999927
              ],
              [
                137.14318020000007,
                -2.523027
              ],
              [
                137.14285960000007,
                -2.527057
              ],
              [
                137.14563970000006,
                -2.526289599999927
              ],
              [
                137.1488495000001,
                -2.529816599999947
              ],
              [
                137.1474151000001,
                -2.53249
              ],
              [
                137.14905050000004,
                -2.533377199999961
              ],
              [
                137.1490249000001,
                -2.535274699999945
              ],
              [
                137.15167780000002,
                -2.534943299999952
              ],
              [
                137.15463850000003,
                -2.537779299999954
              ],
              [
                137.15504680000004,
                -2.536282399999948
              ],
              [
                137.15681580000012,
                -2.536826699999949
              ],
              [
                137.15858480000009,
                -2.539276199999961
              ],
              [
                137.1611703000001,
                -2.537643199999934
              ],
              [
                137.16770210000004,
                -2.539276199999961
              ],
              [
                137.1736896000001,
                -2.547304799999949
              ],
              [
                137.17777200000012,
                -2.549754299999961
              ],
              [
                137.18335130000003,
                -2.550434699999926
              ],
              [
                137.19069950000005,
                -2.555469599999981
              ],
              [
                137.1930632000001,
                -2.563691299999959
              ],
              [
                137.21337890000007,
                -2.572393399999953
              ],
              [
                137.22253580000006,
                -2.573011299999962
              ],
              [
                137.22325100000012,
                -2.574312899999939
              ],
              [
                137.221887,
                -2.576668699999971
              ],
              [
                137.22357290000002,
                -2.577601699999946
              ],
              [
                137.22656540000003,
                -2.576932499999941
              ],
              [
                137.2275770000001,
                -2.574928299999954
              ],
              [
                137.22999570000002,
                -2.578279499999951
              ],
              [
                137.23161160000006,
                -2.577811199999928
              ],
              [
                137.23059080000007,
                -2.575886
              ],
              [
                137.23685690000002,
                -2.576108899999952
              ],
              [
                137.23705080000002,
                -2.574255699999981
              ],
              [
                137.2398283000001,
                -2.575442199999941
              ],
              [
                137.24026490000006,
                -2.576664899999969
              ],
              [
                137.23765560000004,
                -2.577460099999939
              ],
              [
                137.2368732000001,
                -2.579391899999962
              ],
              [
                137.24070270000004,
                -2.58102359999998
              ],
              [
                137.24232240000003,
                -2.585009099999979
              ],
              [
                137.245152,
                -2.584733
              ],
              [
                137.24649060000002,
                -2.587563399999965
              ],
              [
                137.2483985,
                -2.587461299999973
              ],
              [
                137.24888050000004,
                -2.589595799999927
              ],
              [
                137.2505493000001,
                -2.588932299999954
              ],
              [
                137.2517478000001,
                -2.591089299999965
              ],
              [
                137.25369010000009,
                -2.591145
              ],
              [
                137.2518023,
                -2.595784399999957
              ],
              [
                137.2549768,
                -2.599484
              ],
              [
                137.25329740000006,
                -2.602140299999974
              ],
              [
                137.25495210000008,
                -2.603099499999928
              ],
              [
                137.25363570000002,
                -2.603484199999968
              ],
              [
                137.25529480000012,
                -2.604131199999927
              ],
              [
                137.2563629000001,
                -2.602575499999944
              ],
              [
                137.2607773000001,
                -2.606084799999962
              ],
              [
                137.2578125000001,
                -2.608379599999978
              ],
              [
                137.262186,
                -2.610709699999973
              ],
              [
                137.26089120000006,
                -2.612438199999929
              ],
              [
                137.26283260000002,
                -2.614363699999956
              ],
              [
                137.26066590000005,
                -2.616398099999969
              ],
              [
                137.26348870000004,
                -2.616458199999954
              ],
              [
                137.2617646000001,
                -2.619219699999974
              ],
              [
                137.2654113000001,
                -2.624356699999964
              ],
              [
                137.264389,
                -2.625373799999977
              ],
              [
                137.2610016000001,
                -2.622262
              ],
              [
                137.261723,
                -2.625957199999959
              ],
              [
                137.2634124000001,
                -2.627033799999936
              ],
              [
                137.26359850000006,
                -2.630519099999958
              ],
              [
                137.26514950000012,
                -2.627625099999932
              ],
              [
                137.26769600000011,
                -2.631010499999945
              ],
              [
                137.26343250000002,
                -2.637237
              ],
              [
                137.2606310000001,
                -2.638117099999931
              ],
              [
                137.26462850000007,
                -2.653003399999932
              ],
              [
                137.263031,
                -2.66338049999996
              ],
              [
                137.26131380000004,
                -2.665538599999934
              ],
              [
                137.26299730000005,
                -2.670561299999974
              ],
              [
                137.26280210000004,
                -2.674977499999954
              ],
              [
                137.2600708000001,
                -2.681559299999947
              ],
              [
                137.260781,
                -2.685711899999944
              ],
              [
                137.26306150000005,
                -2.688081699999941
              ],
              [
                137.2633819,
                -2.692868499999975
              ],
              [
                137.26641840000002,
                -2.697536
              ],
              [
                137.2861004,
                -2.714606099999969
              ],
              [
                137.28727720000006,
                -2.719078499999966
              ],
              [
                137.28361660000007,
                -2.720958699999926
              ],
              [
                137.28298240000004,
                -2.723113099999978
              ],
              [
                137.2804675000001,
                -2.720166099999972
              ],
              [
                137.27923080000005,
                -2.720414699999935
              ],
              [
                137.279199,
                -2.72403689999993
              ],
              [
                137.27631910000002,
                -2.729082499999947
              ],
              [
                137.249244,
                -2.761148699999978
              ],
              [
                137.27212140000006,
                -2.777241599999968
              ],
              [
                137.27248970000005,
                -2.791141799999934
              ],
              [
                137.27037240000004,
                -2.79445579999998
              ],
              [
                137.26678230000005,
                -2.796296799999936
              ],
              [
                137.269104,
                -2.824096699999927
              ],
              [
                137.27551270000004,
                -2.836608899999931
              ],
              [
                137.28491210000004,
                -2.843078599999956
              ],
              [
                137.31909180000002,
                -2.847778299999959
              ],
              [
                137.3231201000001,
                -2.853088399999933
              ],
              [
                137.3247070000001,
                -2.85272219999996
              ],
              [
                137.32330320000005,
                -2.84918209999995
              ],
              [
                137.32690430000002,
                -2.851684599999942
              ],
              [
                137.33068850000006,
                -2.850708
              ],
              [
                137.33312990000002,
                -2.855712899999958
              ],
              [
                137.33587650000004,
                -2.855285599999945
              ],
              [
                137.33752440000012,
                -2.856811499999935
              ],
              [
                137.33691410000006,
                -2.85809329999995
              ],
              [
                137.34130860000005,
                -2.859985399999971
              ],
              [
                137.3442993000001,
                -2.856689499999959
              ],
              [
                137.34472660000006,
                -2.868103
              ],
              [
                137.34570310000004,
                -2.869079599999964
              ],
              [
                137.34991460000003,
                -2.864685099999974
              ],
              [
                137.35351560000004,
                -2.869995099999926
              ],
              [
                137.35107420000008,
                -2.875488299999972
              ],
              [
                137.35192870000003,
                -2.879577599999948
              ],
              [
                137.3544922000001,
                -2.877624499999968
              ],
              [
                137.3579102000001,
                -2.877319299999954
              ],
              [
                137.3599243000001,
                -2.87890619999996
              ],
              [
                137.35888670000008,
                -2.89367679999998
              ],
              [
                137.36328130000004,
                -2.901306199999965
              ],
              [
                137.35467530000005,
                -2.903808599999934
              ],
              [
                137.35430910000002,
                -2.906005899999968
              ],
              [
                137.35632320000002,
                -2.909484899999939
              ],
              [
                137.3604736000001,
                -2.911010699999963
              ],
              [
                137.36950680000007,
                -2.911499
              ],
              [
                137.3693237000001,
                -2.913513199999954
              ],
              [
                137.36328130000004,
                -2.916992199999925
              ],
              [
                137.36511230000008,
                -2.919799799999964
              ],
              [
                137.3685303000001,
                -2.918823199999963
              ],
              [
                137.3724976000001,
                -2.920898399999942
              ],
              [
                137.37207030000002,
                -2.923095699999976
              ],
              [
                137.366272,
                -2.922912599999961
              ],
              [
                137.3657227000001,
                -2.92498779999994
              ],
              [
                137.3704834,
                -2.930175799999972
              ],
              [
                137.36907960000008,
                -2.931213399999933
              ],
              [
                137.3646851000001,
                -2.930481
              ],
              [
                137.36407470000006,
                -2.931884799999978
              ],
              [
                137.368103,
                -2.93469239999996
              ],
              [
                137.3673096000001,
                -2.937194799999929
              ],
              [
                137.36889650000012,
                -2.937988299999972
              ],
              [
                137.37207030000002,
                -2.937683099999958
              ],
              [
                137.37927250000007,
                -2.93280029999994
              ],
              [
                137.3803101000001,
                -2.939697299999978
              ],
              [
                137.3776855000001,
                -2.942077599999948
              ],
              [
                137.3779297000001,
                -2.943908699999952
              ],
              [
                137.38287350000007,
                -2.943481399999939
              ],
              [
                137.3842773,
                -2.945312499999943
              ],
              [
                137.38171390000002,
                -2.947814899999969
              ],
              [
                137.3751221000001,
                -2.949707
              ],
              [
                137.371521,
                -2.947876
              ],
              [
                137.36950680000007,
                -2.94879149999997
              ],
              [
                137.3704834,
                -2.950927699999966
              ],
              [
                137.37707520000004,
                -2.951293899999939
              ],
              [
                137.38208010000005,
                -2.953979499999946
              ],
              [
                137.38250730000004,
                -2.955993699999965
              ],
              [
                137.378479,
                -2.955810499999927
              ],
              [
                137.37707520000004,
                -2.958007799999962
              ],
              [
                137.38044880000007,
                -2.965819899999929
              ],
              [
                137.38334650000002,
                -2.963939399999958
              ],
              [
                137.3857269,
                -2.964891
              ],
              [
                137.3870544,
                -2.973139299999957
              ],
              [
                137.3890838000001,
                -2.974091499999929
              ],
              [
                137.390274,
                -2.979111399999965
              ],
              [
                137.39349360000006,
                -2.98018049999996
              ],
              [
                137.3954010000001,
                -2.983046299999955
              ],
              [
                137.40539550000005,
                -2.986133299999949
              ],
              [
                137.40789790000008,
                -2.988519399999973
              ],
              [
                137.4163513000001,
                -2.98945759999998
              ],
              [
                137.41860960000008,
                -2.993279
              ],
              [
                137.42301940000004,
                -2.994106299999942
              ],
              [
                137.4189758000001,
                -2.997343799999953
              ],
              [
                137.4203186000001,
                -3.007744299999956
              ],
              [
                137.42471310000008,
                -3.005103599999927
              ],
              [
                137.4317321000001,
                -3.006403399999954
              ],
              [
                137.43280030000005,
                -3.00795549999998
              ],
              [
                137.42080680000004,
                -3.01372189999995
              ],
              [
                137.42616270000008,
                -3.016819
              ],
              [
                137.43186950000006,
                -3.015849599999967
              ],
              [
                137.4338990000001,
                -3.020987
              ],
              [
                137.4393768000001,
                -3.025219399999969
              ],
              [
                137.4392242,
                -3.028827699999965
              ],
              [
                137.4356689000001,
                -3.030322299999966
              ],
              [
                137.4359283000001,
                -3.031560399999933
              ],
              [
                137.43875120000007,
                -3.032173899999975
              ],
              [
                137.44134520000011,
                -3.036628699999937
              ],
              [
                137.43998710000005,
                -3.037994399999945
              ],
              [
                137.4372863000001,
                -3.036885299999938
              ],
              [
                137.43606560000012,
                -3.037879
              ],
              [
                137.43690490000006,
                -3.040231499999948
              ],
              [
                137.4447937000001,
                -3.041453099999956
              ],
              [
                137.44921870000007,
                -3.039956599999925
              ],
              [
                137.45611570000005,
                -3.049853299999938
              ],
              [
                137.45822140000007,
                -3.050096499999938
              ],
              [
                137.45944210000005,
                -3.046996399999955
              ],
              [
                137.4616546000001,
                -3.047487
              ],
              [
                137.46006770000008,
                -3.051331499999947
              ],
              [
                137.4622802,
                -3.052069899999935
              ],
              [
                137.4655914000001,
                -3.050576
              ],
              [
                137.4654693000001,
                -3.048222099999975
              ],
              [
                137.46806330000004,
                -3.045243
              ],
              [
                137.4728698,
                -3.050188299999945
              ],
              [
                137.47544860000005,
                -3.048571599999946
              ],
              [
                137.47532650000005,
                -3.046217899999931
              ],
              [
                137.48330680000004,
                -3.044205199999965
              ],
              [
                137.48541260000002,
                -3.047421699999973
              ],
              [
                137.48393250000004,
                -3.04990289999995
              ],
              [
                137.48553460000005,
                -3.050519
              ],
              [
                137.48738090000006,
                -3.050514899999939
              ],
              [
                137.49229430000003,
                -3.046043899999972
              ],
              [
                137.4939117,
                -3.054960199999925
              ],
              [
                137.50079340000002,
                -3.050732599999947
              ],
              [
                137.50300590000006,
                -3.053701199999978
              ],
              [
                137.50682060000008,
                -3.053072899999961
              ],
              [
                137.51235960000008,
                -3.057397099999946
              ],
              [
                137.52098080000007,
                -3.058368399999949
              ],
              [
                137.5247955000001,
                -3.058483599999931
              ],
              [
                137.5311584000001,
                -3.053884
              ],
              [
                137.5393524000001,
                -3.051712299999963
              ],
              [
                137.54339590000006,
                -3.052659299999959
              ],
              [
                137.55809190000002,
                -3.051534899999979
              ],
              [
                137.5628316000001,
                -3.053904699999975
              ],
              [
                137.56883520000008,
                -3.064174099999946
              ],
              [
                137.571837,
                -3.066543899999942
              ],
              [
                137.57657670000003,
                -3.067333899999937
              ],
              [
                137.58147440000005,
                -3.065596
              ],
              [
                137.59529510000004,
                -3.088559399999951
              ],
              [
                137.6176604000001,
                -3.112101799999948
              ],
              [
                137.66592220000007,
                -3.113278899999955
              ],
              [
                137.73419510000008,
                -3.117987399999947
              ],
              [
                137.8248331000001,
                -3.120341599999961
              ],
              [
                137.88251190000005,
                -3.116810299999941
              ],
              [
                137.953139,
                -3.127404299999966
              ],
              [
                137.9743271000001,
                -3.134467
              ],
              [
                137.98482360000003,
                -3.141100799999947
              ],
              [
                137.98410650000005,
                -3.145761499999935
              ],
              [
                137.98733320000008,
                -3.148271199999954
              ],
              [
                137.99091840000006,
                -3.145403
              ],
              [
                137.99522060000004,
                -3.146478599999966
              ],
              [
                137.9948621000001,
                -3.15078079999995
              ],
              [
                137.99665470000002,
                -3.154007399999955
              ],
              [
                138.00705170000003,
                -3.153290399999946
              ],
              [
                138.00991980000003,
                -3.155441499999938
              ],
              [
                138.0095613000001,
                -3.160460799999953
              ],
              [
                138.0066932000001,
                -3.165121499999941
              ],
              [
                138.0070293000001,
                -3.184750299999962
              ],
              [
                138.0137515,
                -3.19035219999995
              ],
              [
                138.01935330000003,
                -3.199315099999978
              ],
              [
                138.01935330000003,
                -3.217241
              ],
              [
                138.01319130000002,
                -3.220041899999956
              ],
              [
                138.00983,
                -3.224523399999953
              ],
              [
                138.015432,
                -3.235166899999967
              ],
              [
                138.03223750000006,
                -3.242449299999976
              ],
              [
                138.04120050000006,
                -3.246370599999977
              ],
              [
                138.04806270000006,
                -3.241609
              ],
              [
                138.0578660000001,
                -3.241609
              ],
              [
                138.06626870000002,
                -3.245110099999977
              ],
              [
                138.06836940000005,
                -3.254913399999964
              ],
              [
                138.0760719000001,
                -3.262615899999957
              ],
              [
                138.0872756000001,
                -3.26401629999998
              ],
              [
                138.11038320000011,
                -3.262615899999957
              ],
              [
                138.12788890000002,
                -3.272419099999979
              ],
              [
                138.13349080000012,
                -3.283622799999932
              ],
              [
                138.1457679,
                -3.28625379999994
              ],
              [
                138.1556617000001,
                -3.282367
              ],
              [
                138.16166870000006,
                -3.278126799999939
              ],
              [
                138.16767570000002,
                -3.266112799999974
              ],
              [
                138.17226920000007,
                -3.236431399999958
              ],
              [
                138.17733140000007,
                -3.23084659999995
              ],
              [
                138.21531470000002,
                -3.207726299999933
              ],
              [
                138.27476690000003,
                -3.197817599999951
              ],
              [
                138.32724560000008,
                -3.194438599999955
              ],
              [
                138.33917340000005,
                -3.215983599999959
              ],
              [
                138.35733930000004,
                -3.262224099999969
              ],
              [
                138.36559660000012,
                -3.290298699999937
              ],
              [
                138.3804596000001,
                -3.318373399999928
              ],
              [
                138.40688280000006,
                -3.329933499999925
              ],
              [
                138.4696378000001,
                -3.324979199999973
              ],
              [
                138.49771240000007,
                -3.331585
              ],
              [
                138.56273170000009,
                -3.337540499999932
              ],
              [
                138.6466401,
                -3.309026199999948
              ],
              [
                138.68786020000005,
                -3.288944599999979
              ],
              [
                138.73013730000002,
                -3.285773799999959
              ],
              [
                138.792496,
                -3.34707549999996
              ],
              [
                138.85485470000003,
                -3.417889699999932
              ],
              [
                138.88413720000005,
                -3.429270599999938
              ],
              [
                138.91634780000004,
                -3.42086779999994
              ],
              [
                138.93035240000006,
                -3.419467399999974
              ],
              [
                138.96606410000004,
                -3.399860899999965
              ],
              [
                138.98987190000003,
                -3.390057699999943
              ],
              [
                139.005277,
                -3.381655
              ],
              [
                139.047991,
                -3.392858599999954
              ],
              [
                139.06479650000006,
                -3.363449
              ],
              [
                139.076216,
                -3.336019
              ],
              [
                139.0756795000001,
                -3.325279899999941
              ],
              [
                139.06898610000007,
                -3.309379099999944
              ],
              [
                139.06734540000002,
                -3.296507899999938
              ],
              [
                139.07434780000006,
                -3.287342899999942
              ],
              [
                139.0835727000001,
                -3.287657099999933
              ],
              [
                139.0825651,
                -3.30049159999993
              ],
              [
                139.08357020000005,
                -3.310967799999958
              ],
              [
                139.097461,
                -3.308018499999946
              ],
              [
                139.09826150000004,
                -3.295546599999966
              ],
              [
                139.08882130000006,
                -3.280593899999928
              ],
              [
                139.0721182000001,
                -3.274943199999939
              ],
              [
                139.05880720000005,
                -3.276521899999977
              ],
              [
                139.05147190000002,
                -3.283608399999935
              ],
              [
                139.048392,
                -3.292267899999956
              ],
              [
                139.03816040000004,
                -3.293734
              ],
              [
                139.033565,
                -3.282411399999944
              ],
              [
                139.02049840000006,
                -3.282170399999927
              ],
              [
                139.01962240000012,
                -3.284204
              ],
              [
                139.0155638000001,
                -3.273388899999929
              ],
              [
                139.017227,
                -3.26734179999994
              ],
              [
                139.01890550000007,
                -3.266850499999975
              ],
              [
                139.01753220000012,
                -3.262393
              ],
              [
                139.0208891000001,
                -3.261113399999942
              ],
              [
                139.0217894000001,
                -3.257353799999976
              ],
              [
                139.0202177000001,
                -3.255568499999924
              ],
              [
                139.01606730000003,
                -3.257539
              ],
              [
                139.01567060000002,
                -3.256350299999951
              ],
              [
                139.02090440000006,
                -3.253491399999973
              ],
              [
                139.01725750000003,
                -3.252493399999935
              ],
              [
                139.018051,
                -3.249426099999937
              ],
              [
                139.01243580000005,
                -3.24961159999998
              ],
              [
                139.0114592000001,
                -3.248025699999971
              ],
              [
                139.01344280000012,
                -3.243575599999929
              ],
              [
                139.012451,
                -3.243078499999967
              ],
              [
                139.01066570000012,
                -3.245945199999937
              ],
              [
                139.00862110000003,
                -3.242377
              ],
              [
                139.009796,
                -3.240696699999944
              ],
              [
                139.01216110000007,
                -3.241889899999933
              ],
              [
                139.0122679000001,
                -3.238920399999927
              ],
              [
                139.01463300000012,
                -3.238529699999958
              ],
              [
                139.0145262000001,
                -3.237044799999978
              ],
              [
                139.0118712000001,
                -3.237236499999938
              ],
              [
                139.0122679000001,
                -3.23387189999994
              ],
              [
                139.0146483000001,
                -3.231303399999945
              ],
              [
                139.01396160000002,
                -3.230015
              ],
              [
                139.01129130000004,
                -3.232879899999944
              ],
              [
                139.0106962000001,
                -3.229710799999964
              ],
              [
                139.0078429,
                -3.228714699999955
              ],
              [
                139.00706470000011,
                -3.233959399999947
              ],
              [
                139.0035246000001,
                -3.231278699999962
              ],
              [
                139.00679,
                -3.22683139999998
              ],
              [
                139.0024565000001,
                -3.223951099999965
              ],
              [
                139.0088499000001,
                -3.220005699999945
              ],
              [
                139.00688160000004,
                -3.218813399999931
              ],
              [
                139.0085600000001,
                -3.215154599999948
              ],
              [
                139.00698840000007,
                -3.214458199999967
              ],
              [
                139.0066832000001,
                -3.217328299999963
              ],
              [
                139.00503520000007,
                -3.217423699999927
              ],
              [
                139.0025786000001,
                -3.209301
              ],
              [
                139.00694260000012,
                -3.205939299999955
              ],
              [
                139.00317370000005,
                -3.203561099999945
              ],
              [
                139.00277690000007,
                -3.200887399999942
              ],
              [
                139.0063322000001,
                -3.200301399999944
              ],
              [
                139.00692730000003,
                -3.197332899999935
              ],
              [
                139.00386030000004,
                -3.198019
              ],
              [
                139.00221240000008,
                -3.196974499999953
              ],
              [
                139.0011442000001,
                -3.19350739999993
              ],
              [
                139.0031126,
                -3.190641199999959
              ],
              [
                139.00862110000003,
                -3.190257299999928
              ],
              [
                139.01246630000003,
                -3.188385
              ],
              [
                139.01444990000005,
                -3.189379199999962
              ],
              [
                139.02142320000007,
                -3.186127899999974
              ],
              [
                139.0162352000001,
                -3.182651799999974
              ],
              [
                139.02183520000006,
                -3.179496299999926
              ],
              [
                139.02282700000012,
                -3.17712279999995
              ],
              [
                139.0146635000001,
                -3.174828299999945
              ],
              [
                139.01536540000006,
                -3.172553099999959
              ],
              [
                139.0205687,
                -3.174841199999946
              ],
              [
                139.021942,
                -3.172468399999957
              ],
              [
                139.02087390000008,
                -3.170684299999948
              ],
              [
                139.01576220000004,
                -3.171366
              ],
              [
                139.0152739,
                -3.169682
              ],
              [
                139.0182188000001,
                -3.165926899999931
              ],
              [
                139.02136210000003,
                -3.16692379999995
              ],
              [
                139.02264390000005,
                -3.16593649999993
              ],
              [
                139.02215560000002,
                -3.164351499999952
              ],
              [
                139.01832560000003,
                -3.163056399999959
              ],
              [
                139.0220640000001,
                -3.162371599999972
              ],
              [
                139.02307110000004,
                -3.152672799999948
              ],
              [
                139.0167692000001,
                -3.148996599999975
              ],
              [
                139.0168761000001,
                -3.146818899999971
              ],
              [
                139.02249130000007,
                -3.148909799999956
              ],
              [
                139.02120960000002,
                -3.145640399999934
              ],
              [
                139.022003,
                -3.142870199999948
              ],
              [
                139.02516160000005,
                -3.143768099999932
              ],
              [
                139.03352340000004,
                -3.141212499999938
              ],
              [
                139.03076160000012,
                -3.140117399999951
              ],
              [
                139.02851850000002,
                -3.133480299999974
              ],
              [
                139.0258635,
                -3.131099
              ],
              [
                139.02607710000007,
                -3.126545699999951
              ],
              [
                139.0280302000001,
                -3.127341699999931
              ],
              [
                139.0287016000001,
                -3.132194
              ],
              [
                139.03009020000002,
                -3.133384699999965
              ],
              [
                139.03245530000004,
                -3.13348869999993
              ],
              [
                139.032852,
                -3.131608699999958
              ],
              [
                139.02951030000008,
                -3.127048199999933
              ],
              [
                139.02911360000007,
                -3.125265599999977
              ],
              [
                139.03070050000008,
                -3.124080899999967
              ],
              [
                139.035507,
                -3.129337799999973
              ],
              [
                139.0392607000001,
                -3.129939799999931
              ],
              [
                139.0373839,
                -3.127559899999937
              ],
              [
                139.03868090000003,
                -3.123009199999956
              ],
              [
                139.0442961000001,
                -3.120150299999978
              ],
              [
                139.0449827000001,
                -3.115598199999965
              ],
              [
                139.04763780000008,
                -3.113524899999959
              ],
              [
                139.04528790000006,
                -3.108372199999963
              ],
              [
                139.04981980000002,
                -3.108480899999961
              ],
              [
                139.05160510000007,
                -3.105713099999946
              ],
              [
                139.05061320000004,
                -3.102840199999946
              ],
              [
                139.05308520000006,
                -3.097994599999936
              ],
              [
                139.05683880000004,
                -3.098398699999962
              ],
              [
                139.05732710000007,
                -3.09414309999994
              ],
              [
                139.06037890000005,
                -3.093159399999934
              ],
              [
                139.06048570000007,
                -3.088804
              ],
              [
                139.06658920000007,
                -3.085748
              ],
              [
                139.0681608000001,
                -3.090602199999978
              ],
              [
                139.071121,
                -3.092785799999945
              ],
              [
                139.07180770000002,
                -3.090411699999947
              ],
              [
                139.06994610000004,
                -3.087536799999953
              ],
              [
                139.06925950000004,
                -3.082189799999981
              ],
              [
                139.07339460000003,
                -3.082594399999948
              ],
              [
                139.0748747,
                -3.084973299999945
              ],
              [
                139.0767363000001,
                -3.083096499999954
              ],
              [
                139.07360820000008,
                -3.078437099999974
              ],
              [
                139.074005,
                -3.076755
              ],
              [
                139.08241250000003,
                -3.075351499999954
              ],
              [
                139.0842894000001,
                -3.076599599999952
              ],
              [
                139.0876005,
                -3.073048799999981
              ],
              [
                139.09254440000007,
                -3.07382819999998
              ],
              [
                139.12307070000008,
                -3.030798499999946
              ],
              [
                139.1259272000001,
                -3.018658499999958
              ],
              [
                139.1268004000001,
                -3.005684799999926
              ],
              [
                139.123596,
                -2.998435
              ],
              [
                139.1269377000001,
                -2.995930899999962
              ],
              [
                139.12265,
                -2.995444099999929
              ],
              [
                139.11708050000004,
                -2.990639399999964
              ],
              [
                139.11921670000004,
                -2.989332
              ],
              [
                139.1193998000001,
                -2.984813
              ],
              [
                139.12065110000003,
                -2.984456499999965
              ],
              [
                139.12356550000004,
                -2.988916899999936
              ],
              [
                139.13015730000006,
                -2.987567399999932
              ],
              [
                139.13284280000005,
                -2.994605099999944
              ],
              [
                139.13636760000009,
                -2.991571399999941
              ],
              [
                139.13670330000002,
                -2.989220099999955
              ],
              [
                139.1324614,
                -2.985747799999956
              ],
              [
                139.1326292000001,
                -2.983676699999933
              ],
              [
                139.13900740000008,
                -2.983118499999932
              ],
              [
                139.1403196000001,
                -2.976288599999975
              ],
              [
                139.13421610000012,
                -2.975559
              ],
              [
                139.1359556000001,
                -2.973320199999932
              ],
              [
                139.1401518,
                -2.974441
              ],
              [
                139.1420591000001,
                -2.973545799999954
              ],
              [
                139.13803080000002,
                -2.969625699999938
              ],
              [
                139.13298020000002,
                -2.970184099999926
              ],
              [
                139.1353911000001,
                -2.967273699999964
              ],
              [
                139.1409453000001,
                -2.968506799999943
              ],
              [
                139.139572,
                -2.959324799999933
              ],
              [
                139.14538560000005,
                -2.956303099999957
              ],
              [
                139.1398008000001,
                -2.94986149999994
              ],
              [
                139.13803080000002,
                -2.941521199999954
              ],
              [
                139.1261747000001,
                -2.933344399999953
              ],
              [
                139.12684610000008,
                -2.928921699999933
              ],
              [
                139.12556440000003,
                -2.92629
              ],
              [
                139.11999490000005,
                -2.932337299999972
              ],
              [
                139.1160887000001,
                -2.932906099999968
              ],
              [
                139.113983,
                -2.932557299999928
              ],
              [
                139.11518840000008,
                -2.92712709999995
              ],
              [
                139.11418130000004,
                -2.924887399999932
              ],
              [
                139.11065660000008,
                -2.925782399999946
              ],
              [
                139.1025999000001,
                -2.924492399999963
              ],
              [
                139.10321030000011,
                -2.922365199999945
              ],
              [
                139.10958840000012,
                -2.920351499999924
              ],
              [
                139.11033610000004,
                -2.91755889999996
              ],
              [
                139.10888650000004,
                -2.914990199999977
              ],
              [
                139.11187730000006,
                -2.914990899999964
              ],
              [
                139.113632,
                -2.908522099999971
              ],
              [
                139.11758410000004,
                -2.908808499999964
              ],
              [
                139.11392190000004,
                -2.906667
              ],
              [
                139.1114904000001,
                -2.902840599999934
              ],
              [
                138.76653410000006,
                -2.720812699999954
              ],
              [
                138.6705376000001,
                -2.673811
              ],
              [
                138.62121070000012,
                -2.645908899999938
              ],
              [
                138.63566,
                -2.619667599999957
              ],
              [
                138.72135930000002,
                -2.477665899999977
              ],
              [
                138.7203628000001,
                -2.474842499999966
              ],
              [
                138.72185760000002,
                -2.473679899999979
              ],
              [
                138.72218970000006,
                -2.470026
              ],
              [
                138.71986450000009,
                -2.465375699999925
              ],
              [
                138.720861,
                -2.462386199999969
              ],
              [
                138.724681,
                -2.461555699999963
              ],
              [
                138.72733830000004,
                -2.457071499999927
              ],
              [
                138.72684010000012,
                -2.449929899999972
              ],
              [
                138.72152540000002,
                -2.438636199999962
              ],
              [
                138.72135930000002,
                -2.428339
              ],
              [
                138.7241517000001,
                -2.422549699999934
              ],
              [
                138.71445860000006,
                -2.412359899999956
              ],
              [
                138.66676140000004,
                -2.351081099999931
              ],
              [
                138.62989720000007,
                -2.301120399999945
              ],
              [
                138.622188,
                -2.289275299999929
              ],
              [
                138.6204289000001,
                -2.279341399999964
              ],
              [
                138.62032540000007,
                -2.27737529999996
              ],
              [
                138.62136020000003,
                -2.277271799999937
              ],
              [
                138.61173670000005,
                -2.27158049999997
              ],
              [
                138.61090880000006,
                -2.269407399999977
              ],
              [
                138.6088393000001,
                -2.269200499999954
              ],
              [
                138.6079079000001,
                -2.264957799999934
              ],
              [
                138.60387230000003,
                -2.266199599999936
              ],
              [
                138.6032514000001,
                -2.263923
              ],
              [
                138.6016992000001,
                -2.264750899999967
              ],
              [
                138.59880180000005,
                -2.261853499999972
              ],
              [
                138.5940418,
                -2.266717
              ],
              [
                138.59042010000007,
                -2.265682199999958
              ],
              [
                138.5853496000001,
                -2.268786499999976
              ],
              [
                138.58286610000005,
                -2.267130899999927
              ],
              [
                138.5792444000001,
                -2.26816569999994
              ],
              [
                138.57789920000005,
                -2.273443099999952
              ],
              [
                138.57655390000002,
                -2.27064919999998
              ],
              [
                138.57344960000012,
                -2.269407399999977
              ],
              [
                138.5695174000001,
                -2.26516479999998
              ],
              [
                138.5695174000001,
                -2.266717
              ],
              [
                138.5652748000001,
                -2.267544799999939
              ],
              [
                138.56186,
                -2.265889099999924
              ],
              [
                138.56061820000002,
                -2.270959599999969
              ],
              [
                138.55720340000005,
                -2.26609609999997
              ],
              [
                138.55109820000007,
                -2.270338699999968
              ],
              [
                138.54799380000009,
                -2.267544799999939
              ],
              [
                138.54789040000003,
                -2.265682199999958
              ],
              [
                138.5442686,
                -2.263819599999977
              ],
              [
                138.53971550000006,
                -2.264026499999943
              ],
              [
                138.5359903000001,
                -2.267648299999962
              ],
              [
                138.53319640000007,
                -2.267544799999939
              ],
              [
                138.53091990000007,
                -2.266199599999936
              ],
              [
                138.52853990000006,
                -2.261336099999937
              ],
              [
                138.5162259000001,
                -2.259887399999968
              ],
              [
                138.51829550000002,
                -2.253368199999954
              ],
              [
                138.5185024000001,
                -2.247676899999931
              ],
              [
                138.51726070000007,
                -2.24674559999994
              ],
              [
                138.51146590000008,
                -2.244986499999925
              ],
              [
                138.50505020000003,
                -2.245193399999948
              ],
              [
                138.49615110000002,
                -2.238156899999979
              ],
              [
                138.4921154000001,
                -2.240329899999949
              ],
              [
                138.4905632000001,
                -2.235569899999973
              ],
              [
                138.48280230000012,
                -2.230499499999951
              ],
              [
                138.47017790000007,
                -2.230292499999962
              ],
              [
                138.4691431000001,
                -2.226567299999942
              ],
              [
                138.4715232000001,
                -2.224187299999926
              ],
              [
                138.47762840000007,
                -2.227705499999956
              ],
              [
                138.47297190000006,
                -2.220979399999976
              ],
              [
                138.467384,
                -2.21953069999995
              ],
              [
                138.46562490000008,
                -2.221082899999942
              ],
              [
                138.46303790000002,
                -2.217150699999934
              ],
              [
                138.46086490000005,
                -2.219944599999963
              ],
              [
                138.45496660000003,
                -2.222221199999979
              ],
              [
                138.45455270000002,
                -2.220979399999976
              ],
              [
                138.4579675000001,
                -2.219013299999972
              ],
              [
                138.45724310000003,
                -2.216736799999978
              ],
              [
                138.45217270000012,
                -2.217047199999968
              ],
              [
                138.44989610000005,
                -2.214770699999974
              ],
              [
                138.44555,
                -2.21394289999995
              ],
              [
                138.4407900000001,
                -2.214770699999974
              ],
              [
                138.440583,
                -2.211562899999933
              ],
              [
                138.44668830000012,
                -2.208458499999949
              ],
              [
                138.44410130000006,
                -2.204215899999951
              ],
              [
                138.44254910000006,
                -2.20473329999993
              ],
              [
                138.4423422000001,
                -2.207837599999948
              ],
              [
                138.43985870000006,
                -2.21021769999993
              ],
              [
                138.43385690000002,
                -2.20700979999998
              ],
              [
                138.43095950000009,
                -2.203284599999961
              ],
              [
                138.42464730000006,
                -2.20700979999998
              ],
              [
                138.42506130000004,
                -2.202456799999936
              ],
              [
                138.43044210000005,
                -2.200904599999944
              ],
              [
                138.43095950000009,
                -2.199662799999942
              ],
              [
                138.43013170000006,
                -2.197800199999961
              ],
              [
                138.4283726000001,
                -2.197489799999971
              ],
              [
                138.42495780000002,
                -2.199973299999954
              ],
              [
                138.42071520000002,
                -2.197386299999948
              ],
              [
                138.41947340000002,
                -2.198628
              ],
              [
                138.42164650000007,
                -2.202249799999947
              ],
              [
                138.42009430000007,
                -2.207941099999971
              ],
              [
                138.41761080000003,
                -2.20814809999996
              ],
              [
                138.4174038000001,
                -2.203802
              ],
              [
                138.4127473000001,
                -2.201422
              ],
              [
                138.409229,
                -2.201835899999935
              ],
              [
                138.40757340000005,
                -2.199869799999931
              ],
              [
                138.409436,
                -2.193661099999929
              ],
              [
                138.4147134000001,
                -2.189521899999932
              ],
              [
                138.41295430000002,
                -2.187555799999927
              ],
              [
                138.4111951000001,
                -2.187762799999973
              ],
              [
                138.40633160000004,
                -2.192005399999971
              ],
              [
                138.40364120000004,
                -2.191591499999959
              ],
              [
                138.4034342000001,
                -2.184761899999955
              ],
              [
                138.4007438000001,
                -2.178967099999966
              ],
              [
                138.39784640000005,
                -2.179691499999933
              ],
              [
                138.39660460000005,
                -2.183623699999941
              ],
              [
                138.39857070000005,
                -2.190349799999979
              ],
              [
                138.3946386,
                -2.191488
              ],
              [
                138.39225850000003,
                -2.190142799999933
              ],
              [
                138.39029240000002,
                -2.184555
              ],
              [
                138.38449760000003,
                -2.183934099999931
              ],
              [
                138.3832559000001,
                -2.182175
              ],
              [
                138.3835663000001,
                -2.177932299999952
              ],
              [
                138.38170370000012,
                -2.176794099999938
              ],
              [
                138.37963420000005,
                -2.177208
              ],
              [
                138.37963420000005,
                -2.184451499999966
              ],
              [
                138.37497760000008,
                -2.184141
              ],
              [
                138.3739428,
                -2.189211499999942
              ],
              [
                138.37259760000006,
                -2.189728899999977
              ],
              [
                138.36876890000008,
                -2.185175799999968
              ],
              [
                138.36411240000007,
                -2.174621
              ],
              [
                138.3614219000001,
                -2.175862799999948
              ],
              [
                138.36007670000004,
                -2.180312299999969
              ],
              [
                138.35676540000009,
                -2.179381
              ],
              [
                138.35852450000004,
                -2.171930599999939
              ],
              [
                138.3568689000001,
                -2.169343599999934
              ],
              [
                138.3537645,
                -2.169654
              ],
              [
                138.35231580000004,
                -2.176897499999939
              ],
              [
                138.34838360000003,
                -2.177621899999963
              ],
              [
                138.3474523000001,
                -2.174828
              ],
              [
                138.34838360000003,
                -2.170171399999958
              ],
              [
                138.3432097000001,
                -2.167274
              ],
              [
                138.34238190000008,
                -2.16499749999997
              ],
              [
                138.34496880000006,
                -2.163962699999956
              ],
              [
                138.35003930000005,
                -2.16706709999994
              ],
              [
                138.35190190000003,
                -2.166860099999951
              ],
              [
                138.3521088000001,
                -2.163445299999978
              ],
              [
                138.3494184000001,
                -2.160341
              ],
              [
                138.35014280000007,
                -2.157754
              ],
              [
                138.35355750000008,
                -2.158374899999956
              ],
              [
                138.35645490000002,
                -2.163962699999956
              ],
              [
                138.3579036000001,
                -2.164687099999981
              ],
              [
                138.3594558000001,
                -2.162514
              ],
              [
                138.3588350000001,
                -2.157961
              ],
              [
                138.34496880000006,
                -2.155270499999972
              ],
              [
                138.3440375,
                -2.153821799999946
              ],
              [
                138.344141,
                -2.144301799999937
              ],
              [
                138.34579670000005,
                -2.143474
              ],
              [
                138.35066010000003,
                -2.144612199999926
              ],
              [
                138.35200540000005,
                -2.142439199999956
              ],
              [
                138.34724540000002,
                -2.137472199999934
              ],
              [
                138.34051920000002,
                -2.141197399999953
              ],
              [
                138.3374149000001,
                -2.139955699999973
              ],
              [
                138.33255140000006,
                -2.13312609999997
              ],
              [
                138.33265490000008,
                -2.13116
              ],
              [
                138.33565570000007,
                -2.130746099999953
              ],
              [
                138.34217490000003,
                -2.136023499999965
              ],
              [
                138.34486530000004,
                -2.13436779999995
              ],
              [
                138.33337920000008,
                -2.125882599999954
              ],
              [
                138.33058530000005,
                -2.125572199999965
              ],
              [
                138.32427310000003,
                -2.129193899999962
              ],
              [
                138.32282440000006,
                -2.12878
              ],
              [
                138.3220999,
                -2.125365199999976
              ],
              [
                138.3281018,
                -2.121226099999944
              ],
              [
                138.32623920000003,
                -2.117604299999925
              ],
              [
                138.3159948000001,
                -2.120501699999977
              ],
              [
                138.3121661,
                -2.119466899999964
              ],
              [
                138.31247650000012,
                -2.116466
              ],
              [
                138.31878870000003,
                -2.112326899999971
              ],
              [
                138.3257218000001,
                -2.112430399999937
              ],
              [
                138.32675660000007,
                -2.111188599999934
              ],
              [
                138.3256183000001,
                -2.108705099999952
              ],
              [
                138.322514,
                -2.108187799999939
              ],
              [
                138.31620180000004,
                -2.104048599999942
              ],
              [
                138.31702960000007,
                -2.099909499999967
              ],
              [
                138.32448010000007,
                -2.100012899999967
              ],
              [
                138.3253079000001,
                -2.098667699999964
              ],
              [
                138.32510090000005,
                -2.097426
              ],
              [
                138.32054790000007,
                -2.095666799999947
              ],
              [
                138.31444260000012,
                -2.098046799999963
              ],
              [
                138.31454610000003,
                -2.09328679999993
              ],
              [
                138.3182713000001,
                -2.088423299999931
              ],
              [
                138.31547740000008,
                -2.086767699999939
              ],
              [
                138.31071740000004,
                -2.086871199999962
              ],
              [
                138.30833740000003,
                -2.088009399999976
              ],
              [
                138.3051296000001,
                -2.092666
              ],
              [
                138.30274960000008,
                -2.09111379999996
              ],
              [
                138.30274960000008,
                -2.088423299999931
              ],
              [
                138.305647,
                -2.085629399999959
              ],
              [
                138.30575040000008,
                -2.082318099999952
              ],
              [
                138.30274960000008,
                -2.081490299999928
              ],
              [
                138.2980930000001,
                -2.085629399999959
              ],
              [
                138.295713,
                -2.085939899999971
              ],
              [
                138.29240170000003,
                -2.081386799999962
              ],
              [
                138.29405740000004,
                -2.077868499999965
              ],
              [
                138.30150780000008,
                -2.076005899999927
              ],
              [
                138.30657830000007,
                -2.077247599999964
              ],
              [
                138.31071740000004,
                -2.068762399999969
              ],
              [
                138.30544,
                -2.067003299999953
              ],
              [
                138.30150780000008,
                -2.061829299999943
              ],
              [
                138.29291910000006,
                -2.055103199999962
              ],
              [
                138.29105650000008,
                -2.055310199999951
              ],
              [
                138.2896078000001,
                -2.057586699999945
              ],
              [
                138.29084950000004,
                -2.064105899999959
              ],
              [
                138.28971120000006,
                -2.065347599999939
              ],
              [
                138.28681380000012,
                -2.06389889999997
              ],
              [
                138.2821573000001,
                -2.052930199999935
              ],
              [
                138.28940080000007,
                -2.048998
              ],
              [
                138.28929730000004,
                -2.045169299999941
              ],
              [
                138.28805560000012,
                -2.044444899999974
              ],
              [
                138.28060510000012,
                -2.049515399999962
              ],
              [
                138.26570420000007,
                -2.051274499999977
              ],
              [
                138.26301380000007,
                -2.049515399999962
              ],
              [
                138.26322070000003,
                -2.044962299999952
              ],
              [
                138.261772,
                -2.042271899999946
              ],
              [
                138.25980590000006,
                -2.041858
              ],
              [
                138.25545980000004,
                -2.044755399999929
              ],
              [
                138.2533903000001,
                -2.043617099999949
              ],
              [
                138.25432160000003,
                -2.039995399999952
              ],
              [
                138.26053030000003,
                -2.037201399999958
              ],
              [
                138.2603233000001,
                -2.034304
              ],
              [
                138.25514940000005,
                -2.033579699999962
              ],
              [
                138.24821630000008,
                -2.035442299999943
              ],
              [
                138.24914760000001,
                -2.033062299999926
              ],
              [
                138.25235550000002,
                -2.03171709999998
              ],
              [
                138.25370070000008,
                -2.023542299999974
              ],
              [
                138.2607372000001,
                -2.026750099999958
              ],
              [
                138.26218590000008,
                -2.025715299999945
              ],
              [
                138.261772,
                -2.021886599999959
              ],
              [
                138.25732240000002,
                -2.018575299999952
              ],
              [
                138.25711550000005,
                -2.016298799999959
              ],
              [
                138.26125460000003,
                -2.010193499999957
              ],
              [
                138.26063380000005,
                -2.004709199999979
              ],
              [
                138.26249640000003,
                -2.000466499999959
              ],
              [
                138.26115120000009,
                -1.998500399999955
              ],
              [
                138.2564946000001,
                -1.998293499999932
              ],
              [
                138.25566680000009,
                -1.997051699999929
              ],
              [
                138.26011640000002,
                -1.990429099999972
              ],
              [
                138.25970250000012,
                -1.988980399999946
              ],
              [
                138.2529763000001,
                -1.990118699999925
              ],
              [
                138.2519416,
                -1.993016099999977
              ],
              [
                138.25421810000012,
                -1.997155199999952
              ],
              [
                138.25090680000005,
                -1.999121299999956
              ],
              [
                138.24531890000003,
                -1.995396099999937
              ],
              [
                138.2448015000001,
                -1.991877799999941
              ],
              [
                138.247285,
                -1.988152599999978
              ],
              [
                138.25307980000002,
                -1.988256099999944
              ],
              [
                138.2526659,
                -1.984944699999971
              ],
              [
                138.25090680000005,
                -1.983496
              ],
              [
                138.2463537000001,
                -1.98422039999997
              ],
              [
                138.2421111000001,
                -1.991360399999962
              ],
              [
                138.23962760000006,
                -1.991878
              ],
              [
                138.23797190000005,
                -1.990532599999938
              ],
              [
                138.23610930000007,
                -1.982254299999965
              ],
              [
                138.23217710000006,
                -1.979874299999949
              ],
              [
                138.21830060000002,
                -1.976939899999934
              ],
              [
                138.20321480000007,
                -1.971073099999956
              ],
              [
                138.179748,
                -1.965206399999943
              ],
              [
                138.1504145,
                -1.954311099999927
              ],
              [
                138.13700490000008,
                -1.940063399999929
              ],
              [
                138.13532870000006,
                -1.92581569999993
              ],
              [
                138.13532930000008,
                -1.907377499999939
              ],
              [
                138.1286238,
                -1.888101199999937
              ],
              [
                138.13113810000004,
                -1.853739
              ],
              [
                138.14442730000007,
                -1.826829399999951
              ],
              [
                138.14422030000003,
                -1.815653699999928
              ],
              [
                138.14515160000008,
                -1.813895399999979
              ],
              [
                138.150843,
                -1.812652899999932
              ],
              [
                138.150636,
                -1.81016939999995
              ],
              [
                138.14773860000003,
                -1.808306799999968
              ],
              [
                138.14763510000012,
                -1.806547599999931
              ],
              [
                138.1511534000001,
                -1.804581499999927
              ],
              [
                138.15715520000003,
                -1.80903109999997
              ],
              [
                138.1589143000001,
                -1.806547599999931
              ],
              [
                138.160363,
                -1.801477199999965
              ],
              [
                138.15870730000006,
                -1.796717199999932
              ],
              [
                138.1592247000001,
                -1.793509299999926
              ],
              [
                138.15612040000008,
                -1.789266699999928
              ],
              [
                138.15808650000008,
                -1.786990199999934
              ],
              [
                138.1647091000001,
                -1.788852799999972
              ],
              [
                138.16615780000006,
                -1.785645
              ],
              [
                138.1651230000001,
                -1.783678899999927
              ],
              [
                138.15684470000008,
                -1.782851
              ],
              [
                138.1562239000001,
                -1.780781499999932
              ],
              [
                138.15881080000008,
                -1.775607499999978
              ],
              [
                138.15508560000012,
                -1.772710099999927
              ],
              [
                138.15818990000002,
                -1.769398799999976
              ],
              [
                138.1585004000001,
                -1.764535299999977
              ],
              [
                138.16564040000003,
                -1.762051799999938
              ],
              [
                138.16812390000007,
                -1.757498799999951
              ],
              [
                138.16957260000004,
                -1.747978699999976
              ],
              [
                138.1744361000001,
                -1.744460499999946
              ],
              [
                138.17422910000005,
                -1.741563099999951
              ],
              [
                138.17143520000002,
                -1.738976099999945
              ],
              [
                138.17102130000012,
                -1.732974299999967
              ],
              [
                138.16574390000005,
                -1.731111699999929
              ],
              [
                138.16915870000003,
                -1.724489099999971
              ],
              [
                138.16501950000008,
                -1.72138469999993
              ],
              [
                138.1732978000001,
                -1.717452599999945
              ],
              [
                138.17474650000008,
                -1.714451699999927
              ],
              [
                138.17184910000003,
                -1.712071699999967
              ],
              [
                138.16657170000008,
                -1.710726399999942
              ],
              [
                138.16025950000005,
                -1.701930799999957
              ],
              [
                138.16419170000006,
                -1.69986119999993
              ],
              [
                138.16295,
                -1.697998599999949
              ],
              [
                138.1608804000001,
                -1.69779159999996
              ],
              [
                138.1624326000001,
                -1.695308099999977
              ],
              [
                138.1616047000001,
                -1.690444599999978
              ],
              [
                138.16491610000003,
                -1.689927199999943
              ],
              [
                138.16802040000005,
                -1.693549
              ],
              [
                138.17050390000009,
                -1.692617699999971
              ],
              [
                138.17009,
                -1.689823799999942
              ],
              [
                138.16460560000007,
                -1.685684599999945
              ],
              [
                138.16357080000012,
                -1.68185589999996
              ],
              [
                138.1670891000001,
                -1.681131599999958
              ],
              [
                138.1713317000001,
                -1.68392549999993
              ],
              [
                138.1732978000001,
                -1.678751599999941
              ],
              [
                138.17547090000005,
                -1.678958499999965
              ],
              [
                138.1784718,
                -1.68185589999996
              ],
              [
                138.17940310000006,
                -1.68071759999998
              ],
              [
                138.1749116000001,
                -1.673819599999945
              ],
              [
                138.16849890000003,
                -1.651100099999951
              ],
              [
                138.1681324000001,
                -1.634610199999941
              ],
              [
                138.17037960000005,
                -1.630883599999947
              ]
            ]
          ]
        ]
      }
    },
    {
      "type": "Feature",
      "properties": {
        "shapeName": "Sarmi",
        "shapeISO": "",
        "shapeID": "22746128B27261093121909",
        "shapeGroup": "IDN",
        "shapeType": "ADM2",
        "district": "Sarmi",
        "district_code": "22746128B27261093121909",
        "aliases": []
      },
      "geometry": {
        "type": "MultiPolygon",
        "coordinates": [
          [
            [
              [
                139.57272310000008,
                -2.237119899999925
              ],
              [
                139.57238740000003,
                -2.235781899999949
              ],
              [
                139.5717313,
                -2.237564799999973
              ],
              [
                139.57272310000008,
                -2.237119899999925
              ]
            ]
          ],
          [
            [
              [
                139.53099040000006,
                -2.209315099999969
              ],
              [
                139.5319211000001,
                -2.206225099999926
              ],
              [
                139.52760290000003,
                -2.206975199999931
              ],
              [
                139.52856420000012,
                -2.209365099999957
              ],
              [
                139.53099040000006,
                -2.209315099999969
              ]
            ]
          ],
          [
            [
              [
                139.51443460000007,
                -2.133812899999953
              ],
              [
                139.5137022,
                -2.127732699999967
              ],
              [
                139.506561,
                -2.125322799999935
              ],
              [
                139.50709510000002,
                -2.133192799999961
              ],
              [
                139.51278660000003,
                -2.139152799999977
              ],
              [
                139.5157316000001,
                -2.139762899999937
              ],
              [
                139.51715060000004,
                -2.137432799999942
              ],
              [
                139.51443460000007,
                -2.133812899999953
              ]
            ]
          ],
          [
            [
              [
                139.47325110000008,
                -2.123572799999977
              ],
              [
                139.4786832000001,
                -2.12059279999994
              ],
              [
                139.47726420000004,
                -2.113062899999932
              ],
              [
                139.47447180000006,
                -2.113832699999932
              ],
              [
                139.47142010000005,
                -2.121242699999925
              ],
              [
                139.47195410000006,
                -2.123572799999977
              ],
              [
                139.47325110000008,
                -2.123572799999977
              ]
            ]
          ],
          [
            [
              [
                139.45849590000012,
                -2.119792699999948
              ],
              [
                139.4604032000001,
                -2.113522799999942
              ],
              [
                139.45770240000002,
                -2.111812799999939
              ],
              [
                139.454437,
                -2.11386269999997
              ],
              [
                139.4526975000001,
                -2.11870289999996
              ],
              [
                139.45555090000005,
                -2.120612899999969
              ],
              [
                139.45849590000012,
                -2.119792699999948
              ]
            ]
          ],
          [
            [
              [
                139.24140910000006,
                -2.035952599999973
              ],
              [
                139.24179060000006,
                -2.033542599999976
              ],
              [
                139.23886090000008,
                -2.032422499999939
              ],
              [
                139.2389372,
                -2.035752799999955
              ],
              [
                139.24140910000006,
                -2.035952599999973
              ]
            ]
          ],
          [
            [
              [
                139.24726850000002,
                -2.004388099999971
              ],
              [
                139.23995950000005,
                -2.004888
              ],
              [
                139.2400358000001,
                -2.008028
              ],
              [
                139.24195840000004,
                -2.008528
              ],
              [
                139.24104290000002,
                -2.007108
              ],
              [
                139.2420042000001,
                -2.005268099999967
              ],
              [
                139.24485760000005,
                -2.006187899999929
              ],
              [
                139.24697860000003,
                -2.010247899999968
              ],
              [
                139.24714640000002,
                -2.014967899999931
              ],
              [
                139.2511290000001,
                -2.014928099999963
              ],
              [
                139.25329570000008,
                -2.011578099999952
              ],
              [
                139.25317360000008,
                -2.007318
              ],
              [
                139.24726850000002,
                -2.004388099999971
              ]
            ]
          ],
          [
            [
              [
                139.135803,
                -1.999485599999957
              ],
              [
                139.133209,
                -1.999525699999936
              ],
              [
                139.1324919000001,
                -2.001545199999953
              ],
              [
                139.133911,
                -2.004805099999942
              ],
              [
                139.13201890000005,
                -2.009265199999959
              ],
              [
                139.1355284000001,
                -2.011585199999956
              ],
              [
                139.13774090000004,
                -2.009585099999924
              ],
              [
                139.1393736000001,
                -2.004125099999953
              ],
              [
                139.1375273000001,
                -1.99995569999993
              ],
              [
                139.135803,
                -1.999485599999957
              ]
            ]
          ],
          [
            [
              [
                139.0104216000001,
                -1.948148199999935
              ],
              [
                139.01016220000008,
                -1.946957
              ],
              [
                139.0048369000001,
                -1.949084499999969
              ],
              [
                139.00720200000012,
                -1.950526499999967
              ],
              [
                139.0104216000001,
                -1.948148199999935
              ]
            ]
          ],
          [
            [
              [
                139.0247038000001,
                -1.934243599999945
              ],
              [
                139.02348310000002,
                -1.933005099999946
              ],
              [
                139.0124052000001,
                -1.935996299999942
              ],
              [
                139.01083360000007,
                -1.93387389999998
              ],
              [
                139.00819380000007,
                -1.933517299999949
              ],
              [
                139.00082380000003,
                -1.937749599999961
              ],
              [
                139.01222210000003,
                -1.943064599999957
              ],
              [
                139.01416,
                -1.947661299999936
              ],
              [
                139.0182341000001,
                -1.948897799999941
              ],
              [
                139.01644880000003,
                -1.943246199999976
              ],
              [
                139.0247038000001,
                -1.939191599999958
              ],
              [
                139.0247038000001,
                -1.934243599999945
              ]
            ]
          ],
          [
            [
              [
                138.76664720000008,
                -1.868103
              ],
              [
                138.7680663000001,
                -1.865582899999936
              ],
              [
                138.76629620000006,
                -1.863973
              ],
              [
                138.76217640000004,
                -1.868063
              ],
              [
                138.76664720000008,
                -1.868103
              ]
            ]
          ],
          [
            [
              [
                138.80097950000004,
                -1.663765499999954
              ],
              [
                138.79830920000006,
                -1.663765399999932
              ],
              [
                138.79354840000008,
                -1.66662539999993
              ],
              [
                138.79383840000003,
                -1.66852549999993
              ],
              [
                138.78997790000005,
                -1.67301539999994
              ],
              [
                138.79055770000002,
                -1.676935399999934
              ],
              [
                138.7953642000001,
                -1.686015399999974
              ],
              [
                138.7958983000001,
                -1.691135499999973
              ],
              [
                138.79336530000012,
                -1.699795399999971
              ],
              [
                138.79740890000005,
                -1.706775499999935
              ],
              [
                138.80062850000002,
                -1.702315599999963
              ],
              [
                138.8000945000001,
                -1.693485499999952
              ],
              [
                138.8054350000001,
                -1.678045499999939
              ],
              [
                138.8047789000001,
                -1.674895499999934
              ],
              [
                138.80245960000002,
                -1.673045499999944
              ],
              [
                138.8038329000001,
                -1.665675499999963
              ],
              [
                138.8027647,
                -1.663825499999973
              ],
              [
                138.80097950000004,
                -1.663765499999954
              ]
            ]
          ],
          [
            [
              [
                138.777191,
                -1.644503099999952
              ],
              [
                138.77487170000006,
                -1.640253099999939
              ],
              [
                138.7742766,
                -1.644513
              ],
              [
                138.77294910000012,
                -1.644883
              ],
              [
                138.7761839000001,
                -1.645623099999966
              ],
              [
                138.777191,
                -1.644503099999952
              ]
            ]
          ],
          [
            [
              [
                139.99981920000005,
                -2.36220359999993
              ],
              [
                139.98178070000006,
                -2.361857899999961
              ],
              [
                139.88369720000003,
                -2.374937799999941
              ],
              [
                139.82365390000007,
                -2.374657599999978
              ],
              [
                139.81076020000012,
                -2.377627599999926
              ],
              [
                139.80354280000006,
                -2.376547599999981
              ],
              [
                139.78900120000003,
                -2.368807499999946
              ],
              [
                139.75543190000008,
                -2.358406499999944
              ],
              [
                139.7048642000001,
                -2.332554799999969
              ],
              [
                139.6888272000001,
                -2.319294
              ],
              [
                139.663284,
                -2.301975499999969
              ],
              [
                139.6437681000001,
                -2.291551099999936
              ],
              [
                139.6420743000001,
                -2.289226499999927
              ],
              [
                139.6199338,
                -2.285208
              ],
              [
                139.61633270000004,
                -2.285883699999943
              ],
              [
                139.61311310000008,
                -2.282520299999931
              ],
              [
                139.59686250000004,
                -2.278030399999977
              ],
              [
                139.58103920000008,
                -2.271690399999954
              ],
              [
                139.53582740000002,
                -2.24847479999994
              ],
              [
                139.5154874000001,
                -2.234525
              ],
              [
                139.5004117000001,
                -2.226402
              ],
              [
                139.44749430000002,
                -2.189554699999974
              ],
              [
                139.3833006000001,
                -2.158234599999957
              ],
              [
                139.36273170000004,
                -2.146584299999972
              ],
              [
                139.31388830000003,
                -2.133672199999978
              ],
              [
                139.2768400000001,
                -2.12180589999997
              ],
              [
                139.2492674,
                -2.109701399999949
              ],
              [
                139.190399,
                -2.070946899999967
              ],
              [
                139.15762310000002,
                -2.056452699999966
              ],
              [
                139.1461332,
                -2.049932699999943
              ],
              [
                139.13281230000007,
                -2.039732699999945
              ],
              [
                139.1249693000001,
                -2.030512599999952
              ],
              [
                139.1012571000001,
                -2.024637199999972
              ],
              [
                139.0485685000001,
                -2.005557099999976
              ],
              [
                139.03091410000002,
                -1.997389899999973
              ],
              [
                139.00070170000004,
                -1.976141799999937
              ],
              [
                138.99220260000004,
                -1.972842899999932
              ],
              [
                138.97604350000006,
                -1.969687699999952
              ],
              [
                138.97171,
                -1.970907699999941
              ],
              [
                138.90544110000008,
                -1.954213599999946
              ],
              [
                138.90412890000005,
                -1.955168799999967
              ],
              [
                138.90493760000004,
                -1.957284299999969
              ],
              [
                138.90293870000005,
                -1.958875199999966
              ],
              [
                138.9012755000001,
                -1.958753499999943
              ],
              [
                138.90055830000006,
                -1.956240799999932
              ],
              [
                138.8965147,
                -1.955159299999934
              ],
              [
                138.8867491000001,
                -1.960108799999944
              ],
              [
                138.87683090000007,
                -1.969327599999929
              ],
              [
                138.87184130000003,
                -1.96911769999997
              ],
              [
                138.86392200000012,
                -1.965727699999945
              ],
              [
                138.83584580000002,
                -1.948597799999959
              ],
              [
                138.8014525000001,
                -1.930097799999942
              ],
              [
                138.7899169000001,
                -1.920347699999979
              ],
              [
                138.78572070000007,
                -1.911947699999928
              ],
              [
                138.78080740000007,
                -1.907277699999952
              ],
              [
                138.77525320000007,
                -1.89567779999993
              ],
              [
                138.76608260000012,
                -1.890827799999954
              ],
              [
                138.75819380000007,
                -1.881936199999927
              ],
              [
                138.75500480000005,
                -1.873167699999954
              ],
              [
                138.74842820000003,
                -1.866694699999925
              ],
              [
                138.74697860000003,
                -1.861036299999967
              ],
              [
                138.7479552000001,
                -1.857428199999958
              ],
              [
                138.750305,
                -1.856299899999954
              ],
              [
                138.75212080000006,
                -1.857325799999956
              ],
              [
                138.75395190000006,
                -1.855011699999977
              ],
              [
                138.75134260000004,
                -1.846604299999967
              ],
              [
                138.7499388000001,
                -1.846656399999972
              ],
              [
                138.7494048000001,
                -1.851288699999941
              ],
              [
                138.747711,
                -1.852950299999975
              ],
              [
                138.73806750000006,
                -1.853477699999928
              ],
              [
                138.716339,
                -1.838793499999952
              ],
              [
                138.68749990000003,
                -1.808677799999941
              ],
              [
                138.68328850000012,
                -1.805962699999952
              ],
              [
                138.68180830000006,
                -1.803019199999937
              ],
              [
                138.66331470000011,
                -1.792099099999973
              ],
              [
                138.64897140000005,
                -1.785949199999948
              ],
              [
                138.62268050000011,
                -1.778929199999936
              ],
              [
                138.49226370000008,
                -1.753513599999962
              ],
              [
                138.47587570000007,
                -1.748679599999946
              ],
              [
                138.4734343,
                -1.748459599999933
              ],
              [
                138.47285450000004,
                -1.750679599999955
              ],
              [
                138.469818,
                -1.74734959999995
              ],
              [
                138.36242670000001,
                -1.716799799999933
              ],
              [
                138.3203734000001,
                -1.701509899999962
              ],
              [
                138.28070060000005,
                -1.684716699999967
              ],
              [
                138.1778564000001,
                -1.632084499999962
              ],
              [
                138.17037960000005,
                -1.630883599999947
              ],
              [
                138.1681324000001,
                -1.634610199999941
              ],
              [
                138.16849890000003,
                -1.651100099999951
              ],
              [
                138.1749116000001,
                -1.673819599999945
              ],
              [
                138.17940310000006,
                -1.68071759999998
              ],
              [
                138.1784718,
                -1.68185589999996
              ],
              [
                138.17547090000005,
                -1.678958499999965
              ],
              [
                138.1732978000001,
                -1.678751599999941
              ],
              [
                138.1713317000001,
                -1.68392549999993
              ],
              [
                138.1670891000001,
                -1.681131599999958
              ],
              [
                138.16357080000012,
                -1.68185589999996
              ],
              [
                138.16460560000007,
                -1.685684599999945
              ],
              [
                138.17009,
                -1.689823799999942
              ],
              [
                138.17050390000009,
                -1.692617699999971
              ],
              [
                138.16802040000005,
                -1.693549
              ],
              [
                138.16491610000003,
                -1.689927199999943
              ],
              [
                138.1616047000001,
                -1.690444599999978
              ],
              [
                138.1624326000001,
                -1.695308099999977
              ],
              [
                138.1608804000001,
                -1.69779159999996
              ],
              [
                138.16295,
                -1.697998599999949
              ],
              [
                138.16419170000006,
                -1.69986119999993
              ],
              [
                138.16025950000005,
                -1.701930799999957
              ],
              [
                138.16657170000008,
                -1.710726399999942
              ],
              [
                138.17184910000003,
                -1.712071699999967
              ],
              [
                138.17474650000008,
                -1.714451699999927
              ],
              [
                138.1732978000001,
                -1.717452599999945
              ],
              [
                138.16501950000008,
                -1.72138469999993
              ],
              [
                138.16915870000003,
                -1.724489099999971
              ],
              [
                138.16574390000005,
                -1.731111699999929
              ],
              [
                138.17102130000012,
                -1.732974299999967
              ],
              [
                138.17143520000002,
                -1.738976099999945
              ],
              [
                138.17422910000005,
                -1.741563099999951
              ],
              [
                138.1744361000001,
                -1.744460499999946
              ],
              [
                138.16957260000004,
                -1.747978699999976
              ],
              [
                138.16812390000007,
                -1.757498799999951
              ],
              [
                138.16564040000003,
                -1.762051799999938
              ],
              [
                138.1585004000001,
                -1.764535299999977
              ],
              [
                138.15818990000002,
                -1.769398799999976
              ],
              [
                138.15508560000012,
                -1.772710099999927
              ],
              [
                138.15881080000008,
                -1.775607499999978
              ],
              [
                138.1562239000001,
                -1.780781499999932
              ],
              [
                138.15684470000008,
                -1.782851
              ],
              [
                138.1651230000001,
                -1.783678899999927
              ],
              [
                138.16615780000006,
                -1.785645
              ],
              [
                138.1647091000001,
                -1.788852799999972
              ],
              [
                138.15808650000008,
                -1.786990199999934
              ],
              [
                138.15612040000008,
                -1.789266699999928
              ],
              [
                138.1592247000001,
                -1.793509299999926
              ],
              [
                138.15870730000006,
                -1.796717199999932
              ],
              [
                138.160363,
                -1.801477199999965
              ],
              [
                138.1589143000001,
                -1.806547599999931
              ],
              [
                138.15715520000003,
                -1.80903109999997
              ],
              [
                138.1511534000001,
                -1.804581499999927
              ],
              [
                138.14763510000012,
                -1.806547599999931
              ],
              [
                138.14773860000003,
                -1.808306799999968
              ],
              [
                138.150636,
                -1.81016939999995
              ],
              [
                138.150843,
                -1.812652899999932
              ],
              [
                138.14515160000008,
                -1.813895399999979
              ],
              [
                138.14422030000003,
                -1.815653699999928
              ],
              [
                138.14442730000007,
                -1.826829399999951
              ],
              [
                138.13113810000004,
                -1.853739
              ],
              [
                138.1286238,
                -1.888101199999937
              ],
              [
                138.13532930000008,
                -1.907377499999939
              ],
              [
                138.13532870000006,
                -1.92581569999993
              ],
              [
                138.13700490000008,
                -1.940063399999929
              ],
              [
                138.1504145,
                -1.954311099999927
              ],
              [
                138.179748,
                -1.965206399999943
              ],
              [
                138.20321480000007,
                -1.971073099999956
              ],
              [
                138.21830060000002,
                -1.976939899999934
              ],
              [
                138.23217710000006,
                -1.979874299999949
              ],
              [
                138.23610930000007,
                -1.982254299999965
              ],
              [
                138.23797190000005,
                -1.990532599999938
              ],
              [
                138.23962760000006,
                -1.991878
              ],
              [
                138.2421111000001,
                -1.991360399999962
              ],
              [
                138.2463537000001,
                -1.98422039999997
              ],
              [
                138.25090680000005,
                -1.983496
              ],
              [
                138.2526659,
                -1.984944699999971
              ],
              [
                138.25307980000002,
                -1.988256099999944
              ],
              [
                138.247285,
                -1.988152599999978
              ],
              [
                138.2448015000001,
                -1.991877799999941
              ],
              [
                138.24531890000003,
                -1.995396099999937
              ],
              [
                138.25090680000005,
                -1.999121299999956
              ],
              [
                138.25421810000012,
                -1.997155199999952
              ],
              [
                138.2519416,
                -1.993016099999977
              ],
              [
                138.2529763000001,
                -1.990118699999925
              ],
              [
                138.25970250000012,
                -1.988980399999946
              ],
              [
                138.26011640000002,
                -1.990429099999972
              ],
              [
                138.25566680000009,
                -1.997051699999929
              ],
              [
                138.2564946000001,
                -1.998293499999932
              ],
              [
                138.26115120000009,
                -1.998500399999955
              ],
              [
                138.26249640000003,
                -2.000466499999959
              ],
              [
                138.26063380000005,
                -2.004709199999979
              ],
              [
                138.26125460000003,
                -2.010193499999957
              ],
              [
                138.25711550000005,
                -2.016298799999959
              ],
              [
                138.25732240000002,
                -2.018575299999952
              ],
              [
                138.261772,
                -2.021886599999959
              ],
              [
                138.26218590000008,
                -2.025715299999945
              ],
              [
                138.2607372000001,
                -2.026750099999958
              ],
              [
                138.25370070000008,
                -2.023542299999974
              ],
              [
                138.25235550000002,
                -2.03171709999998
              ],
              [
                138.24914760000001,
                -2.033062299999926
              ],
              [
                138.24821630000008,
                -2.035442299999943
              ],
              [
                138.25514940000005,
                -2.033579699999962
              ],
              [
                138.2603233000001,
                -2.034304
              ],
              [
                138.26053030000003,
                -2.037201399999958
              ],
              [
                138.25432160000003,
                -2.039995399999952
              ],
              [
                138.2533903000001,
                -2.043617099999949
              ],
              [
                138.25545980000004,
                -2.044755399999929
              ],
              [
                138.25980590000006,
                -2.041858
              ],
              [
                138.261772,
                -2.042271899999946
              ],
              [
                138.26322070000003,
                -2.044962299999952
              ],
              [
                138.26301380000007,
                -2.049515399999962
              ],
              [
                138.26570420000007,
                -2.051274499999977
              ],
              [
                138.28060510000012,
                -2.049515399999962
              ],
              [
                138.28805560000012,
                -2.044444899999974
              ],
              [
                138.28929730000004,
                -2.045169299999941
              ],
              [
                138.28940080000007,
                -2.048998
              ],
              [
                138.2821573000001,
                -2.052930199999935
              ],
              [
                138.28681380000012,
                -2.06389889999997
              ],
              [
                138.28971120000006,
                -2.065347599999939
              ],
              [
                138.29084950000004,
                -2.064105899999959
              ],
              [
                138.2896078000001,
                -2.057586699999945
              ],
              [
                138.29105650000008,
                -2.055310199999951
              ],
              [
                138.29291910000006,
                -2.055103199999962
              ],
              [
                138.30150780000008,
                -2.061829299999943
              ],
              [
                138.30544,
                -2.067003299999953
              ],
              [
                138.31071740000004,
                -2.068762399999969
              ],
              [
                138.30657830000007,
                -2.077247599999964
              ],
              [
                138.30150780000008,
                -2.076005899999927
              ],
              [
                138.29405740000004,
                -2.077868499999965
              ],
              [
                138.29240170000003,
                -2.081386799999962
              ],
              [
                138.295713,
                -2.085939899999971
              ],
              [
                138.2980930000001,
                -2.085629399999959
              ],
              [
                138.30274960000008,
                -2.081490299999928
              ],
              [
                138.30575040000008,
                -2.082318099999952
              ],
              [
                138.305647,
                -2.085629399999959
              ],
              [
                138.30274960000008,
                -2.088423299999931
              ],
              [
                138.30274960000008,
                -2.09111379999996
              ],
              [
                138.3051296000001,
                -2.092666
              ],
              [
                138.30833740000003,
                -2.088009399999976
              ],
              [
                138.31071740000004,
                -2.086871199999962
              ],
              [
                138.31547740000008,
                -2.086767699999939
              ],
              [
                138.3182713000001,
                -2.088423299999931
              ],
              [
                138.31454610000003,
                -2.09328679999993
              ],
              [
                138.31444260000012,
                -2.098046799999963
              ],
              [
                138.32054790000007,
                -2.095666799999947
              ],
              [
                138.32510090000005,
                -2.097426
              ],
              [
                138.3253079000001,
                -2.098667699999964
              ],
              [
                138.32448010000007,
                -2.100012899999967
              ],
              [
                138.31702960000007,
                -2.099909499999967
              ],
              [
                138.31620180000004,
                -2.104048599999942
              ],
              [
                138.322514,
                -2.108187799999939
              ],
              [
                138.3256183000001,
                -2.108705099999952
              ],
              [
                138.32675660000007,
                -2.111188599999934
              ],
              [
                138.3257218000001,
                -2.112430399999937
              ],
              [
                138.31878870000003,
                -2.112326899999971
              ],
              [
                138.31247650000012,
                -2.116466
              ],
              [
                138.3121661,
                -2.119466899999964
              ],
              [
                138.3159948000001,
                -2.120501699999977
              ],
              [
                138.32623920000003,
                -2.117604299999925
              ],
              [
                138.3281018,
                -2.121226099999944
              ],
              [
                138.3220999,
                -2.125365199999976
              ],
              [
                138.32282440000006,
                -2.12878
              ],
              [
                138.32427310000003,
                -2.129193899999962
              ],
              [
                138.33058530000005,
                -2.125572199999965
              ],
              [
                138.33337920000008,
                -2.125882599999954
              ],
              [
                138.34486530000004,
                -2.13436779999995
              ],
              [
                138.34217490000003,
                -2.136023499999965
              ],
              [
                138.33565570000007,
                -2.130746099999953
              ],
              [
                138.33265490000008,
                -2.13116
              ],
              [
                138.33255140000006,
                -2.13312609999997
              ],
              [
                138.3374149000001,
                -2.139955699999973
              ],
              [
                138.34051920000002,
                -2.141197399999953
              ],
              [
                138.34724540000002,
                -2.137472199999934
              ],
              [
                138.35200540000005,
                -2.142439199999956
              ],
              [
                138.35066010000003,
                -2.144612199999926
              ],
              [
                138.34579670000005,
                -2.143474
              ],
              [
                138.344141,
                -2.144301799999937
              ],
              [
                138.3440375,
                -2.153821799999946
              ],
              [
                138.34496880000006,
                -2.155270499999972
              ],
              [
                138.3588350000001,
                -2.157961
              ],
              [
                138.3594558000001,
                -2.162514
              ],
              [
                138.3579036000001,
                -2.164687099999981
              ],
              [
                138.35645490000002,
                -2.163962699999956
              ],
              [
                138.35355750000008,
                -2.158374899999956
              ],
              [
                138.35014280000007,
                -2.157754
              ],
              [
                138.3494184000001,
                -2.160341
              ],
              [
                138.3521088000001,
                -2.163445299999978
              ],
              [
                138.35190190000003,
                -2.166860099999951
              ],
              [
                138.35003930000005,
                -2.16706709999994
              ],
              [
                138.34496880000006,
                -2.163962699999956
              ],
              [
                138.34238190000008,
                -2.16499749999997
              ],
              [
                138.3432097000001,
                -2.167274
              ],
              [
                138.34838360000003,
                -2.170171399999958
              ],
              [
                138.3474523000001,
                -2.174828
              ],
              [
                138.34838360000003,
                -2.177621899999963
              ],
              [
                138.35231580000004,
                -2.176897499999939
              ],
              [
                138.3537645,
                -2.169654
              ],
              [
                138.3568689000001,
                -2.169343599999934
              ],
              [
                138.35852450000004,
                -2.171930599999939
              ],
              [
                138.35676540000009,
                -2.179381
              ],
              [
                138.36007670000004,
                -2.180312299999969
              ],
              [
                138.3614219000001,
                -2.175862799999948
              ],
              [
                138.36411240000007,
                -2.174621
              ],
              [
                138.36876890000008,
                -2.185175799999968
              ],
              [
                138.37259760000006,
                -2.189728899999977
              ],
              [
                138.3739428,
                -2.189211499999942
              ],
              [
                138.37497760000008,
                -2.184141
              ],
              [
                138.37963420000005,
                -2.184451499999966
              ],
              [
                138.37963420000005,
                -2.177208
              ],
              [
                138.38170370000012,
                -2.176794099999938
              ],
              [
                138.3835663000001,
                -2.177932299999952
              ],
              [
                138.3832559000001,
                -2.182175
              ],
              [
                138.38449760000003,
                -2.183934099999931
              ],
              [
                138.39029240000002,
                -2.184555
              ],
              [
                138.39225850000003,
                -2.190142799999933
              ],
              [
                138.3946386,
                -2.191488
              ],
              [
                138.39857070000005,
                -2.190349799999979
              ],
              [
                138.39660460000005,
                -2.183623699999941
              ],
              [
                138.39784640000005,
                -2.179691499999933
              ],
              [
                138.4007438000001,
                -2.178967099999966
              ],
              [
                138.4034342000001,
                -2.184761899999955
              ],
              [
                138.40364120000004,
                -2.191591499999959
              ],
              [
                138.40633160000004,
                -2.192005399999971
              ],
              [
                138.4111951000001,
                -2.187762799999973
              ],
              [
                138.41295430000002,
                -2.187555799999927
              ],
              [
                138.4147134000001,
                -2.189521899999932
              ],
              [
                138.409436,
                -2.193661099999929
              ],
              [
                138.40757340000005,
                -2.199869799999931
              ],
              [
                138.409229,
                -2.201835899999935
              ],
              [
                138.4127473000001,
                -2.201422
              ],
              [
                138.4174038000001,
                -2.203802
              ],
              [
                138.41761080000003,
                -2.20814809999996
              ],
              [
                138.42009430000007,
                -2.207941099999971
              ],
              [
                138.42164650000007,
                -2.202249799999947
              ],
              [
                138.41947340000002,
                -2.198628
              ],
              [
                138.42071520000002,
                -2.197386299999948
              ],
              [
                138.42495780000002,
                -2.199973299999954
              ],
              [
                138.4283726000001,
                -2.197489799999971
              ],
              [
                138.43013170000006,
                -2.197800199999961
              ],
              [
                138.43095950000009,
                -2.199662799999942
              ],
              [
                138.43044210000005,
                -2.200904599999944
              ],
              [
                138.42506130000004,
                -2.202456799999936
              ],
              [
                138.42464730000006,
                -2.20700979999998
              ],
              [
                138.43095950000009,
                -2.203284599999961
              ],
              [
                138.43385690000002,
                -2.20700979999998
              ],
              [
                138.43985870000006,
                -2.21021769999993
              ],
              [
                138.4423422000001,
                -2.207837599999948
              ],
              [
                138.44254910000006,
                -2.20473329999993
              ],
              [
                138.44410130000006,
                -2.204215899999951
              ],
              [
                138.44668830000012,
                -2.208458499999949
              ],
              [
                138.440583,
                -2.211562899999933
              ],
              [
                138.4407900000001,
                -2.214770699999974
              ],
              [
                138.44555,
                -2.21394289999995
              ],
              [
                138.44989610000005,
                -2.214770699999974
              ],
              [
                138.45217270000012,
                -2.217047199999968
              ],
              [
                138.45724310000003,
                -2.216736799999978
              ],
              [
                138.4579675000001,
                -2.219013299999972
              ],
              [
                138.45455270000002,
                -2.220979399999976
              ],
              [
                138.45496660000003,
                -2.222221199999979
              ],
              [
                138.46086490000005,
                -2.219944599999963
              ],
              [
                138.46303790000002,
                -2.217150699999934
              ],
              [
                138.46562490000008,
                -2.221082899999942
              ],
              [
                138.467384,
                -2.21953069999995
              ],
              [
                138.47297190000006,
                -2.220979399999976
              ],
              [
                138.47762840000007,
                -2.227705499999956
              ],
              [
                138.4715232000001,
                -2.224187299999926
              ],
              [
                138.4691431000001,
                -2.226567299999942
              ],
              [
                138.47017790000007,
                -2.230292499999962
              ],
              [
                138.48280230000012,
                -2.230499499999951
              ],
              [
                138.4905632000001,
                -2.235569899999973
              ],
              [
                138.4921154000001,
                -2.240329899999949
              ],
              [
                138.49615110000002,
                -2.238156899999979
              ],
              [
                138.50505020000003,
                -2.245193399999948
              ],
              [
                138.51146590000008,
                -2.244986499999925
              ],
              [
                138.51726070000007,
                -2.24674559999994
              ],
              [
                138.5185024000001,
                -2.247676899999931
              ],
              [
                138.51829550000002,
                -2.253368199999954
              ],
              [
                138.5162259000001,
                -2.259887399999968
              ],
              [
                138.52853990000006,
                -2.261336099999937
              ],
              [
                138.53091990000007,
                -2.266199599999936
              ],
              [
                138.53319640000007,
                -2.267544799999939
              ],
              [
                138.5359903000001,
                -2.267648299999962
              ],
              [
                138.53971550000006,
                -2.264026499999943
              ],
              [
                138.5442686,
                -2.263819599999977
              ],
              [
                138.54789040000003,
                -2.265682199999958
              ],
              [
                138.54799380000009,
                -2.267544799999939
              ],
              [
                138.55109820000007,
                -2.270338699999968
              ],
              [
                138.55720340000005,
                -2.26609609999997
              ],
              [
                138.56061820000002,
                -2.270959599999969
              ],
              [
                138.56186,
                -2.265889099999924
              ],
              [
                138.5652748000001,
                -2.267544799999939
              ],
              [
                138.5695174000001,
                -2.266717
              ],
              [
                138.5695174000001,
                -2.26516479999998
              ],
              [
                138.57344960000012,
                -2.269407399999977
              ],
              [
                138.57655390000002,
                -2.27064919999998
              ],
              [
                138.57789920000005,
                -2.273443099999952
              ],
              [
                138.5792444000001,
                -2.26816569999994
              ],
              [
                138.58286610000005,
                -2.267130899999927
              ],
              [
                138.5853496000001,
                -2.268786499999976
              ],
              [
                138.59042010000007,
                -2.265682199999958
              ],
              [
                138.5940418,
                -2.266717
              ],
              [
                138.59880180000005,
                -2.261853499999972
              ],
              [
                138.6016992000001,
                -2.264750899999967
              ],
              [
                138.6032514000001,
                -2.263923
              ],
              [
                138.60387230000003,
                -2.266199599999936
              ],
              [
                138.6079079000001,
                -2.264957799999934
              ],
              [
                138.6088393000001,
                -2.269200499999954
              ],
              [
                138.61090880000006,
                -2.269407399999977
              ],
              [
                138.61173670000005,
                -2.27158049999997
              ],
              [
                138.62136020000003,
                -2.277271799999937
              ],
              [
                138.62032540000007,
                -2.27737529999996
              ],
              [
                138.6204289000001,
                -2.279341399999964
              ],
              [
                138.622188,
                -2.289275299999929
              ],
              [
                138.62989720000007,
                -2.301120399999945
              ],
              [
                138.66676140000004,
                -2.351081099999931
              ],
              [
                138.71445860000006,
                -2.412359899999956
              ],
              [
                138.7241517000001,
                -2.422549699999934
              ],
              [
                138.72135930000002,
                -2.428339
              ],
              [
                138.72152540000002,
                -2.438636199999962
              ],
              [
                138.72684010000012,
                -2.449929899999972
              ],
              [
                138.72733830000004,
                -2.457071499999927
              ],
              [
                138.724681,
                -2.461555699999963
              ],
              [
                138.720861,
                -2.462386199999969
              ],
              [
                138.71986450000009,
                -2.465375699999925
              ],
              [
                138.72218970000006,
                -2.470026
              ],
              [
                138.72185760000002,
                -2.473679899999979
              ],
              [
                138.7203628000001,
                -2.474842499999966
              ],
              [
                138.72135930000002,
                -2.477665899999977
              ],
              [
                138.63566,
                -2.619667599999957
              ],
              [
                138.62121070000012,
                -2.645908899999938
              ],
              [
                138.6705376000001,
                -2.673811
              ],
              [
                138.76653410000006,
                -2.720812699999954
              ],
              [
                139.1114904000001,
                -2.902840599999934
              ],
              [
                139.11392190000004,
                -2.906667
              ],
              [
                139.11758410000004,
                -2.908808499999964
              ],
              [
                139.113632,
                -2.908522099999971
              ],
              [
                139.11187730000006,
                -2.914990899999964
              ],
              [
                139.10888650000004,
                -2.914990199999977
              ],
              [
                139.11033610000004,
                -2.91755889999996
              ],
              [
                139.10958840000012,
                -2.920351499999924
              ],
              [
                139.10321030000011,
                -2.922365199999945
              ],
              [
                139.1025999000001,
                -2.924492399999963
              ],
              [
                139.11065660000008,
                -2.925782399999946
              ],
              [
                139.11418130000004,
                -2.924887399999932
              ],
              [
                139.11518840000008,
                -2.92712709999995
              ],
              [
                139.113983,
                -2.932557299999928
              ],
              [
                139.1160887000001,
                -2.932906099999968
              ],
              [
                139.11999490000005,
                -2.932337299999972
              ],
              [
                139.12556440000003,
                -2.92629
              ],
              [
                139.12684610000008,
                -2.928921699999933
              ],
              [
                139.1261747000001,
                -2.933344399999953
              ],
              [
                139.13803080000002,
                -2.941521199999954
              ],
              [
                139.1398008000001,
                -2.94986149999994
              ],
              [
                139.14538560000005,
                -2.956303099999957
              ],
              [
                139.139572,
                -2.959324799999933
              ],
              [
                139.1409453000001,
                -2.968506799999943
              ],
              [
                139.1353911000001,
                -2.967273699999964
              ],
              [
                139.13298020000002,
                -2.970184099999926
              ],
              [
                139.13803080000002,
                -2.969625699999938
              ],
              [
                139.1420591000001,
                -2.973545799999954
              ],
              [
                139.1401518,
                -2.974441
              ],
              [
                139.1359556000001,
                -2.973320199999932
              ],
              [
                139.13421610000012,
                -2.975559
              ],
              [
                139.1403196000001,
                -2.976288599999975
              ],
              [
                139.13900740000008,
                -2.983118499999932
              ],
              [
                139.1326292000001,
                -2.983676699999933
              ],
              [
                139.1324614,
                -2.985747799999956
              ],
              [
                139.13670330000002,
                -2.989220099999955
              ],
              [
                139.13636760000009,
                -2.991571399999941
              ],
              [
                139.13284280000005,
                -2.994605099999944
              ],
              [
                139.13015730000006,
                -2.987567399999932
              ],
              [
                139.12356550000004,
                -2.988916899999936
              ],
              [
                139.12065110000003,
                -2.984456499999965
              ],
              [
                139.1193998000001,
                -2.984813
              ],
              [
                139.11921670000004,
                -2.989332
              ],
              [
                139.11708050000004,
                -2.990639399999964
              ],
              [
                139.12265,
                -2.995444099999929
              ],
              [
                139.1269377000001,
                -2.995930899999962
              ],
              [
                139.123596,
                -2.998435
              ],
              [
                139.1268004000001,
                -3.005684799999926
              ],
              [
                139.1259272000001,
                -3.018658499999958
              ],
              [
                139.12307070000008,
                -3.030798499999946
              ],
              [
                139.09254440000007,
                -3.07382819999998
              ],
              [
                139.0876005,
                -3.073048799999981
              ],
              [
                139.0842894000001,
                -3.076599599999952
              ],
              [
                139.08241250000003,
                -3.075351499999954
              ],
              [
                139.074005,
                -3.076755
              ],
              [
                139.07360820000008,
                -3.078437099999974
              ],
              [
                139.0767363000001,
                -3.083096499999954
              ],
              [
                139.0748747,
                -3.084973299999945
              ],
              [
                139.07339460000003,
                -3.082594399999948
              ],
              [
                139.06925950000004,
                -3.082189799999981
              ],
              [
                139.06994610000004,
                -3.087536799999953
              ],
              [
                139.07180770000002,
                -3.090411699999947
              ],
              [
                139.071121,
                -3.092785799999945
              ],
              [
                139.0681608000001,
                -3.090602199999978
              ],
              [
                139.06658920000007,
                -3.085748
              ],
              [
                139.06048570000007,
                -3.088804
              ],
              [
                139.06037890000005,
                -3.093159399999934
              ],
              [
                139.05732710000007,
                -3.09414309999994
              ],
              [
                139.05683880000004,
                -3.098398699999962
              ],
              [
                139.05308520000006,
                -3.097994599999936
              ],
              [
                139.05061320000004,
                -3.102840199999946
              ],
              [
                139.05160510000007,
                -3.105713099999946
              ],
              [
                139.04981980000002,
                -3.108480899999961
              ],
              [
                139.04528790000006,
                -3.108372199999963
              ],
              [
                139.04763780000008,
                -3.113524899999959
              ],
              [
                139.0449827000001,
                -3.115598199999965
              ],
              [
                139.0442961000001,
                -3.120150299999978
              ],
              [
                139.03868090000003,
                -3.123009199999956
              ],
              [
                139.0373839,
                -3.127559899999937
              ],
              [
                139.0392607000001,
                -3.129939799999931
              ],
              [
                139.035507,
                -3.129337799999973
              ],
              [
                139.03070050000008,
                -3.124080899999967
              ],
              [
                139.02911360000007,
                -3.125265599999977
              ],
              [
                139.02951030000008,
                -3.127048199999933
              ],
              [
                139.032852,
                -3.131608699999958
              ],
              [
                139.03245530000004,
                -3.13348869999993
              ],
              [
                139.03009020000002,
                -3.133384699999965
              ],
              [
                139.0287016000001,
                -3.132194
              ],
              [
                139.0280302000001,
                -3.127341699999931
              ],
              [
                139.02607710000007,
                -3.126545699999951
              ],
              [
                139.0258635,
                -3.131099
              ],
              [
                139.02851850000002,
                -3.133480299999974
              ],
              [
                139.03076160000012,
                -3.140117399999951
              ],
              [
                139.03352340000004,
                -3.141212499999938
              ],
              [
                139.02516160000005,
                -3.143768099999932
              ],
              [
                139.022003,
                -3.142870199999948
              ],
              [
                139.02120960000002,
                -3.145640399999934
              ],
              [
                139.02249130000007,
                -3.148909799999956
              ],
              [
                139.0168761000001,
                -3.146818899999971
              ],
              [
                139.0167692000001,
                -3.148996599999975
              ],
              [
                139.02307110000004,
                -3.152672799999948
              ],
              [
                139.0220640000001,
                -3.162371599999972
              ],
              [
                139.01832560000003,
                -3.163056399999959
              ],
              [
                139.02215560000002,
                -3.164351499999952
              ],
              [
                139.02264390000005,
                -3.16593649999993
              ],
              [
                139.02136210000003,
                -3.16692379999995
              ],
              [
                139.0182188000001,
                -3.165926899999931
              ],
              [
                139.0152739,
                -3.169682
              ],
              [
                139.01576220000004,
                -3.171366
              ],
              [
                139.02087390000008,
                -3.170684299999948
              ],
              [
                139.021942,
                -3.172468399999957
              ],
              [
                139.0205687,
                -3.174841199999946
              ],
              [
                139.01536540000006,
                -3.172553099999959
              ],
              [
                139.0146635000001,
                -3.174828299999945
              ],
              [
                139.02282700000012,
                -3.17712279999995
              ],
              [
                139.02183520000006,
                -3.179496299999926
              ],
              [
                139.0162352000001,
                -3.182651799999974
              ],
              [
                139.02142320000007,
                -3.186127899999974
              ],
              [
                139.01444990000005,
                -3.189379199999962
              ],
              [
                139.01246630000003,
                -3.188385
              ],
              [
                139.00862110000003,
                -3.190257299999928
              ],
              [
                139.0031126,
                -3.190641199999959
              ],
              [
                139.0011442000001,
                -3.19350739999993
              ],
              [
                139.00221240000008,
                -3.196974499999953
              ],
              [
                139.00386030000004,
                -3.198019
              ],
              [
                139.00692730000003,
                -3.197332899999935
              ],
              [
                139.0063322000001,
                -3.200301399999944
              ],
              [
                139.00277690000007,
                -3.200887399999942
              ],
              [
                139.00317370000005,
                -3.203561099999945
              ],
              [
                139.00694260000012,
                -3.205939299999955
              ],
              [
                139.0025786000001,
                -3.209301
              ],
              [
                139.00503520000007,
                -3.217423699999927
              ],
              [
                139.0066832000001,
                -3.217328299999963
              ],
              [
                139.00698840000007,
                -3.214458199999967
              ],
              [
                139.0085600000001,
                -3.215154599999948
              ],
              [
                139.00688160000004,
                -3.218813399999931
              ],
              [
                139.0088499000001,
                -3.220005699999945
              ],
              [
                139.0024565000001,
                -3.223951099999965
              ],
              [
                139.00679,
                -3.22683139999998
              ],
              [
                139.0035246000001,
                -3.231278699999962
              ],
              [
                139.00706470000011,
                -3.233959399999947
              ],
              [
                139.0078429,
                -3.228714699999955
              ],
              [
                139.0106962000001,
                -3.229710799999964
              ],
              [
                139.01129130000004,
                -3.232879899999944
              ],
              [
                139.01396160000002,
                -3.230015
              ],
              [
                139.0146483000001,
                -3.231303399999945
              ],
              [
                139.0122679000001,
                -3.23387189999994
              ],
              [
                139.0118712000001,
                -3.237236499999938
              ],
              [
                139.0145262000001,
                -3.237044799999978
              ],
              [
                139.01463300000012,
                -3.238529699999958
              ],
              [
                139.0122679000001,
                -3.238920399999927
              ],
              [
                139.01216110000007,
                -3.241889899999933
              ],
              [
                139.009796,
                -3.240696699999944
              ],
              [
                139.00862110000003,
                -3.242377
              ],
              [
                139.01066570000012,
                -3.245945199999937
              ],
              [
                139.012451,
                -3.243078499999967
              ],
              [
                139.01344280000012,
                -3.243575599999929
              ],
              [
                139.0114592000001,
                -3.248025699999971
              ],
              [
                139.01243580000005,
                -3.24961159999998
              ],
              [
                139.018051,
                -3.249426099999937
              ],
              [
                139.01725750000003,
                -3.252493399999935
              ],
              [
                139.02090440000006,
                -3.253491399999973
              ],
              [
                139.01567060000002,
                -3.256350299999951
              ],
              [
                139.01606730000003,
                -3.257539
              ],
              [
                139.0202177000001,
                -3.255568499999924
              ],
              [
                139.0217894000001,
                -3.257353799999976
              ],
              [
                139.0208891000001,
                -3.261113399999942
              ],
              [
                139.01753220000012,
                -3.262393
              ],
              [
                139.01890550000007,
                -3.266850499999975
              ],
              [
                139.017227,
                -3.26734179999994
              ],
              [
                139.0155638000001,
                -3.273388899999929
              ],
              [
                139.01962240000012,
                -3.284204
              ],
              [
                139.02049840000006,
                -3.282170399999927
              ],
              [
                139.033565,
                -3.282411399999944
              ],
              [
                139.03816040000004,
                -3.293734
              ],
              [
                139.048392,
                -3.292267899999956
              ],
              [
                139.05147190000002,
                -3.283608399999935
              ],
              [
                139.05880720000005,
                -3.276521899999977
              ],
              [
                139.0721182000001,
                -3.274943199999939
              ],
              [
                139.08882130000006,
                -3.280593899999928
              ],
              [
                139.09826150000004,
                -3.295546599999966
              ],
              [
                139.097461,
                -3.308018499999946
              ],
              [
                139.08357020000005,
                -3.310967799999958
              ],
              [
                139.0825651,
                -3.30049159999993
              ],
              [
                139.0835727000001,
                -3.287657099999933
              ],
              [
                139.07434780000006,
                -3.287342899999942
              ],
              [
                139.06734540000002,
                -3.296507899999938
              ],
              [
                139.06898610000007,
                -3.309379099999944
              ],
              [
                139.0756795000001,
                -3.325279899999941
              ],
              [
                139.076216,
                -3.336019
              ],
              [
                139.08913,
                -3.334099099999946
              ],
              [
                139.1000822000001,
                -3.328748
              ],
              [
                139.10460910000006,
                -3.338176799999928
              ],
              [
                139.10443010000006,
                -3.354976699999952
              ],
              [
                139.10718630000008,
                -3.371946199999968
              ],
              [
                139.106155,
                -3.379949599999975
              ],
              [
                139.11209350000001,
                -3.388483099999974
              ],
              [
                139.1251903000001,
                -3.383814
              ],
              [
                139.1269095,
                -3.369884899999931
              ],
              [
                139.12140990000012,
                -3.363865199999964
              ],
              [
                139.1276405000001,
                -3.355370899999969
              ],
              [
                139.14039530000002,
                -3.361746799999935
              ],
              [
                139.1479471,
                -3.369109599999945
              ],
              [
                139.14545060000012,
                -3.37788409999996
              ],
              [
                139.14834230000008,
                -3.38981229999996
              ],
              [
                139.14723230000004,
                -3.400360499999977
              ],
              [
                139.140366,
                -3.409344399999952
              ],
              [
                139.1381967000001,
                -3.419190199999946
              ],
              [
                139.14620890000003,
                -3.426766599999951
              ],
              [
                139.1675166000001,
                -3.431088399999965
              ],
              [
                139.18183260000012,
                -3.423266799999965
              ],
              [
                139.1876493000001,
                -3.426618099999928
              ],
              [
                139.19459560000007,
                -3.44777739999995
              ],
              [
                139.20358040000008,
                -3.44692189999995
              ],
              [
                139.21335770000007,
                -3.439866699999925
              ],
              [
                139.2321234000001,
                -3.432931799999949
              ],
              [
                139.25101530000006,
                -3.416756799999973
              ],
              [
                139.2658365000001,
                -3.416370699999959
              ],
              [
                139.27287890000002,
                -3.420592799999952
              ],
              [
                139.27160630000003,
                -3.427747199999942
              ],
              [
                139.25801080000008,
                -3.427796499999943
              ],
              [
                139.25090450000005,
                -3.433767299999943
              ],
              [
                139.2503081000001,
                -3.445127199999945
              ],
              [
                139.25536350000004,
                -3.45474459999997
              ],
              [
                139.27085380000005,
                -3.43971229999994
              ],
              [
                139.27929540000002,
                -3.467598
              ],
              [
                139.30678330000012,
                -3.47080079999995
              ],
              [
                139.31789980000008,
                -3.450952399999949
              ],
              [
                139.32842490000007,
                -3.445982399999934
              ],
              [
                139.33749710000006,
                -3.455729199999951
              ],
              [
                139.33347930000002,
                -3.465248
              ],
              [
                139.33228680000002,
                -3.474403099999961
              ],
              [
                139.33786510000004,
                -3.48485119999998
              ],
              [
                139.3710132000001,
                -3.475324299999954
              ],
              [
                139.38012670000012,
                -3.463756099999955
              ],
              [
                139.361486,
                -3.449146299999938
              ],
              [
                139.36613940000007,
                -3.436169899999925
              ],
              [
                139.3741176000001,
                -3.434475599999928
              ],
              [
                139.38968050000005,
                -3.443473799999936
              ],
              [
                139.40849930000002,
                -3.443657099999939
              ],
              [
                139.4260233000001,
                -3.446310399999959
              ],
              [
                139.43641460000003,
                -3.462996
              ],
              [
                139.45722610000007,
                -3.459576299999981
              ],
              [
                139.46134690000008,
                -3.458425499999976
              ],
              [
                139.45988450000004,
                -3.454912599999943
              ],
              [
                139.4626005,
                -3.453010899999981
              ],
              [
                139.45936830000005,
                -3.448509199999933
              ],
              [
                139.45607990000008,
                -3.454356599999926
              ],
              [
                139.45383730000003,
                -3.454863199999977
              ],
              [
                139.4531253,
                -3.45187489999995
              ],
              [
                139.45672810000008,
                -3.450716099999966
              ],
              [
                139.45427340000003,
                -3.446360099999936
              ],
              [
                139.45017380000002,
                -3.44799729999994
              ],
              [
                139.44804240000008,
                -3.445858299999941
              ],
              [
                139.4493599000001,
                -3.443813099999943
              ],
              [
                139.4518021,
                -3.445464299999969
              ],
              [
                139.45231610000008,
                -3.443112099999951
              ],
              [
                139.44636260000004,
                -3.441703299999972
              ],
              [
                139.4451216000001,
                -3.438317699999971
              ],
              [
                139.44086830000003,
                -3.437606799999969
              ],
              [
                139.44464950000008,
                -3.433057399999939
              ],
              [
                139.44340490000002,
                -3.428904399999965
              ],
              [
                139.4478124000001,
                -3.426051
              ],
              [
                139.44932930000004,
                -3.421362899999963
              ],
              [
                139.45103340000003,
                -3.424082899999974
              ],
              [
                139.45601460000012,
                -3.422835099999929
              ],
              [
                139.45406120000007,
                -3.420244199999956
              ],
              [
                139.4546656000001,
                -3.41909759999993
              ],
              [
                139.46774370000003,
                -3.421125199999949
              ],
              [
                139.46645580000006,
                -3.417722899999944
              ],
              [
                139.4620007000001,
                -3.419565399999954
              ],
              [
                139.4627848,
                -3.415890199999978
              ],
              [
                139.4665579000001,
                -3.413622
              ],
              [
                139.47374620000005,
                -3.414598699999942
              ],
              [
                139.4761879,
                -3.411330699999951
              ],
              [
                139.47043710000003,
                -3.406657299999949
              ],
              [
                139.47607620000008,
                -3.407022199999972
              ],
              [
                139.4768299000001,
                -3.405454099999929
              ],
              [
                139.4718696000001,
                -3.404641799999979
              ],
              [
                139.4696877,
                -3.39881859999997
              ],
              [
                139.47218750000002,
                -3.396677
              ],
              [
                139.47508170000003,
                -3.39923779999998
              ],
              [
                139.4772415000001,
                -3.398712299999943
              ],
              [
                139.47529210000005,
                -3.392499499999929
              ],
              [
                139.47720960000004,
                -3.391308599999945
              ],
              [
                139.47875610000006,
                -3.386685199999931
              ],
              [
                139.48243890000003,
                -3.387615799999935
              ],
              [
                139.48229420000007,
                -3.379658799999959
              ],
              [
                139.48471640000002,
                -3.378648399999975
              ],
              [
                139.48631910000006,
                -3.37553029999998
              ],
              [
                139.49027920000003,
                -3.377738299999976
              ],
              [
                139.48567480000008,
                -3.370911199999966
              ],
              [
                139.49533410000004,
                -3.36837509999998
              ],
              [
                139.49577310000006,
                -3.36664159999998
              ],
              [
                139.490536,
                -3.367281
              ],
              [
                139.49216450000006,
                -3.362186599999973
              ],
              [
                139.4950007000001,
                -3.362702799999965
              ],
              [
                139.49371310000004,
                -3.360313699999949
              ],
              [
                139.496063,
                -3.358096599999953
              ],
              [
                139.4938823000001,
                -3.352994099999933
              ],
              [
                139.4961393000001,
                -3.350891099999956
              ],
              [
                139.49311000000012,
                -3.348283199999969
              ],
              [
                139.49714870000003,
                -3.346134199999938
              ],
              [
                139.4965701000001,
                -3.34230169999995
              ],
              [
                139.49423950000005,
                -3.340919299999939
              ],
              [
                139.4959285000001,
                -3.340028199999949
              ],
              [
                139.4959318000001,
                -3.336123699999973
              ],
              [
                139.4989164000001,
                -3.334662899999955
              ],
              [
                139.496063,
                -3.330662699999948
              ],
              [
                139.50049080000008,
                -3.330201099999954
              ],
              [
                139.50227330000007,
                -3.32613379999998
              ],
              [
                139.50148410000008,
                -3.322559499999954
              ],
              [
                139.50519730000008,
                -3.323764
              ],
              [
                139.50421210000002,
                -3.318894599999965
              ],
              [
                139.5082982,
                -3.319100499999934
              ],
              [
                139.50585910000007,
                -3.314982899999961
              ],
              [
                139.5109251,
                -3.31227709999996
              ],
              [
                139.5079191000001,
                -3.309962699999971
              ],
              [
                139.50702220000005,
                -3.307219599999939
              ],
              [
                139.5126951000001,
                -3.307103899999959
              ],
              [
                139.51222210000003,
                -3.302452799999969
              ],
              [
                139.5101645000001,
                -3.300432499999943
              ],
              [
                139.50559970000006,
                -3.302932699999928
              ],
              [
                139.5039365,
                -3.301882699999965
              ],
              [
                139.5043098000001,
                -3.299647199999924
              ],
              [
                139.50812140000005,
                -3.297869599999956
              ],
              [
                139.5094425000001,
                -3.293169099999943
              ],
              [
                139.50799540000003,
                -3.291939299999967
              ],
              [
                139.5057604000001,
                -3.296378
              ],
              [
                139.50407370000005,
                -3.290468799999928
              ],
              [
                139.4990726000001,
                -3.290064899999948
              ],
              [
                139.50151330000006,
                -3.286140199999977
              ],
              [
                139.49899140000002,
                -3.287157699999966
              ],
              [
                139.49749880000002,
                -3.285936
              ],
              [
                139.4965118,
                -3.28340929999996
              ],
              [
                139.49949320000007,
                -3.278886399999976
              ],
              [
                139.49687170000004,
                -3.279470199999935
              ],
              [
                139.49615280000012,
                -3.277694299999951
              ],
              [
                139.4970413000001,
                -3.271871499999975
              ],
              [
                139.50067120000006,
                -3.269644599999936
              ],
              [
                139.49597030000007,
                -3.269063899999935
              ],
              [
                139.49525430000006,
                -3.267658399999959
              ],
              [
                139.496277,
                -3.265237199999945
              ],
              [
                139.499115,
                -3.264873699999953
              ],
              [
                139.49914790000003,
                -3.263622
              ],
              [
                139.49551370000006,
                -3.259940099999938
              ],
              [
                139.4962614000001,
                -3.256630499999972
              ],
              [
                139.49327060000007,
                -3.258160299999929
              ],
              [
                139.49209570000005,
                -3.25680019999993
              ],
              [
                139.49158940000007,
                -3.254949799999963
              ],
              [
                139.49319050000008,
                -3.253413899999941
              ],
              [
                139.4914347,
                -3.248148199999946
              ],
              [
                139.48850990000005,
                -3.249370299999953
              ],
              [
                139.48623980000002,
                -3.247779499999979
              ],
              [
                139.48683070000004,
                -3.246377499999937
              ],
              [
                139.48976920000007,
                -3.246925699999963
              ],
              [
                139.4898611000001,
                -3.245462099999941
              ],
              [
                139.48719270000004,
                -3.243661399999951
              ],
              [
                139.49219930000004,
                -3.237537699999962
              ],
              [
                139.48936930000002,
                -3.235907499999939
              ],
              [
                139.48845430000006,
                -3.233229599999959
              ],
              [
                139.48676410000007,
                -3.234830199999976
              ],
              [
                139.484973,
                -3.234377599999959
              ],
              [
                139.48689950000005,
                -3.232101399999976
              ],
              [
                139.48468350000007,
                -3.224871699999937
              ],
              [
                139.48714010000003,
                -3.224945699999978
              ],
              [
                139.48853370000006,
                -3.227847899999972
              ],
              [
                139.4914086000001,
                -3.222390099999927
              ],
              [
                139.48980490000008,
                -3.220446
              ],
              [
                139.4889644000001,
                -3.223946699999942
              ],
              [
                139.4871985000001,
                -3.22404679999994
              ],
              [
                139.485663,
                -3.21819679999993
              ],
              [
                139.48719290000008,
                -3.217911299999969
              ],
              [
                139.48859090000008,
                -3.220021499999973
              ],
              [
                139.49053290000006,
                -3.217641799999967
              ],
              [
                139.48785240000007,
                -3.212568799999929
              ],
              [
                139.49079870000003,
                -3.210476399999948
              ],
              [
                139.48989530000006,
                -3.207815499999981
              ],
              [
                139.49246190000008,
                -3.20791029999998
              ],
              [
                139.49308650000012,
                -3.203886299999965
              ],
              [
                139.49012830000004,
                -3.205743199999972
              ],
              [
                139.4873795000001,
                -3.202270299999952
              ],
              [
                139.48471050000012,
                -3.20459029999995
              ],
              [
                139.48382730000003,
                -3.203046799999925
              ],
              [
                139.48552330000007,
                -3.199503299999947
              ],
              [
                139.48237070000005,
                -3.200008
              ],
              [
                139.48050220000005,
                -3.198759
              ],
              [
                139.48457310000003,
                -3.194541199999946
              ],
              [
                139.47980210000003,
                -3.188639099999932
              ],
              [
                139.47560190000002,
                -3.187770899999975
              ],
              [
                139.47595060000003,
                -3.186440299999958
              ],
              [
                139.483269,
                -3.187247699999944
              ],
              [
                139.4813643000001,
                -3.184302899999977
              ],
              [
                139.4824073000001,
                -3.18248959999994
              ],
              [
                139.4814619000001,
                -3.179416499999945
              ],
              [
                139.48281840000004,
                -3.178040299999964
              ],
              [
                139.48134230000005,
                -3.176931399999944
              ],
              [
                139.48175070000002,
                -3.174972399999945
              ],
              [
                139.47879090000004,
                -3.176241699999935
              ],
              [
                139.47583510000004,
                -3.175554899999952
              ],
              [
                139.47860620000006,
                -3.173015599999928
              ],
              [
                139.4770803,
                -3.168312899999933
              ],
              [
                139.47838550000006,
                -3.166974599999946
              ],
              [
                139.48009600000012,
                -3.168840599999953
              ],
              [
                139.48322940000003,
                -3.167593099999976
              ],
              [
                139.4869338000001,
                -3.169514899999967
              ],
              [
                139.48777670000004,
                -3.168043699999942
              ],
              [
                139.48653400000012,
                -3.165181299999972
              ],
              [
                139.49133890000007,
                -3.165139299999964
              ],
              [
                139.49000260000003,
                -3.162999699999943
              ],
              [
                139.49060450000002,
                -3.161116899999968
              ],
              [
                139.49416040000006,
                -3.163827699999956
              ],
              [
                139.4965644,
                -3.162348099999974
              ],
              [
                139.49212720000003,
                -3.158645399999955
              ],
              [
                139.49520370000005,
                -3.158047799999963
              ],
              [
                139.49728990000006,
                -3.160425399999951
              ],
              [
                139.49936900000012,
                -3.159838099999945
              ],
              [
                139.4996807000001,
                -3.155765499999973
              ],
              [
                139.49700610000002,
                -3.152928499999973
              ],
              [
                139.49834610000005,
                -3.152209699999958
              ],
              [
                139.50008620000006,
                -3.153873399999952
              ],
              [
                139.50103840000008,
                -3.150752399999931
              ],
              [
                139.50733920000005,
                -3.146692199999961
              ],
              [
                139.50228920000006,
                -3.145735299999956
              ],
              [
                139.5031487000001,
                -3.141289
              ],
              [
                139.50678470000003,
                -3.141822699999977
              ],
              [
                139.50825780000002,
                -3.139737499999967
              ],
              [
                139.50693880000006,
                -3.13647409999993
              ],
              [
                139.509424,
                -3.13660079999994
              ],
              [
                139.51064310000004,
                -3.134301099999959
              ],
              [
                139.51442970000005,
                -3.135135199999979
              ],
              [
                139.5157786000001,
                -3.132790899999975
              ],
              [
                139.50574740000002,
                -3.130918699999938
              ],
              [
                139.50111760000004,
                -3.12763469999993
              ],
              [
                139.49697230000004,
                -3.120097899999962
              ],
              [
                139.4926117000001,
                -3.09603379999993
              ],
              [
                139.48602930000004,
                -3.03004969999995
              ],
              [
                139.4799041000001,
                -2.986946499999931
              ],
              [
                139.47718180000004,
                -2.94838059999995
              ],
              [
                139.47355330000005,
                -2.931366199999957
              ],
              [
                139.4644777000001,
                -2.844025599999952
              ],
              [
                139.443153,
                -2.679326299999957
              ],
              [
                139.44269930000007,
                -2.663673099999926
              ],
              [
                139.441112,
                -2.661631399999976
              ],
              [
                139.4392964000001,
                -2.635769499999981
              ],
              [
                139.43725470000004,
                -2.630098
              ],
              [
                139.4347593000001,
                -2.593120099999965
              ],
              [
                139.43317120000006,
                -2.591305199999965
              ],
              [
                139.4322638000001,
                -2.563174699999934
              ],
              [
                139.43067580000002,
                -2.556822699999941
              ],
              [
                139.43135640000003,
                -2.536178599999971
              ],
              [
                139.42681920000007,
                -2.511224099999936
              ],
              [
                139.4227357000001,
                -2.470616399999926
              ],
              [
                139.44088440000007,
                -2.465625499999931
              ],
              [
                139.4474633000001,
                -2.465625499999931
              ],
              [
                139.45494970000004,
                -2.462903199999971
              ],
              [
                139.5202849000001,
                -2.450426
              ],
              [
                139.5372993000001,
                -2.445435099999941
              ],
              [
                139.5452394,
                -2.445662
              ],
              [
                139.592426,
                -2.434092199999952
              ],
              [
                139.59832430000006,
                -2.434545899999932
              ],
              [
                139.60830610000005,
                -2.431596799999966
              ],
              [
                139.6160192000001,
                -2.431143
              ],
              [
                139.69156320000002,
                -2.414355499999942
              ],
              [
                139.74328690000004,
                -2.404827499999953
              ],
              [
                139.7466898,
                -2.402332
              ],
              [
                139.7893392000001,
                -2.408230299999957
              ],
              [
                139.98356020000006,
                -2.429915799999947
              ],
              [
                139.9887252000001,
                -2.421150399999931
              ],
              [
                139.98518060000004,
                -2.413416899999959
              ],
              [
                139.98659840000005,
                -2.41071009999996
              ],
              [
                139.98472950000007,
                -2.409807899999976
              ],
              [
                139.98324720000005,
                -2.404072199999973
              ],
              [
                139.98485840000012,
                -2.395758599999965
              ],
              [
                139.98414950000006,
                -2.391827399999954
              ],
              [
                139.98659840000005,
                -2.391505099999961
              ],
              [
                139.98917630000005,
                -2.384802699999966
              ],
              [
                139.99284970000008,
                -2.381516
              ],
              [
                139.99400980000007,
                -2.382740499999954
              ],
              [
                139.99400980000007,
                -2.380227099999956
              ],
              [
                139.99568540000007,
                -2.379969299999971
              ],
              [
                139.99626540000008,
                -2.375780299999974
              ],
              [
                139.99368750000008,
                -2.37288019999994
              ],
              [
                139.998521,
                -2.373460199999954
              ],
              [
                140.00064770000006,
                -2.375715799999966
              ],
              [
                140.0007766000001,
                -2.371397899999977
              ],
              [
                140.00380560000008,
                -2.369206799999972
              ],
              [
                140.00116330000003,
                -2.367273399999931
              ],
              [
                139.99981920000005,
                -2.36220359999993
              ]
            ]
          ],
          [
            [
              [
                138.73228440000003,
                -1.591567699999928
              ],
              [
                138.72830190000002,
                -1.587407699999972
              ],
              [
                138.71699510000008,
                -1.579967599999975
              ],
              [
                138.71163930000012,
                -1.591007599999955
              ],
              [
                138.71122730000002,
                -1.594627599999967
              ],
              [
                138.7092894000001,
                -1.59651759999997
              ],
              [
                138.70931990000008,
                -1.605397599999947
              ],
              [
                138.715515,
                -1.61158759999995
              ],
              [
                138.71830740000007,
                -1.618367499999977
              ],
              [
                138.720764,
                -1.618527599999936
              ],
              [
                138.72534170000006,
                -1.62173759999996
              ],
              [
                138.73580920000006,
                -1.624327799999946
              ],
              [
                138.7479552000001,
                -1.62467769999995
              ],
              [
                138.7491454000001,
                -1.622777699999972
              ],
              [
                138.747589,
                -1.622177699999952
              ],
              [
                138.74777210000002,
                -1.620517699999937
              ],
              [
                138.75074760000007,
                -1.61896779999995
              ],
              [
                138.7463378000001,
                -1.616947799999934
              ],
              [
                138.7458037,
                -1.607037699999978
              ],
              [
                138.74282820000008,
                -1.604067699999973
              ],
              [
                138.73983750000002,
                -1.59674769999998
              ],
              [
                138.73228440000003,
                -1.591567699999928
              ]
            ]
          ]
        ]
      }
    },
    {
      "type": "Feature",
      "properties": {
        "shapeName": "Supiori",
        "shapeISO": "",
        "shapeID": "22746128B73598541988454",
        "shapeGroup": "IDN",
        "shapeType": "ADM2",
        "district": "Supiori",
        "district_code": "22746128B73598541988454",
        "aliases": []
      },
      "geometry": {
        "type": "MultiPolygon",
        "coordinates": [
          [
            [
              [
                135.5005794000001,
                -0.942287499999964
              ],
              [
                135.4928794000001,
                -0.933834499999932
              ],
              [
                135.49027920000003,
                -0.92896369999994
              ],
              [
                135.4947198000001,
                -0.93834309999994
              ],
              [
                135.4950401000001,
                -0.94100009999994
              ],
              [
                135.49260070000003,
                -0.942208199999925
              ],
              [
                135.4923212000001,
                -0.946072899999933
              ],
              [
                135.4952611000001,
                -0.948568499999965
              ],
              [
                135.49670190000006,
                -0.955693899999972
              ],
              [
                135.49608290000003,
                -0.96201439999993
              ],
              [
                135.49364370000012,
                -0.964752199999964
              ],
              [
                135.50888180000004,
                -0.967890099999977
              ],
              [
                135.51308030000007,
                -0.962172899999928
              ],
              [
                135.50492080000004,
                -0.956940599999939
              ],
              [
                135.5005794000001,
                -0.942287499999964
              ]
            ]
          ],
          [
            [
              [
                135.44753420000006,
                -0.882723699999929
              ],
              [
                135.44586230000004,
                -0.872839599999963
              ],
              [
                135.44565810000006,
                -0.878376699999933
              ],
              [
                135.44753420000006,
                -0.882723699999929
              ]
            ]
          ],
          [
            [
              [
                135.43756910000002,
                -0.864311799999939
              ],
              [
                135.43595620000008,
                -0.864155899999957
              ],
              [
                135.43710420000002,
                -0.867340399999932
              ],
              [
                135.43974070000002,
                -0.867902099999981
              ],
              [
                135.43756910000002,
                -0.864311799999939
              ]
            ]
          ],
          [
            [
              [
                135.52845350000007,
                -0.863210199999969
              ],
              [
                135.52598380000006,
                -0.862987499999974
              ],
              [
                135.52554080000004,
                -0.864676699999961
              ],
              [
                135.52884990000007,
                -0.86777589999997
              ],
              [
                135.5307332000001,
                -0.863337399999978
              ],
              [
                135.52845350000007,
                -0.863210199999969
              ]
            ]
          ],
          [
            [
              [
                135.508201,
                -0.831254699999931
              ],
              [
                135.50594130000002,
                -0.828583499999979
              ],
              [
                135.503933,
                -0.828439399999979
              ],
              [
                135.5010645000001,
                -0.832483
              ],
              [
                135.50604980000003,
                -0.835406499999976
              ],
              [
                135.508201,
                -0.831254699999931
              ]
            ]
          ],
          [
            [
              [
                135.49550510000006,
                -0.826491
              ],
              [
                135.4938195000001,
                -0.826094099999978
              ],
              [
                135.49349690000008,
                -0.827574299999981
              ],
              [
                135.49550510000006,
                -0.826491
              ]
            ]
          ],
          [
            [
              [
                135.52980730000002,
                -0.806826199999932
              ],
              [
                135.5286774000001,
                -0.806074899999942
              ],
              [
                135.52539910000007,
                -0.807761099999937
              ],
              [
                135.52910140000006,
                -0.808837
              ],
              [
                135.530554,
                -0.808308699999941
              ],
              [
                135.52980730000002,
                -0.806826199999932
              ]
            ]
          ],
          [
            [
              [
                135.54098310000006,
                -0.804557299999942
              ],
              [
                135.54222640000012,
                -0.802696899999944
              ],
              [
                135.54115650000006,
                -0.801466199999936
              ],
              [
                135.53983670000002,
                -0.80367629999995
              ],
              [
                135.54098310000006,
                -0.804557299999942
              ]
            ]
          ],
          [
            [
              [
                135.52393570000004,
                -0.802521399999932
              ],
              [
                135.52477280000005,
                -0.800845799999934
              ],
              [
                135.52335,
                -0.798835399999973
              ],
              [
                135.52246270000012,
                -0.801404599999955
              ],
              [
                135.52393570000004,
                -0.802521399999932
              ]
            ]
          ],
          [
            [
              [
                135.52146370000003,
                -0.798358299999961
              ],
              [
                135.5227850000001,
                -0.796946599999956
              ],
              [
                135.52128170000003,
                -0.795372799999939
              ],
              [
                135.5198898000001,
                -0.796530699999948
              ],
              [
                135.52146370000003,
                -0.798358299999961
              ]
            ]
          ],
          [
            [
              [
                135.72716580000008,
                -0.777047299999936
              ],
              [
                135.7268745,
                -0.776124799999934
              ],
              [
                135.72494760000006,
                -0.776901099999975
              ],
              [
                135.72651510000003,
                -0.777978499999961
              ],
              [
                135.72716580000008,
                -0.777047299999936
              ]
            ]
          ],
          [
            [
              [
                135.5263252000001,
                -0.642304099999933
              ],
              [
                135.52410270000007,
                -0.650896199999977
              ],
              [
                135.52539410000009,
                -0.655444599999953
              ],
              [
                135.5272589000001,
                -0.65555269999993
              ],
              [
                135.5320282,
                -0.653350099999955
              ],
              [
                135.5344305000001,
                -0.649739899999929
              ],
              [
                135.52991140000006,
                -0.643639399999927
              ],
              [
                135.5263252000001,
                -0.642304099999933
              ]
            ]
          ],
          [
            [
              [
                135.49934770000004,
                -0.638597299999958
              ],
              [
                135.50345750000008,
                -0.635030099999938
              ],
              [
                135.501959,
                -0.632849399999941
              ],
              [
                135.49815290000004,
                -0.636273899999935
              ],
              [
                135.49934770000004,
                -0.638597299999958
              ]
            ]
          ],
          [
            [
              [
                135.4858217000001,
                -0.628529899999933
              ],
              [
                135.48122590000003,
                -0.629447499999969
              ],
              [
                135.484709,
                -0.63639749999993
              ],
              [
                135.48863730000005,
                -0.640718099999958
              ],
              [
                135.48930460000008,
                -0.631729599999971
              ],
              [
                135.4858217000001,
                -0.628529899999933
              ]
            ]
          ],
          [
            [
              [
                135.8035731000001,
                -0.686842599999977
              ],
              [
                135.79944860000012,
                -0.693239799999958
              ],
              [
                135.7979335000001,
                -0.699552899999958
              ],
              [
                135.78859010000008,
                -0.70653939999994
              ],
              [
                135.78884260000007,
                -0.711000699999943
              ],
              [
                135.78269790000002,
                -0.716724499999941
              ],
              [
                135.78042510000012,
                -0.722616799999969
              ],
              [
                135.77457520000007,
                -0.721136399999978
              ],
              [
                135.7668119000001,
                -0.722809499999926
              ],
              [
                135.7640011000001,
                -0.731442899999934
              ],
              [
                135.76185940000005,
                -0.733584499999949
              ],
              [
                135.763536,
                -0.736274299999934
              ],
              [
                135.76038030000007,
                -0.735552899999959
              ],
              [
                135.7487446,
                -0.74057259999995
              ],
              [
                135.7373219000001,
                -0.733066
              ],
              [
                135.7335200000001,
                -0.728229399999975
              ],
              [
                135.73244320000003,
                -0.72234549999996
              ],
              [
                135.72769080000012,
                -0.716137299999957
              ],
              [
                135.72951940000007,
                -0.714548599999944
              ],
              [
                135.72833570000012,
                -0.712599499999953
              ],
              [
                135.71872470000005,
                -0.70870229999997
              ],
              [
                135.71418830000005,
                -0.708450399999947
              ],
              [
                135.71085360000006,
                -0.709822599999939
              ],
              [
                135.70992150000006,
                -0.711772099999962
              ],
              [
                135.7032875000001,
                -0.712278499999968
              ],
              [
                135.7002943000001,
                -0.720148599999959
              ],
              [
                135.69570470000008,
                -0.723001099999976
              ],
              [
                135.69122220000008,
                -0.723110099999928
              ],
              [
                135.6851971000001,
                -0.719753799999978
              ],
              [
                135.68030120000003,
                -0.712931799999978
              ],
              [
                135.6837789000001,
                -0.708021799999926
              ],
              [
                135.68390410000006,
                -0.705639199999951
              ],
              [
                135.6819673000001,
                -0.70376239999996
              ],
              [
                135.6822896000001,
                -0.70073
              ],
              [
                135.6798146000001,
                -0.695820899999944
              ],
              [
                135.6804059000001,
                -0.693005
              ],
              [
                135.67771560000006,
                -0.687662799999941
              ],
              [
                135.6688749000001,
                -0.678747499999929
              ],
              [
                135.665719,
                -0.677701099999979
              ],
              [
                135.6625636000001,
                -0.679795299999967
              ],
              [
                135.6607705,
                -0.679109599999947
              ],
              [
                135.6614154,
                -0.67463319999996
              ],
              [
                135.65894030000004,
                -0.669363099999941
              ],
              [
                135.64342990000011,
                -0.66268679999996
              ],
              [
                135.63916260000008,
                -0.662615099999925
              ],
              [
                135.634519,
                -0.66481779999998
              ],
              [
                135.62996580000004,
                -0.67341
              ],
              [
                135.62713250000002,
                -0.670991699999945
              ],
              [
                135.6194762,
                -0.669945799999937
              ],
              [
                135.6188671000001,
                -0.674458399999935
              ],
              [
                135.6147794000001,
                -0.677130299999931
              ],
              [
                135.6158557000001,
                -0.681281599999977
              ],
              [
                135.6078417000001,
                -0.687744399999929
              ],
              [
                135.60791360000007,
                -0.689368799999954
              ],
              [
                135.60197920000007,
                -0.693051799999978
              ],
              [
                135.6008322,
                -0.697203399999978
              ],
              [
                135.5950951000001,
                -0.702763499999946
              ],
              [
                135.59337370000003,
                -0.70142809999993
              ],
              [
                135.5933731,
                -0.696915599999954
              ],
              [
                135.5985,
                -0.68789
              ],
              [
                135.5974595,
                -0.684496799999977
              ],
              [
                135.5987143000001,
                -0.680958899999951
              ],
              [
                135.59586280000008,
                -0.676121799999976
              ],
              [
                135.59794220000003,
                -0.671320299999934
              ],
              [
                135.59690220000005,
                -0.671284399999934
              ],
              [
                135.59663260000002,
                -0.665977699999928
              ],
              [
                135.5904643,
                -0.663704199999927
              ],
              [
                135.5843321000001,
                -0.663271699999939
              ],
              [
                135.58013670000003,
                -0.66551039999996
              ],
              [
                135.573377,
                -0.665475099999981
              ],
              [
                135.56946790000006,
                -0.663454
              ],
              [
                135.5662764000001,
                -0.664140199999963
              ],
              [
                135.56548720000012,
                -0.661685499999976
              ],
              [
                135.5601974000001,
                -0.659050799999932
              ],
              [
                135.55944410000006,
                -0.657209799999976
              ],
              [
                135.55191350000007,
                -0.658365899999978
              ],
              [
                135.55073,
                -0.656994199999929
              ],
              [
                135.5508738000001,
                -0.660676399999943
              ],
              [
                135.5476109000001,
                -0.66421459999998
              ],
              [
                135.54422180000006,
                -0.665803299999936
              ],
              [
                135.53852030000007,
                -0.665659599999969
              ],
              [
                135.53475590000005,
                -0.674540599999943
              ],
              [
                135.5317791000001,
                -0.671689
              ],
              [
                135.5321732000001,
                -0.668367799999942
              ],
              [
                135.52691960000004,
                -0.66869319999995
              ],
              [
                135.53158120000012,
                -0.665768599999979
              ],
              [
                135.5257355000001,
                -0.661978699999963
              ],
              [
                135.51587360000008,
                -0.660716299999933
              ],
              [
                135.51225190000002,
                -0.663063199999954
              ],
              [
                135.5106019000001,
                -0.659453299999939
              ],
              [
                135.50448710000012,
                -0.654291599999965
              ],
              [
                135.4956651000001,
                -0.652018199999929
              ],
              [
                135.489802,
                -0.654040399999928
              ],
              [
                135.48976660000005,
                -0.65873339999996
              ],
              [
                135.4867901,
                -0.658661499999937
              ],
              [
                135.4849974000001,
                -0.662271699999962
              ],
              [
                135.4830968000001,
                -0.66245239999995
              ],
              [
                135.47325190000004,
                -0.653103399999964
              ],
              [
                135.46317440000007,
                -0.646209099999965
              ],
              [
                135.45969580000008,
                -0.646028899999976
              ],
              [
                135.45012170000007,
                -0.655668599999956
              ],
              [
                135.44355940000003,
                -0.659207099999946
              ],
              [
                135.44381,
                -0.654153
              ],
              [
                135.44108440000002,
                -0.652059399999928
              ],
              [
                135.44363050000004,
                -0.651228799999956
              ],
              [
                135.4464637000001,
                -0.653502899999978
              ],
              [
                135.4486869000001,
                -0.651192299999934
              ],
              [
                135.44782610000004,
                -0.649459499999978
              ],
              [
                135.45069480000006,
                -0.647545899999955
              ],
              [
                135.45040770000003,
                -0.644910599999946
              ],
              [
                135.44721570000002,
                -0.64144529999993
              ],
              [
                135.4398645000001,
                -0.645128199999931
              ],
              [
                135.43746160000012,
                -0.642240299999969
              ],
              [
                135.4367803,
                -0.64328729999994
              ],
              [
                135.43380380000008,
                -0.642854299999954
              ],
              [
                135.42942930000004,
                -0.650363699999957
              ],
              [
                135.42516180000007,
                -0.650255699999946
              ],
              [
                135.4249469,
                -0.65382969999996
              ],
              [
                135.4220778,
                -0.651014099999941
              ],
              [
                135.41963940000005,
                -0.653577399999961
              ],
              [
                135.41750590000004,
                -0.653036099999952
              ],
              [
                135.41599910000002,
                -0.649281799999926
              ],
              [
                135.41377590000002,
                -0.651339699999937
              ],
              [
                135.41169590000004,
                -0.651195499999972
              ],
              [
                135.41036850000012,
                -0.646105399999954
              ],
              [
                135.39980660000003,
                -0.635564799999941
              ],
              [
                135.39415740000004,
                -0.621738599999958
              ],
              [
                135.39182630000005,
                -0.620330799999977
              ],
              [
                135.384941,
                -0.620981099999938
              ],
              [
                135.38307640000005,
                -0.623688899999934
              ],
              [
                135.3807455000001,
                -0.62430269999993
              ],
              [
                135.37846810000008,
                -0.622534
              ],
              [
                135.3774284000001,
                -0.626396799999952
              ],
              [
                135.375205,
                -0.625999899999954
              ],
              [
                135.37545620000003,
                -0.627841
              ],
              [
                135.36505650000004,
                -0.629502399999978
              ],
              [
                135.36209810000003,
                -0.633221
              ],
              [
                135.361453,
                -0.638600099999962
              ],
              [
                135.3632645,
                -0.645062
              ],
              [
                135.37174650000009,
                -0.65549459999994
              ],
              [
                135.37269770000012,
                -0.666469199999938
              ],
              [
                135.38252440000008,
                -0.674374499999942
              ],
              [
                135.38740170000005,
                -0.675601599999936
              ],
              [
                135.3888184000001,
                -0.678200699999934
              ],
              [
                135.38620070000002,
                -0.680619699999966
              ],
              [
                135.3860575000001,
                -0.683688299999972
              ],
              [
                135.39389390000008,
                -0.69162979999993
              ],
              [
                135.39106130000005,
                -0.697586699999931
              ],
              [
                135.3852518000001,
                -0.699103399999956
              ],
              [
                135.38430160000007,
                -0.700655799999936
              ],
              [
                135.3878162000001,
                -0.702352299999973
              ],
              [
                135.38882090000004,
                -0.708814199999949
              ],
              [
                135.39289180000003,
                -0.715420399999971
              ],
              [
                135.39373520000004,
                -0.722929299999976
              ],
              [
                135.395349,
                -0.722965199999976
              ],
              [
                135.39481120000005,
                -0.724337099999957
              ],
              [
                135.39613810000003,
                -0.725095099999976
              ],
              [
                135.3986126000001,
                -0.724300699999958
              ],
              [
                135.39911480000012,
                -0.726141799999937
              ],
              [
                135.40184020000004,
                -0.725239399999964
              ],
              [
                135.40768690000004,
                -0.738198599999976
              ],
              [
                135.41008970000007,
                -0.739028699999949
              ],
              [
                135.409301,
                -0.74141149999997
              ],
              [
                135.41152440000008,
                -0.741194599999972
              ],
              [
                135.411776,
                -0.746573599999977
              ],
              [
                135.41439380000008,
                -0.745923599999969
              ],
              [
                135.41489560000002,
                -0.742818899999975
              ],
              [
                135.4167963000001,
                -0.743143599999939
              ],
              [
                135.4158999000001,
                -0.744551599999966
              ],
              [
                135.41715540000007,
                -0.748017199999936
              ],
              [
                135.42144120000012,
                -0.750688199999956
              ],
              [
                135.41954050000004,
                -0.751121599999976
              ],
              [
                135.418716,
                -0.753793099999939
              ],
              [
                135.427126,
                -0.757691199999954
              ],
              [
                135.42784340000003,
                -0.759243399999946
              ],
              [
                135.4264449000001,
                -0.760037799999964
              ],
              [
                135.4282022000001,
                -0.761084499999924
              ],
              [
                135.42777200000012,
                -0.762673
              ],
              [
                135.42949340000007,
                -0.762384
              ],
              [
                135.4351243000001,
                -0.768231699999944
              ],
              [
                135.4449330000001,
                -0.771660299999951
              ],
              [
                135.44565050000006,
                -0.77389839999995
              ],
              [
                135.4479099,
                -0.774800699999957
              ],
              [
                135.44791020000002,
                -0.777508299999965
              ],
              [
                135.45348740000009,
                -0.783139299999959
              ],
              [
                135.45667890000004,
                -0.781658899999968
              ],
              [
                135.46137690000012,
                -0.782127699999933
              ],
              [
                135.4648023000001,
                -0.786531499999967
              ],
              [
                135.4652331000001,
                -0.791044099999965
              ],
              [
                135.4782342000001,
                -0.799851099999955
              ],
              [
                135.4762978000001,
                -0.801548
              ],
              [
                135.4804577000001,
                -0.800608899999929
              ],
              [
                135.4902128000001,
                -0.805228599999964
              ],
              [
                135.49085850000006,
                -0.806672499999934
              ],
              [
                135.48859950000008,
                -0.809019299999932
              ],
              [
                135.4825929000001,
                -0.812016399999948
              ],
              [
                135.48331050000002,
                -0.815193099999931
              ],
              [
                135.48962240000003,
                -0.815878299999952
              ],
              [
                135.490842,
                -0.81808019999994
              ],
              [
                135.49464350000005,
                -0.818910099999925
              ],
              [
                135.49579130000006,
                -0.820678899999962
              ],
              [
                135.50183420000008,
                -0.821255699999938
              ],
              [
                135.5004001000001,
                -0.82479369999993
              ],
              [
                135.51033430000007,
                -0.827355799999964
              ],
              [
                135.50970740000002,
                -0.832409699999971
              ],
              [
                135.507269,
                -0.834359399999926
              ],
              [
                135.50848860000008,
                -0.836416899999961
              ],
              [
                135.50725210000007,
                -0.842770799999926
              ],
              [
                135.5089379000001,
                -0.84479209999995
              ],
              [
                135.50825670000006,
                -0.846091799999954
              ],
              [
                135.51691870000002,
                -0.855151799999931
              ],
              [
                135.5220468000001,
                -0.853490499999964
              ],
              [
                135.52434240000002,
                -0.856125499999962
              ],
              [
                135.528108,
                -0.856774799999926
              ],
              [
                135.5285381000001,
                -0.85464479999996
              ],
              [
                135.53043880000007,
                -0.854464099999973
              ],
              [
                135.5304393,
                -0.857929699999943
              ],
              [
                135.5327165000001,
                -0.857568399999934
              ],
              [
                135.5314975000001,
                -0.860420399999953
              ],
              [
                135.5346895,
                -0.861647399999924
              ],
              [
                135.5331477000001,
                -0.863560899999925
              ],
              [
                135.536806,
                -0.866376199999934
              ],
              [
                135.5372192000001,
                -0.871394099999975
              ],
              [
                135.5400165000001,
                -0.872115699999938
              ],
              [
                135.54284890000008,
                -0.866736299999957
              ],
              [
                135.5412924000001,
                -0.862352699999974
              ],
              [
                135.54520060000004,
                -0.849153099999967
              ],
              [
                135.54209240000012,
                -0.838736899999958
              ],
              [
                135.53873750000002,
                -0.838452
              ],
              [
                135.528306,
                -0.831746899999928
              ],
              [
                135.5256835,
                -0.831461799999943
              ],
              [
                135.525482,
                -0.826253599999973
              ],
              [
                135.52022440000007,
                -0.819476299999963
              ],
              [
                135.5225392000001,
                -0.815219
              ],
              [
                135.5232347000001,
                -0.805682299999944
              ],
              [
                135.51982060000012,
                -0.802329399999962
              ],
              [
                135.5185441000001,
                -0.796693199999936
              ],
              [
                135.512885,
                -0.789440299999967
              ],
              [
                135.5051003000001,
                -0.788275899999974
              ],
              [
                135.5016985000001,
                -0.790345399999978
              ],
              [
                135.5024313,
                -0.793389499999932
              ],
              [
                135.5009314,
                -0.796124599999928
              ],
              [
                135.50279810000006,
                -0.798621499999967
              ],
              [
                135.5003647000001,
                -0.798645599999929
              ],
              [
                135.49834520000002,
                -0.80316449999998
              ],
              [
                135.49893630000008,
                -0.80658909999994
              ],
              [
                135.5009682000001,
                -0.807302299999947
              ],
              [
                135.4993617,
                -0.808158599999956
              ],
              [
                135.50100410000005,
                -0.811321499999963
              ],
              [
                135.49729480000008,
                -0.810656
              ],
              [
                135.49599490000003,
                -0.806446699999924
              ],
              [
                135.49189550000006,
                -0.803117699999973
              ],
              [
                135.48985130000005,
                -0.797957199999928
              ],
              [
                135.49169340000003,
                -0.792724899999939
              ],
              [
                135.48777140000004,
                -0.790846299999941
              ],
              [
                135.47883990000003,
                -0.781358399999931
              ],
              [
                135.47827270000005,
                -0.779551
              ],
              [
                135.48141450000003,
                -0.776030899999967
              ],
              [
                135.48033920000012,
                -0.773105799999939
              ],
              [
                135.47693690000006,
                -0.770799199999942
              ],
              [
                135.4777639,
                -0.772321199999965
              ],
              [
                135.47587410000006,
                -0.773653299999978
              ],
              [
                135.47445630000004,
                -0.771013599999947
              ],
              [
                135.47636970000008,
                -0.768754
              ],
              [
                135.473936,
                -0.766804099999945
              ],
              [
                135.47517620000008,
                -0.76556729999993
              ],
              [
                135.47290830000009,
                -0.76625729999995
              ],
              [
                135.4713488000001,
                -0.764021899999932
              ],
              [
                135.4730022000001,
                -0.761144
              ],
              [
                135.47023830000012,
                -0.763213399999927
              ],
              [
                135.46924590000003,
                -0.761881699999947
              ],
              [
                135.47123020000004,
                -0.760002699999973
              ],
              [
                135.4682299000001,
                -0.760716499999944
              ],
              [
                135.46739090000005,
                -0.75862369999993
              ],
              [
                135.4689499000001,
                -0.755793399999959
              ],
              [
                135.46743780000008,
                -0.755270399999972
              ],
              [
                135.46775620000005,
                -0.749538799999925
              ],
              [
                135.46645650000005,
                -0.746804
              ],
              [
                135.46766120000007,
                -0.744972599999926
              ],
              [
                135.469008,
                -0.74656589999995
              ],
              [
                135.4684648000001,
                -0.748088
              ],
              [
                135.47118150000006,
                -0.746779699999934
              ],
              [
                135.47222110000007,
                -0.747826
              ],
              [
                135.4727759000001,
                -0.743759099999977
              ],
              [
                135.474217,
                -0.743426
              ],
              [
                135.47426440000004,
                -0.744900499999972
              ],
              [
                135.47773730000006,
                -0.745066599999973
              ],
              [
                135.4829353,
                -0.748585899999966
              ],
              [
                135.48160110000003,
                -0.754293799999971
              ],
              [
                135.48245180000004,
                -0.756006
              ],
              [
                135.48108160000004,
                -0.757385499999941
              ],
              [
                135.48168450000003,
                -0.76123819999998
              ],
              [
                135.48724930000003,
                -0.77010839999997
              ],
              [
                135.49133660000007,
                -0.771130599999935
              ],
              [
                135.49247040000012,
                -0.770012699999938
              ],
              [
                135.49571920000005,
                -0.772176499999944
              ],
              [
                135.50008980000007,
                -0.772199699999931
              ],
              [
                135.50025540000001,
                -0.774221199999943
              ],
              [
                135.50280720000012,
                -0.776456399999972
              ],
              [
                135.50922190000006,
                -0.779642499999966
              ],
              [
                135.5141122000001,
                -0.779094899999961
              ],
              [
                135.51604980000002,
                -0.781472899999926
              ],
              [
                135.52885490000006,
                -0.782945799999936
              ],
              [
                135.53339180000012,
                -0.789842
              ],
              [
                135.53855440000007,
                -0.793646499999966
              ],
              [
                135.54017340000007,
                -0.798783199999946
              ],
              [
                135.543032,
                -0.799187099999926
              ],
              [
                135.54404840000007,
                -0.802183499999956
              ],
              [
                135.5471195,
                -0.801327
              ],
              [
                135.54900970000006,
                -0.802825
              ],
              [
                135.55206870000006,
                -0.801968399999964
              ],
              [
                135.55532960000005,
                -0.803323599999942
              ],
              [
                135.5552355000001,
                -0.806296299999929
              ],
              [
                135.55679480000003,
                -0.80708089999996
              ],
              [
                135.558461,
                -0.811432799999977
              ],
              [
                135.560918,
                -0.81148
              ],
              [
                135.564049,
                -0.815879299999949
              ],
              [
                135.56317520000005,
                -0.818162499999971
              ],
              [
                135.5664008000001,
                -0.823441599999967
              ],
              [
                135.56876330000011,
                -0.823132099999953
              ],
              [
                135.57133890000011,
                -0.826841699999932
              ],
              [
                135.5726618000001,
                -0.825438399999939
              ],
              [
                135.5711500000001,
                -0.827531399999941
              ],
              [
                135.5727333000001,
                -0.829790099999968
              ],
              [
                135.57676170000002,
                -0.832287
              ],
              [
                135.5779192000001,
                -0.830812399999957
              ],
              [
                135.57813220000003,
                -0.833523499999956
              ],
              [
                135.5847122,
                -0.836043399999937
              ],
              [
                135.58811470000012,
                -0.839229699999976
              ],
              [
                135.590548,
                -0.838611
              ],
              [
                135.59260370000004,
                -0.84022779999998
              ],
              [
                135.59233230000007,
                -0.842249299999935
              ],
              [
                135.59424580000007,
                -0.841535599999929
              ],
              [
                135.60581180000008,
                -0.850761099999943
              ],
              [
                135.6115294000001,
                -0.852805499999931
              ],
              [
                135.61130550000007,
                -0.855778199999975
              ],
              [
                135.61508550000008,
                -0.855682499999944
              ],
              [
                135.61329030000002,
                -0.85765669999995
              ],
              [
                135.6165741000001,
                -0.857014
              ],
              [
                135.61536980000005,
                -0.860486399999957
              ],
              [
                135.62198620000004,
                -0.869023
              ],
              [
                135.62529490000009,
                -0.875919099999976
              ],
              [
                135.6271024,
                -0.876989
              ],
              [
                135.627669,
                -0.874111299999925
              ],
              [
                135.62835440000003,
                -0.87601369999993
              ],
              [
                135.6291338000001,
                -0.874348899999973
              ],
              [
                135.6297958,
                -0.877131199999951
              ],
              [
                135.63833680000005,
                -0.881220199999973
              ],
              [
                135.6398497,
                -0.885096399999952
              ],
              [
                135.64282680000008,
                -0.887141099999951
              ],
              [
                135.65394060000006,
                -0.875938
              ],
              [
                135.6557236000001,
                -0.87189479999995
              ],
              [
                135.66719190000003,
                -0.862380099999939
              ],
              [
                135.67185630000006,
                -0.853318499999943
              ],
              [
                135.67186760000004,
                -0.849965299999951
              ],
              [
                135.6763323,
                -0.847848
              ],
              [
                135.67691020000007,
                -0.842639899999938
              ],
              [
                135.67988660000003,
                -0.840475099999935
              ],
              [
                135.6838791,
                -0.840070099999934
              ],
              [
                135.6850952000001,
                -0.836550299999942
              ],
              [
                135.68381870000007,
                -0.832293599999957
              ],
              [
                135.68615710000006,
                -0.829510699999958
              ],
              [
                135.6916493000001,
                -0.826679799999965
              ],
              [
                135.69337350000012,
                -0.823920799999939
              ],
              [
                135.6927588000001,
                -0.821186099999977
              ],
              [
                135.6942944000001,
                -0.821233399999926
              ],
              [
                135.69768380000005,
                -0.817380199999945
              ],
              [
                135.6990641000001,
                -0.807249099999979
              ],
              [
                135.69771720000006,
                -0.805013799999927
              ],
              [
                135.69886250000002,
                -0.802469199999962
              ],
              [
                135.70120090000012,
                -0.799662399999931
              ],
              [
                135.7041541000001,
                -0.80037539999995
              ],
              [
                135.706658,
                -0.798948
              ],
              [
                135.70898420000003,
                -0.794001099999946
              ],
              [
                135.71302390000005,
                -0.793477199999927
              ],
              [
                135.71238520000009,
                -0.788602199999957
              ],
              [
                135.7157161,
                -0.788054599999953
              ],
              [
                135.71627080000007,
                -0.78489159999998
              ],
              [
                135.71749950000003,
                -0.78648469999996
              ],
              [
                135.71868030000007,
                -0.784177799999952
              ],
              [
                135.7203813000001,
                -0.784534199999939
              ],
              [
                135.7209123,
                -0.780895499999929
              ],
              [
                135.72619110000005,
                -0.773998099999972
              ],
              [
                135.72949870000002,
                -0.775257899999929
              ],
              [
                135.72296830000005,
                -0.78531849999996
              ],
              [
                135.7234304000001,
                -0.793546799999945
              ],
              [
                135.72059610000008,
                -0.797043099999939
              ],
              [
                135.71387550000009,
                -0.799969399999952
              ],
              [
                135.70922140000005,
                -0.799922599999945
              ],
              [
                135.70867910000004,
                -0.803157
              ],
              [
                135.7388029000001,
                -0.794467599999962
              ],
              [
                135.80353680000007,
                -0.740779599999939
              ],
              [
                135.8035731000001,
                -0.686842599999977
              ]
            ]
          ],
          [
            [
              [
                135.2782201000001,
                -0.406896599999925
              ],
              [
                135.2780795000001,
                -0.404397099999926
              ],
              [
                135.27250460000005,
                -0.394493799999964
              ],
              [
                135.2678476000001,
                -0.392290899999978
              ],
              [
                135.26632130000007,
                -0.399775899999952
              ],
              [
                135.2630422000001,
                -0.402982799999961
              ],
              [
                135.2623866,
                -0.40934939999994
              ],
              [
                135.26955390000012,
                -0.410481
              ],
              [
                135.2782201000001,
                -0.406896599999925
              ]
            ]
          ],
          [
            [
              [
                134.3025553000001,
                0.80856540000002
              ],
              [
                134.3004876000001,
                0.813390100000049
              ],
              [
                134.30083220000006,
                0.820282400000053
              ],
              [
                134.30634610000004,
                0.837513200000046
              ],
              [
                134.30393370000002,
                0.844405600000073
              ],
              [
                134.29876450000006,
                0.834756300000038
              ],
              [
                134.29635220000011,
                0.824073200000043
              ],
              [
                134.2970414,
                0.804774700000053
              ],
              [
                134.3004876000001,
                0.80443
              ],
              [
                134.3025553000001,
                0.80856540000002
              ]
            ]
          ],
          [
            [
              [
                134.33184770000003,
                0.90953810000002
              ],
              [
                134.3411523000001,
                0.918153500000074
              ],
              [
                134.34011850000002,
                0.924012
              ],
              [
                134.34218620000001,
                0.926079700000059
              ],
              [
                134.33770620000007,
                0.930215100000055
              ],
              [
                134.33563850000007,
                0.921599700000058
              ],
              [
                134.32943540000008,
                0.919876600000066
              ],
              [
                134.3246107000001,
                0.916085800000076
              ],
              [
                134.3246107000001,
                0.910916600000064
              ],
              [
                134.32288770000002,
                0.907125800000074
              ],
              [
                134.32633380000004,
                0.905058100000076
              ],
              [
                134.33184770000003,
                0.90953810000002
              ]
            ]
          ],
          [
            [
              [
                134.30324450000012,
                0.93435050000005
              ],
              [
                134.30221070000005,
                0.936762800000054
              ],
              [
                134.2991091,
                0.937796700000035
              ],
              [
                134.29566290000002,
                0.936762800000054
              ],
              [
                134.29945370000007,
                0.93435050000005
              ],
              [
                134.30324450000012,
                0.93435050000005
              ]
            ]
          ]
        ]
      }
    },
    {
      "type": "Feature",
      "properties": {
        "shapeName": "Waropen",
        "shapeISO": "",
        "shapeID": "22746128B12986554349068",
        "shapeGroup": "IDN",
        "shapeType": "ADM2",
        "district": "Waropen",
        "district_code": "22746128B12986554349068",
        "aliases": []
      },
      "geometry": {
        "type": "MultiPolygon",
        "coordinates": [
          [
            [
              [
                136.75044250000008,
                -2.260437699999954
              ],
              [
                136.75140380000005,
                -2.259677199999942
              ],
              [
                136.7502899000001,
                -2.259020299999975
              ],
              [
                136.74879450000003,
                -2.260794199999964
              ],
              [
                136.75044250000008,
                -2.260437699999954
              ]
            ]
          ],
          [
            [
              [
                136.75573730000008,
                -2.255773099999942
              ],
              [
                136.75315850000004,
                -2.256282599999963
              ],
              [
                136.75302120000003,
                -2.259472599999981
              ],
              [
                136.755188,
                -2.259672599999931
              ],
              [
                136.7541199000001,
                -2.257597899999951
              ],
              [
                136.75573730000008,
                -2.255773099999942
              ]
            ]
          ],
          [
            [
              [
                136.7602081000001,
                -2.254841099999965
              ],
              [
                136.75856020000003,
                -2.250023099999964
              ],
              [
                136.7534485000001,
                -2.247816599999965
              ],
              [
                136.750473,
                -2.252245399999936
              ],
              [
                136.74673460000008,
                -2.253598199999942
              ],
              [
                136.7488251000001,
                -2.260307299999965
              ],
              [
                136.75392150000005,
                -2.254927899999927
              ],
              [
                136.76013180000007,
                -2.255789499999935
              ],
              [
                136.7602081000001,
                -2.254841099999965
              ]
            ]
          ],
          [
            [
              [
                136.74002070000006,
                -2.24589659999998
              ],
              [
                136.7402191000001,
                -2.244249299999979
              ],
              [
                136.7379608000001,
                -2.244766699999957
              ],
              [
                136.74002070000006,
                -2.24589659999998
              ]
            ]
          ],
          [
            [
              [
                136.26965330000007,
                -2.222919199999978
              ],
              [
                136.26876830000003,
                -2.220169099999964
              ],
              [
                136.2613983000001,
                -2.216809
              ],
              [
                136.26058960000012,
                -2.214909099999943
              ],
              [
                136.25659180000002,
                -2.216809
              ],
              [
                136.25215150000008,
                -2.223199099999931
              ],
              [
                136.25019830000008,
                -2.223899399999937
              ],
              [
                136.24891660000003,
                -2.229939499999944
              ],
              [
                136.25099180000007,
                -2.23299929999996
              ],
              [
                136.2553253000001,
                -2.233139
              ],
              [
                136.26679990000002,
                -2.228379
              ],
              [
                136.26965330000007,
                -2.222919199999978
              ]
            ]
          ],
          [
            [
              [
                136.88159080000003,
                -3.241375799999958
              ],
              [
                136.8829793000001,
                -3.234491499999933
              ],
              [
                136.88988670000003,
                -3.22961689999994
              ],
              [
                136.88849530000005,
                -3.225489299999936
              ],
              [
                136.88628690000007,
                -3.223881499999948
              ],
              [
                136.89337120000005,
                -3.223121399999968
              ],
              [
                136.8983393000001,
                -3.219231
              ],
              [
                136.90011990000005,
                -3.215371599999969
              ],
              [
                136.8974939000001,
                -3.21281879999998
              ],
              [
                136.89671040000007,
                -3.204827499999965
              ],
              [
                136.8986288000001,
                -3.199719
              ],
              [
                136.89735640000004,
                -3.193942599999957
              ],
              [
                136.899292,
                -3.192199699999946
              ],
              [
                136.9014893000001,
                -3.192810099999974
              ],
              [
                136.90167240000005,
                -3.203308099999958
              ],
              [
                136.90490720000003,
                -3.204589799999951
              ],
              [
                136.90789790000008,
                -3.203186
              ],
              [
                136.90948490000005,
                -3.192077599999948
              ],
              [
                136.92510990000005,
                -3.186096199999952
              ],
              [
                136.92791750000004,
                -3.187377899999944
              ],
              [
                136.92767330000004,
                -3.191589399999941
              ],
              [
                136.92449950000002,
                -3.193908699999952
              ],
              [
                136.92590330000007,
                -3.196106
              ],
              [
                136.9304810000001,
                -3.193725599999937
              ],
              [
                136.93170170000008,
                -3.189880399999936
              ],
              [
                136.93469240000002,
                -3.1875
              ],
              [
                136.93890380000005,
                -3.186889599999972
              ],
              [
                136.947876,
                -3.195312499999943
              ],
              [
                136.9531250000001,
                -3.189209
              ],
              [
                136.9575195000001,
                -3.188110399999971
              ],
              [
                136.96252440000012,
                -3.196594199999936
              ],
              [
                136.9669189000001,
                -3.197814899999969
              ],
              [
                136.97070310000004,
                -3.186401399999966
              ],
              [
                136.97290040000007,
                -3.185424799999964
              ],
              [
                136.9755249000001,
                -3.186096199999952
              ],
              [
                136.97827150000012,
                -3.19140619999996
              ],
              [
                136.98229980000008,
                -3.19140619999996
              ],
              [
                136.9810791000001,
                -3.186828599999956
              ],
              [
                136.98248290000004,
                -3.181823699999939
              ],
              [
                136.98907470000006,
                -3.174316399999952
              ],
              [
                136.99267580000003,
                -3.174011199999939
              ],
              [
                136.99450680000007,
                -3.182189899999969
              ],
              [
                136.99609380000004,
                -3.184021
              ],
              [
                136.99969480000004,
                -3.183898899999974
              ],
              [
                137.00207520000004,
                -3.17687989999996
              ],
              [
                137.00549320000005,
                -3.174804699999925
              ],
              [
                137.00787350000007,
                -3.17578119999996
              ],
              [
                137.0092773,
                -3.178283699999952
              ],
              [
                137.00830080000003,
                -3.180725099999961
              ],
              [
                137.0045166000001,
                -3.183288599999969
              ],
              [
                137.003479,
                -3.186096199999952
              ],
              [
                137.005127,
                -3.189392099999964
              ],
              [
                137.0092773,
                -3.188415499999962
              ],
              [
                137.010498,
                -3.184387199999946
              ],
              [
                137.0128784000001,
                -3.183105499999954
              ],
              [
                137.022522,
                -3.182189899999969
              ],
              [
                137.0324707000001,
                -3.185180699999933
              ],
              [
                137.03692630000012,
                -3.18511959999995
              ],
              [
                137.0418701000001,
                -3.182678199999941
              ],
              [
                137.0441284000001,
                -3.179199199999971
              ],
              [
                137.04309080000007,
                -3.169799799999964
              ],
              [
                137.04431150000005,
                -3.167907699999944
              ],
              [
                137.0499268000001,
                -3.168579099999931
              ],
              [
                137.05187990000002,
                -3.176391599999931
              ],
              [
                137.0637207000001,
                -3.175476099999969
              ],
              [
                137.07171630000005,
                -3.179504399999928
              ],
              [
                137.088501,
                -3.17150879999997
              ],
              [
                137.09167480000008,
                -3.163513199999954
              ],
              [
                137.09210210000003,
                -3.156982399999947
              ],
              [
                137.09747310000012,
                -3.155578599999956
              ],
              [
                137.1029053000001,
                -3.157287599999961
              ],
              [
                137.10711670000012,
                -3.153991699999949
              ],
              [
                137.10729980000008,
                -3.146911599999953
              ],
              [
                137.10528560000012,
                -3.140380899999968
              ],
              [
                137.1157227000001,
                -3.130127
              ],
              [
                137.12707520000004,
                -3.122680699999933
              ],
              [
                137.1279297000001,
                -3.132202099999972
              ],
              [
                137.1342773,
                -3.135192899999936
              ],
              [
                137.14251710000008,
                -3.134704599999964
              ],
              [
                137.15087890000007,
                -3.131225599999937
              ],
              [
                137.16070560000003,
                -3.133178699999974
              ],
              [
                137.1652832000001,
                -3.125610399999971
              ],
              [
                137.17547610000008,
                -3.126220699999976
              ],
              [
                137.18188480000003,
                -3.12182619999993
              ],
              [
                137.182312,
                -3.113891599999931
              ],
              [
                137.1870728,
                -3.106384299999945
              ],
              [
                137.17407230000003,
                -3.08947749999993
              ],
              [
                137.1624756000001,
                -3.081604
              ],
              [
                137.15167240000005,
                -3.077697799999953
              ],
              [
                137.2094727000001,
                -3.057312
              ],
              [
                137.22772220000002,
                -3.04650879999997
              ],
              [
                137.2493286,
                -3.031311
              ],
              [
                137.2611084,
                -3.015197799999953
              ],
              [
                137.29351810000003,
                -3.003418
              ],
              [
                137.36370850000003,
                -2.96990969999996
              ],
              [
                137.38044880000007,
                -2.965819899999929
              ],
              [
                137.37707520000004,
                -2.958007799999962
              ],
              [
                137.378479,
                -2.955810499999927
              ],
              [
                137.38250730000004,
                -2.955993699999965
              ],
              [
                137.38208010000005,
                -2.953979499999946
              ],
              [
                137.37707520000004,
                -2.951293899999939
              ],
              [
                137.3704834,
                -2.950927699999966
              ],
              [
                137.36950680000007,
                -2.94879149999997
              ],
              [
                137.371521,
                -2.947876
              ],
              [
                137.3751221000001,
                -2.949707
              ],
              [
                137.38171390000002,
                -2.947814899999969
              ],
              [
                137.3842773,
                -2.945312499999943
              ],
              [
                137.38287350000007,
                -2.943481399999939
              ],
              [
                137.3779297000001,
                -2.943908699999952
              ],
              [
                137.3776855000001,
                -2.942077599999948
              ],
              [
                137.3803101000001,
                -2.939697299999978
              ],
              [
                137.37927250000007,
                -2.93280029999994
              ],
              [
                137.37207030000002,
                -2.937683099999958
              ],
              [
                137.36889650000012,
                -2.937988299999972
              ],
              [
                137.3673096000001,
                -2.937194799999929
              ],
              [
                137.368103,
                -2.93469239999996
              ],
              [
                137.36407470000006,
                -2.931884799999978
              ],
              [
                137.3646851000001,
                -2.930481
              ],
              [
                137.36907960000008,
                -2.931213399999933
              ],
              [
                137.3704834,
                -2.930175799999972
              ],
              [
                137.3657227000001,
                -2.92498779999994
              ],
              [
                137.366272,
                -2.922912599999961
              ],
              [
                137.37207030000002,
                -2.923095699999976
              ],
              [
                137.3724976000001,
                -2.920898399999942
              ],
              [
                137.3685303000001,
                -2.918823199999963
              ],
              [
                137.36511230000008,
                -2.919799799999964
              ],
              [
                137.36328130000004,
                -2.916992199999925
              ],
              [
                137.3693237000001,
                -2.913513199999954
              ],
              [
                137.36950680000007,
                -2.911499
              ],
              [
                137.3604736000001,
                -2.911010699999963
              ],
              [
                137.35632320000002,
                -2.909484899999939
              ],
              [
                137.35430910000002,
                -2.906005899999968
              ],
              [
                137.35467530000005,
                -2.903808599999934
              ],
              [
                137.36328130000004,
                -2.901306199999965
              ],
              [
                137.35888670000008,
                -2.89367679999998
              ],
              [
                137.3599243000001,
                -2.87890619999996
              ],
              [
                137.3579102000001,
                -2.877319299999954
              ],
              [
                137.3544922000001,
                -2.877624499999968
              ],
              [
                137.35192870000003,
                -2.879577599999948
              ],
              [
                137.35107420000008,
                -2.875488299999972
              ],
              [
                137.35351560000004,
                -2.869995099999926
              ],
              [
                137.34991460000003,
                -2.864685099999974
              ],
              [
                137.34570310000004,
                -2.869079599999964
              ],
              [
                137.34472660000006,
                -2.868103
              ],
              [
                137.3442993000001,
                -2.856689499999959
              ],
              [
                137.34130860000005,
                -2.859985399999971
              ],
              [
                137.33691410000006,
                -2.85809329999995
              ],
              [
                137.33752440000012,
                -2.856811499999935
              ],
              [
                137.33587650000004,
                -2.855285599999945
              ],
              [
                137.33312990000002,
                -2.855712899999958
              ],
              [
                137.33068850000006,
                -2.850708
              ],
              [
                137.32690430000002,
                -2.851684599999942
              ],
              [
                137.32330320000005,
                -2.84918209999995
              ],
              [
                137.3247070000001,
                -2.85272219999996
              ],
              [
                137.3231201000001,
                -2.853088399999933
              ],
              [
                137.31909180000002,
                -2.847778299999959
              ],
              [
                137.28491210000004,
                -2.843078599999956
              ],
              [
                137.27551270000004,
                -2.836608899999931
              ],
              [
                137.269104,
                -2.824096699999927
              ],
              [
                137.26678230000005,
                -2.796296799999936
              ],
              [
                137.27037240000004,
                -2.79445579999998
              ],
              [
                137.27248970000005,
                -2.791141799999934
              ],
              [
                137.27212140000006,
                -2.777241599999968
              ],
              [
                137.249244,
                -2.761148699999978
              ],
              [
                137.27631910000002,
                -2.729082499999947
              ],
              [
                137.279199,
                -2.72403689999993
              ],
              [
                137.27923080000005,
                -2.720414699999935
              ],
              [
                137.2804675000001,
                -2.720166099999972
              ],
              [
                137.28298240000004,
                -2.723113099999978
              ],
              [
                137.28361660000007,
                -2.720958699999926
              ],
              [
                137.28727720000006,
                -2.719078499999966
              ],
              [
                137.2861004,
                -2.714606099999969
              ],
              [
                137.26641840000002,
                -2.697536
              ],
              [
                137.2633819,
                -2.692868499999975
              ],
              [
                137.26306150000005,
                -2.688081699999941
              ],
              [
                137.260781,
                -2.685711899999944
              ],
              [
                137.2600708000001,
                -2.681559299999947
              ],
              [
                137.26280210000004,
                -2.674977499999954
              ],
              [
                137.26299730000005,
                -2.670561299999974
              ],
              [
                137.26131380000004,
                -2.665538599999934
              ],
              [
                137.263031,
                -2.66338049999996
              ],
              [
                137.26462850000007,
                -2.653003399999932
              ],
              [
                137.2606310000001,
                -2.638117099999931
              ],
              [
                137.26343250000002,
                -2.637237
              ],
              [
                137.26769600000011,
                -2.631010499999945
              ],
              [
                137.26514950000012,
                -2.627625099999932
              ],
              [
                137.26359850000006,
                -2.630519099999958
              ],
              [
                137.2634124000001,
                -2.627033799999936
              ],
              [
                137.261723,
                -2.625957199999959
              ],
              [
                137.2610016000001,
                -2.622262
              ],
              [
                137.264389,
                -2.625373799999977
              ],
              [
                137.2654113000001,
                -2.624356699999964
              ],
              [
                137.2617646000001,
                -2.619219699999974
              ],
              [
                137.26348870000004,
                -2.616458199999954
              ],
              [
                137.26066590000005,
                -2.616398099999969
              ],
              [
                137.26283260000002,
                -2.614363699999956
              ],
              [
                137.26089120000006,
                -2.612438199999929
              ],
              [
                137.262186,
                -2.610709699999973
              ],
              [
                137.2578125000001,
                -2.608379599999978
              ],
              [
                137.2607773000001,
                -2.606084799999962
              ],
              [
                137.2563629000001,
                -2.602575499999944
              ],
              [
                137.25529480000012,
                -2.604131199999927
              ],
              [
                137.25363570000002,
                -2.603484199999968
              ],
              [
                137.25495210000008,
                -2.603099499999928
              ],
              [
                137.25329740000006,
                -2.602140299999974
              ],
              [
                137.2549768,
                -2.599484
              ],
              [
                137.2518023,
                -2.595784399999957
              ],
              [
                137.25369010000009,
                -2.591145
              ],
              [
                137.2517478000001,
                -2.591089299999965
              ],
              [
                137.2505493000001,
                -2.588932299999954
              ],
              [
                137.24888050000004,
                -2.589595799999927
              ],
              [
                137.2483985,
                -2.587461299999973
              ],
              [
                137.24649060000002,
                -2.587563399999965
              ],
              [
                137.245152,
                -2.584733
              ],
              [
                137.24232240000003,
                -2.585009099999979
              ],
              [
                137.24070270000004,
                -2.58102359999998
              ],
              [
                137.2368732000001,
                -2.579391899999962
              ],
              [
                137.23765560000004,
                -2.577460099999939
              ],
              [
                137.24026490000006,
                -2.576664899999969
              ],
              [
                137.2398283000001,
                -2.575442199999941
              ],
              [
                137.23705080000002,
                -2.574255699999981
              ],
              [
                137.23685690000002,
                -2.576108899999952
              ],
              [
                137.23059080000007,
                -2.575886
              ],
              [
                137.23161160000006,
                -2.577811199999928
              ],
              [
                137.22999570000002,
                -2.578279499999951
              ],
              [
                137.2275770000001,
                -2.574928299999954
              ],
              [
                137.22656540000003,
                -2.576932499999941
              ],
              [
                137.22357290000002,
                -2.577601699999946
              ],
              [
                137.221887,
                -2.576668699999971
              ],
              [
                137.22325100000012,
                -2.574312899999939
              ],
              [
                137.22253580000006,
                -2.573011299999962
              ],
              [
                137.21337890000007,
                -2.572393399999953
              ],
              [
                137.1930632000001,
                -2.563691299999959
              ],
              [
                137.19069950000005,
                -2.555469599999981
              ],
              [
                137.18335130000003,
                -2.550434699999926
              ],
              [
                137.17777200000012,
                -2.549754299999961
              ],
              [
                137.1736896000001,
                -2.547304799999949
              ],
              [
                137.16770210000004,
                -2.539276199999961
              ],
              [
                137.1611703000001,
                -2.537643199999934
              ],
              [
                137.15858480000009,
                -2.539276199999961
              ],
              [
                137.15681580000012,
                -2.536826699999949
              ],
              [
                137.15504680000004,
                -2.536282399999948
              ],
              [
                137.15463850000003,
                -2.537779299999954
              ],
              [
                137.15167780000002,
                -2.534943299999952
              ],
              [
                137.1490249000001,
                -2.535274699999945
              ],
              [
                137.14905050000004,
                -2.533377199999961
              ],
              [
                137.1474151000001,
                -2.53249
              ],
              [
                137.1488495000001,
                -2.529816599999947
              ],
              [
                137.14563970000006,
                -2.526289599999927
              ],
              [
                137.14285960000007,
                -2.527057
              ],
              [
                137.14318020000007,
                -2.523027
              ],
              [
                137.14082550000012,
                -2.521899599999927
              ],
              [
                137.1392059000001,
                -2.522983299999964
              ],
              [
                137.1371180000001,
                -2.517840799999931
              ],
              [
                137.13098750000006,
                -2.520531399999925
              ],
              [
                137.128463,
                -2.518545
              ],
              [
                137.12788390000003,
                -2.521021799999971
              ],
              [
                137.1256866000001,
                -2.518407299999978
              ],
              [
                137.12489720000008,
                -2.520687399999929
              ],
              [
                137.1229611000001,
                -2.515350599999977
              ],
              [
                137.12074280000002,
                -2.517456299999935
              ],
              [
                137.1194977,
                -2.515310899999974
              ],
              [
                137.11593030000006,
                -2.514693199999954
              ],
              [
                137.11479110000005,
                -2.51232349999998
              ],
              [
                137.11343080000006,
                -2.511964699999965
              ],
              [
                137.1121673,
                -2.513943
              ],
              [
                137.11003110000001,
                -2.510956499999963
              ],
              [
                137.11366350000003,
                -2.504775699999925
              ],
              [
                137.111094,
                -2.499592199999938
              ],
              [
                137.1071730000001,
                -2.501501699999949
              ],
              [
                137.10576750000007,
                -2.499429
              ],
              [
                137.10612060000005,
                -2.49570609999995
              ],
              [
                137.10388360000002,
                -2.495472899999925
              ],
              [
                137.09810430000005,
                -2.490645699999959
              ],
              [
                137.0966099000001,
                -2.491137
              ],
              [
                137.09323670000003,
                -2.487938799999938
              ],
              [
                137.08966170000008,
                -2.489020899999957
              ],
              [
                137.08852610000008,
                -2.486064499999941
              ],
              [
                137.08709710000005,
                -2.486225399999967
              ],
              [
                137.08671270000002,
                -2.483218
              ],
              [
                137.07980190000012,
                -2.482104699999979
              ],
              [
                137.07725520000008,
                -2.480043399999943
              ],
              [
                137.0765097000001,
                -2.485245299999974
              ],
              [
                137.07496230000004,
                -2.48559819999997
              ],
              [
                137.0694228000001,
                -2.480051499999945
              ],
              [
                137.06765740000003,
                -2.480925099999979
              ],
              [
                137.06435950000002,
                -2.479855099999952
              ],
              [
                137.0634656000001,
                -2.476965599999971
              ],
              [
                137.06163020000008,
                -2.477835699999957
              ],
              [
                137.05933990000005,
                -2.475719199999958
              ],
              [
                137.0582737000001,
                -2.470104299999946
              ],
              [
                137.0547825000001,
                -2.469691199999943
              ],
              [
                137.05632020000007,
                -2.467433199999959
              ],
              [
                137.05548540000007,
                -2.464784099999974
              ],
              [
                137.04936120000002,
                -2.462158699999975
              ],
              [
                137.04858400000012,
                -2.457708799999978
              ],
              [
                137.04354460000002,
                -2.461568499999942
              ],
              [
                137.04222970000012,
                -2.460894199999927
              ],
              [
                137.04217530000005,
                -2.456787099999929
              ],
              [
                137.04060570000001,
                -2.455921599999954
              ],
              [
                137.03630650000002,
                -2.460100599999976
              ],
              [
                137.03491210000004,
                -2.458036799999945
              ],
              [
                137.03700250000009,
                -2.455315199999973
              ],
              [
                137.03462720000005,
                -2.453038799999945
              ],
              [
                137.03634640000007,
                -2.449831199999949
              ],
              [
                137.03401070000007,
                -2.448218499999939
              ],
              [
                137.03907770000012,
                -2.448124399999926
              ],
              [
                137.040378,
                -2.441754299999957
              ],
              [
                137.03478040000005,
                -2.440298299999938
              ],
              [
                137.03426760000002,
                -2.438728799999978
              ],
              [
                137.03641420000008,
                -2.434642699999927
              ],
              [
                137.036176,
                -2.429397
              ],
              [
                137.0351309,
                -2.427802699999972
              ],
              [
                137.0307292000001,
                -2.430221299999971
              ],
              [
                137.031589,
                -2.424563399999954
              ],
              [
                137.03084180000008,
                -2.418327799999929
              ],
              [
                137.02928380000003,
                -2.416728099999943
              ],
              [
                137.02583160000006,
                -2.418022699999938
              ],
              [
                137.01992080000002,
                -2.423878699999932
              ],
              [
                137.01296520000005,
                -2.419880899999953
              ],
              [
                137.00660830000004,
                -2.420431
              ],
              [
                137.00227350000011,
                -2.425603399999943
              ],
              [
                136.99752480000006,
                -2.422868
              ],
              [
                136.99497110000004,
                -2.418861199999981
              ],
              [
                136.98776240000007,
                -2.422156099999938
              ],
              [
                136.98562090000007,
                -2.418047299999955
              ],
              [
                136.98431390000007,
                -2.417974699999945
              ],
              [
                136.97429980000004,
                -2.426114799999937
              ],
              [
                136.97082050000006,
                -2.425573099999951
              ],
              [
                136.9692103000001,
                -2.423291
              ],
              [
                136.96434020000004,
                -2.42518089999993
              ],
              [
                136.96346660000006,
                -2.420473
              ],
              [
                136.9670383,
                -2.415762699999959
              ],
              [
                136.96602970000004,
                -2.414021899999966
              ],
              [
                136.95773180000003,
                -2.411633799999947
              ],
              [
                136.9537855000001,
                -2.403469
              ],
              [
                136.94970310000008,
                -2.401836099999969
              ],
              [
                136.94970310000008,
                -2.398570199999938
              ],
              [
                136.9480701000001,
                -2.396801099999948
              ],
              [
                136.944396,
                -2.39475989999994
              ],
              [
                136.94072190000009,
                -2.397889799999973
              ],
              [
                136.934054,
                -2.392854799999952
              ],
              [
                136.91323380000006,
                -2.385370499999965
              ],
              [
                136.90792670000008,
                -2.379519099999925
              ],
              [
                136.90792670000008,
                -2.377205699999934
              ],
              [
                136.91214390000005,
                -2.371814799999925
              ],
              [
                136.90935950000005,
                -2.364420099999961
              ],
              [
                136.9099880000001,
                -2.361353599999973
              ],
              [
                136.91537440000002,
                -2.359399199999928
              ],
              [
                136.91565880000007,
                -2.356372399999941
              ],
              [
                136.9204797000001,
                -2.358242399999938
              ],
              [
                136.92485040000008,
                -2.362403399999948
              ],
              [
                136.93107910000003,
                -2.362013199999978
              ],
              [
                136.9325338000001,
                -2.361211699999956
              ],
              [
                136.93174740000006,
                -2.358993299999952
              ],
              [
                136.92778010000006,
                -2.356190899999945
              ],
              [
                136.92672070000003,
                -2.350241
              ],
              [
                136.93106020000005,
                -2.347404099999949
              ],
              [
                136.93364640000004,
                -2.346990199999937
              ],
              [
                136.93739330000005,
                -2.349482199999954
              ],
              [
                136.938034,
                -2.347676499999977
              ],
              [
                136.93814080000004,
                -2.340010899999925
              ],
              [
                136.9368588000001,
                -2.339093799999944
              ],
              [
                136.93137550000006,
                -2.338145499999939
              ],
              [
                136.92483220000008,
                -2.334891
              ],
              [
                136.9213257,
                -2.338863799999956
              ],
              [
                136.91921460000003,
                -2.33398
              ],
              [
                136.9151217000001,
                -2.331947299999968
              ],
              [
                136.91585190000012,
                -2.32875359999997
              ],
              [
                136.91850970000007,
                -2.328033199999936
              ],
              [
                136.91426400000012,
                -2.319232
              ],
              [
                136.9206478000001,
                -2.309848299999942
              ],
              [
                136.9213933000001,
                -2.304357499999981
              ],
              [
                136.9262758000001,
                -2.302066499999967
              ],
              [
                136.92650850000007,
                -2.300640499999929
              ],
              [
                136.92048550000004,
                -2.299602899999968
              ],
              [
                136.91868890000012,
                -2.295414699999981
              ],
              [
                136.91636270000004,
                -2.293745399999978
              ],
              [
                136.91383440000004,
                -2.294262699999933
              ],
              [
                136.90941550000002,
                -2.298223599999972
              ],
              [
                136.90293880000002,
                -2.294199699999979
              ],
              [
                136.9058778000001,
                -2.289622299999962
              ],
              [
                136.90379330000007,
                -2.285272599999928
              ],
              [
                136.9047088000001,
                -2.283356
              ],
              [
                136.91368010000008,
                -2.286641199999963
              ],
              [
                136.91390990000002,
                -2.285351699999978
              ],
              [
                136.91003610000007,
                -2.282689199999936
              ],
              [
                136.91117530000008,
                -2.278065899999945
              ],
              [
                136.90662650000002,
                -2.276487399999951
              ],
              [
                136.90227290000007,
                -2.264808499999958
              ],
              [
                136.89951250000001,
                -2.269354
              ],
              [
                136.89379770000005,
                -2.265100599999926
              ],
              [
                136.8961951000001,
                -2.270513799999947
              ],
              [
                136.8943302,
                -2.272436599999935
              ],
              [
                136.89158630000009,
                -2.271344399999975
              ],
              [
                136.89183050000008,
                -2.265316499999926
              ],
              [
                136.888614,
                -2.260310799999957
              ],
              [
                136.88946210000006,
                -2.254758599999946
              ],
              [
                136.8837284000001,
                -2.25223909999994
              ],
              [
                136.88553810000008,
                -2.249775299999953
              ],
              [
                136.884985,
                -2.247637599999962
              ],
              [
                136.88123030000008,
                -2.248827099999971
              ],
              [
                136.8781719000001,
                -2.248074699999961
              ],
              [
                136.8779270000001,
                -2.243367599999942
              ],
              [
                136.87449370000002,
                -2.241603099999963
              ],
              [
                136.87325610000005,
                -2.238873
              ],
              [
                136.8737943000001,
                -2.231403299999954
              ],
              [
                136.87162610000007,
                -2.231723299999942
              ],
              [
                136.86965940000005,
                -2.235609099999976
              ],
              [
                136.8674099000001,
                -2.234571
              ],
              [
                136.86698750000005,
                -2.228488599999935
              ],
              [
                136.8640101000001,
                -2.221776299999931
              ],
              [
                136.86037980000003,
                -2.224400599999967
              ],
              [
                136.85721390000003,
                -2.219763599999965
              ],
              [
                136.85570870000004,
                -2.222766199999967
              ],
              [
                136.85350820000008,
                -2.223390799999947
              ],
              [
                136.85123420000002,
                -2.222373
              ],
              [
                136.85056020000002,
                -2.220201699999961
              ],
              [
                136.84602430000007,
                -2.220863799999961
              ],
              [
                136.84399240000005,
                -2.217569499999968
              ],
              [
                136.84116160000008,
                -2.219684299999926
              ],
              [
                136.83867610000004,
                -2.21943049999993
              ],
              [
                136.83936770000003,
                -2.213408199999947
              ],
              [
                136.83493040000008,
                -2.213204099999928
              ],
              [
                136.825747,
                -2.20356
              ],
              [
                136.8250859000001,
                -2.200241099999971
              ],
              [
                136.82717760000003,
                -2.194517799999971
              ],
              [
                136.82263380000006,
                -2.190361
              ],
              [
                136.8225874000001,
                -2.186435899999935
              ],
              [
                136.8069763000001,
                -2.176330299999961
              ],
              [
                136.80470270000012,
                -2.176999299999977
              ],
              [
                136.80456540000012,
                -2.178412199999968
              ],
              [
                136.8133392000001,
                -2.185863199999972
              ],
              [
                136.81600950000006,
                -2.189323199999933
              ],
              [
                136.81681820000006,
                -2.193133099999955
              ],
              [
                136.81707760000006,
                -2.208333299999936
              ],
              [
                136.8138427,
                -2.215423599999951
              ],
              [
                136.8135681000001,
                -2.22123339999996
              ],
              [
                136.81225580000012,
                -2.223393399999964
              ],
              [
                136.81248470000003,
                -2.220333599999947
              ],
              [
                136.81098940000004,
                -2.219513399999926
              ],
              [
                136.8102722000001,
                -2.220973499999957
              ],
              [
                136.80755610000006,
                -2.218363499999953
              ],
              [
                136.8045959000001,
                -2.218423399999949
              ],
              [
                136.80387880000012,
                -2.220391499999948
              ],
              [
                136.80134580000004,
                -2.220735799999943
              ],
              [
                136.79325860000006,
                -2.210893599999963
              ],
              [
                136.78713990000006,
                -2.220663499999944
              ],
              [
                136.78529360000005,
                -2.221023599999967
              ],
              [
                136.78451540000003,
                -2.223773499999936
              ],
              [
                136.77987670000005,
                -2.226963499999954
              ],
              [
                136.7798004000001,
                -2.229953499999965
              ],
              [
                136.7774353000001,
                -2.231043599999964
              ],
              [
                136.77691650000008,
                -2.233473499999945
              ],
              [
                136.7766418000001,
                -2.23182369999995
              ],
              [
                136.7698669,
                -2.229413499999964
              ],
              [
                136.76873780000005,
                -2.231573599999933
              ],
              [
                136.7651214000001,
                -2.230773699999929
              ],
              [
                136.7633972000001,
                -2.234283399999924
              ],
              [
                136.75988770000004,
                -2.233983499999965
              ],
              [
                136.755249,
                -2.237823499999934
              ],
              [
                136.75354,
                -2.241943599999956
              ],
              [
                136.75447080000004,
                -2.246472099999949
              ],
              [
                136.75871270000005,
                -2.248205399999961
              ],
              [
                136.76162720000002,
                -2.255629499999941
              ],
              [
                136.76768490000006,
                -2.25902009999993
              ],
              [
                136.76965330000007,
                -2.264390899999967
              ],
              [
                136.7708282000001,
                -2.263046
              ],
              [
                136.77020260000006,
                -2.264943399999936
              ],
              [
                136.7688598000001,
                -2.26470779999994
              ],
              [
                136.7650146000001,
                -2.258470299999942
              ],
              [
                136.7631225,
                -2.25870939999993
              ],
              [
                136.763443,
                -2.261158699999953
              ],
              [
                136.7624969000001,
                -2.258236199999942
              ],
              [
                136.75950620000003,
                -2.25642229999994
              ],
              [
                136.75588990000006,
                -2.259350499999925
              ],
              [
                136.7544861,
                -2.262671
              ],
              [
                136.755661,
                -2.26425
              ],
              [
                136.7486725000001,
                -2.264337499999954
              ],
              [
                136.75410460000012,
                -2.276974
              ],
              [
                136.75851440000008,
                -2.277521599999943
              ],
              [
                136.7610168000001,
                -2.274436699999967
              ],
              [
                136.75991820000002,
                -2.272146699999951
              ],
              [
                136.76251220000006,
                -2.270247
              ],
              [
                136.76416010000003,
                -2.271114099999977
              ],
              [
                136.76502990000006,
                -2.273562699999957
              ],
              [
                136.75764460000005,
                -2.278786899999943
              ],
              [
                136.75340270000004,
                -2.277527799999973
              ],
              [
                136.75001520000012,
                -2.271368499999937
              ],
              [
                136.7471008000001,
                -2.264971499999945
              ],
              [
                136.74717710000004,
                -2.260388399999954
              ],
              [
                136.7451324000001,
                -2.254464399999961
              ],
              [
                136.74159250000002,
                -2.257471299999963
              ],
              [
                136.744339,
                -2.252489799999978
              ],
              [
                136.74134820000006,
                -2.247120099999961
              ],
              [
                136.7375793000001,
                -2.249337199999957
              ],
              [
                136.73216250000007,
                -2.248237699999947
              ],
              [
                136.73670960000004,
                -2.248627
              ],
              [
                136.73883060000003,
                -2.246649
              ],
              [
                136.73117060000004,
                -2.242707699999926
              ],
              [
                136.72293090000005,
                -2.234767699999963
              ],
              [
                136.7117157,
                -2.227937699999927
              ],
              [
                136.70478820000005,
                -2.227477799999974
              ],
              [
                136.70172120000007,
                -2.235777599999949
              ],
              [
                136.69027710000012,
                -2.245297699999981
              ],
              [
                136.68530270000008,
                -2.246957799999961
              ],
              [
                136.682846,
                -2.252197699999954
              ],
              [
                136.67414850000011,
                -2.258067599999947
              ],
              [
                136.67453000000012,
                -2.260521399999959
              ],
              [
                136.67330950000007,
                -2.261170599999957
              ],
              [
                136.666214,
                -2.258027799999979
              ],
              [
                136.6634216000001,
                -2.259637599999962
              ],
              [
                136.662857,
                -2.256657599999926
              ],
              [
                136.65446470000006,
                -2.256973699999946
              ],
              [
                136.654129,
                -2.254543799999965
              ],
              [
                136.6466064000001,
                -2.251589099999933
              ],
              [
                136.64584350000007,
                -2.248083799999961
              ],
              [
                136.64080810000007,
                -2.246083699999929
              ],
              [
                136.6372070000001,
                -2.246483799999965
              ],
              [
                136.63542170000005,
                -2.251851599999952
              ],
              [
                136.62992860000008,
                -2.247218399999952
              ],
              [
                136.62059020000004,
                -2.247138299999961
              ],
              [
                136.6147003000001,
                -2.250718399999926
              ],
              [
                136.61022950000006,
                -2.248748299999932
              ],
              [
                136.60586550000005,
                -2.253098199999954
              ],
              [
                136.60243220000007,
                -2.254055699999981
              ],
              [
                136.60012820000009,
                -2.252859599999965
              ],
              [
                136.59570310000004,
                -2.245305499999972
              ],
              [
                136.59660340000005,
                -2.239509299999952
              ],
              [
                136.590744,
                -2.245714199999952
              ],
              [
                136.5901947000001,
                -2.248385699999972
              ],
              [
                136.58984370000007,
                -2.24591659999993
              ],
              [
                136.59564210000008,
                -2.236789199999976
              ],
              [
                136.59133910000003,
                -2.237348099999963
              ],
              [
                136.5887298,
                -2.240828
              ],
              [
                136.58497620000003,
                -2.239219699999978
              ],
              [
                136.58668520000003,
                -2.237151599999947
              ],
              [
                136.58172610000008,
                -2.237509699999976
              ],
              [
                136.58256530000006,
                -2.23574519999994
              ],
              [
                136.5791015000001,
                -2.229526
              ],
              [
                136.575943,
                -2.218926199999942
              ],
              [
                136.57690430000002,
                -2.214386
              ],
              [
                136.57923890000006,
                -2.214125899999942
              ],
              [
                136.58068850000006,
                -2.210846
              ],
              [
                136.5800934,
                -2.206755899999962
              ],
              [
                136.5819855000001,
                -2.204942899999935
              ],
              [
                136.5825195000001,
                -2.201236699999924
              ],
              [
                136.58947750000004,
                -2.193955699999947
              ],
              [
                136.58796690000008,
                -2.190114499999936
              ],
              [
                136.58094790000007,
                -2.190990899999974
              ],
              [
                136.57754510000007,
                -2.195935299999974
              ],
              [
                136.5755005000001,
                -2.193741599999953
              ],
              [
                136.57400510000002,
                -2.194429399999933
              ],
              [
                136.57836910000003,
                -2.198953899999935
              ],
              [
                136.57714840000006,
                -2.204170199999965
              ],
              [
                136.5763244000001,
                -2.199001299999964
              ],
              [
                136.57264710000004,
                -2.198951499999964
              ],
              [
                136.57127380000009,
                -2.205813399999954
              ],
              [
                136.55548090000002,
                -2.210915799999952
              ],
              [
                136.55131530000006,
                -2.215925699999957
              ],
              [
                136.5459595000001,
                -2.219555599999978
              ],
              [
                136.54417420000004,
                -2.223415599999953
              ],
              [
                136.53817750000007,
                -2.220915799999943
              ],
              [
                136.53852840000002,
                -2.220025799999974
              ],
              [
                136.5348358000001,
                -2.221275799999944
              ],
              [
                136.53570560000003,
                -2.217885699999954
              ],
              [
                136.53237910000007,
                -2.213896
              ],
              [
                136.53201290000004,
                -2.210506
              ],
              [
                136.526123,
                -2.211875899999939
              ],
              [
                136.52671810000004,
                -2.20235589999993
              ],
              [
                136.52476500000012,
                -2.201257
              ],
              [
                136.52249140000004,
                -2.204682799999944
              ],
              [
                136.51828000000012,
                -2.191026499999964
              ],
              [
                136.51443480000012,
                -2.192323499999929
              ],
              [
                136.51017760000002,
                -2.190360099999964
              ],
              [
                136.50205990000006,
                -2.199861099999964
              ],
              [
                136.495224,
                -2.199666
              ],
              [
                136.48606870000003,
                -2.205376199999932
              ],
              [
                136.48297120000007,
                -2.205786199999977
              ],
              [
                136.47999570000002,
                -2.204186199999981
              ],
              [
                136.47457880000002,
                -2.208286299999941
              ],
              [
                136.46858210000005,
                -2.206916299999932
              ],
              [
                136.46107480000012,
                -2.209176299999967
              ],
              [
                136.45782470000006,
                -2.213745599999925
              ],
              [
                136.44763180000007,
                -2.205741899999964
              ],
              [
                136.42529290000004,
                -2.20438189999993
              ],
              [
                136.4178009000001,
                -2.207171899999935
              ],
              [
                136.4116974000001,
                -2.211811799999964
              ],
              [
                136.40605160000007,
                -2.211931899999968
              ],
              [
                136.40260310000008,
                -2.21550179999997
              ],
              [
                136.3987274000001,
                -2.215982
              ],
              [
                136.39361570000005,
                -2.218951899999979
              ],
              [
                136.38978570000006,
                -2.225431899999933
              ],
              [
                136.38227840000002,
                -2.232991899999945
              ],
              [
                136.37324520000004,
                -2.236621899999932
              ],
              [
                136.36764520000008,
                -2.240841899999964
              ],
              [
                136.3641662000001,
                -2.246372
              ],
              [
                136.36555480000004,
                -2.248875399999974
              ],
              [
                136.35849,
                -2.256315699999959
              ],
              [
                136.344162,
                -2.259665699999971
              ],
              [
                136.3445892000001,
                -2.262215599999934
              ],
              [
                136.339508,
                -2.263745799999924
              ],
              [
                136.33921810000004,
                -2.270305599999972
              ],
              [
                136.33628840000006,
                -2.276475699999935
              ],
              [
                136.3335571,
                -2.277705699999956
              ],
              [
                136.3323669,
                -2.284435799999926
              ],
              [
                136.335144,
                -2.29335569999995
              ],
              [
                136.3371277000001,
                -2.295114299999966
              ],
              [
                136.33801270000004,
                -2.307945699999948
              ],
              [
                136.33970640000007,
                -2.310045699999932
              ],
              [
                136.34022520000008,
                -2.33843539999998
              ],
              [
                136.34146120000003,
                -2.341295
              ],
              [
                136.3372803000001,
                -2.363502
              ],
              [
                136.33915710000008,
                -2.366692099999966
              ],
              [
                136.3422088000001,
                -2.368294
              ],
              [
                136.3423309000001,
                -2.372960299999932
              ],
              [
                136.33380130000012,
                -2.379022099999929
              ],
              [
                136.3374023,
                -2.375772199999972
              ],
              [
                136.33659360000001,
                -2.374162199999944
              ],
              [
                136.32923890000006,
                -2.380552
              ],
              [
                136.32640070000002,
                -2.387122199999965
              ],
              [
                136.32565310000007,
                -2.387692199999947
              ],
              [
                136.326767,
                -2.384232
              ],
              [
                136.3151398000001,
                -2.399772199999973
              ],
              [
                136.312027,
                -2.400442099999964
              ],
              [
                136.31272890000002,
                -2.399512099999924
              ],
              [
                136.3015137000001,
                -2.404342399999962
              ],
              [
                136.29866030000005,
                -2.406392299999936
              ],
              [
                136.29895020000004,
                -2.408539799999971
              ],
              [
                136.29586790000008,
                -2.411232499999926
              ],
              [
                136.29719540000008,
                -2.417312399999958
              ],
              [
                136.29573060000007,
                -2.425222399999939
              ],
              [
                136.2902527000001,
                -2.440642399999945
              ],
              [
                136.28570560000003,
                -2.448802199999932
              ],
              [
                136.28863520000004,
                -2.451462299999946
              ],
              [
                136.281189,
                -2.459942299999966
              ],
              [
                136.278183,
                -2.468722399999933
              ],
              [
                136.27964780000002,
                -2.470922199999961
              ],
              [
                136.28775020000012,
                -2.473852399999942
              ],
              [
                136.29205320000005,
                -2.48463339999995
              ],
              [
                136.29035950000002,
                -2.485756899999956
              ],
              [
                136.2888031000001,
                -2.484690399999977
              ],
              [
                136.28292850000003,
                -2.477480399999934
              ],
              [
                136.2808685000001,
                -2.507700499999942
              ],
              [
                136.27642820000005,
                -2.521970499999952
              ],
              [
                136.26622010000006,
                -2.545310499999971
              ],
              [
                136.266861,
                -2.546280399999944
              ],
              [
                136.26329040000007,
                -2.549570299999971
              ],
              [
                136.26000970000007,
                -2.559330699999975
              ],
              [
                136.25405880000005,
                -2.561910599999976
              ],
              [
                136.24241640000002,
                -2.585200499999928
              ],
              [
                136.22474670000008,
                -2.610610699999938
              ],
              [
                136.22436520000008,
                -2.613500599999952
              ],
              [
                136.22224430000006,
                -2.612750499999947
              ],
              [
                136.22038270000007,
                -2.613860599999953
              ],
              [
                136.21473690000005,
                -2.620570699999973
              ],
              [
                136.205841,
                -2.625850699999944
              ],
              [
                136.19668580000007,
                -2.626880699999958
              ],
              [
                136.1950836000001,
                -2.630420699999945
              ],
              [
                136.18945310000004,
                -2.632580799999971
              ],
              [
                136.1875000000001,
                -2.637180599999965
              ],
              [
                136.18217470000002,
                -2.640340599999945
              ],
              [
                136.17684940000004,
                -2.636270799999977
              ],
              [
                136.17326350000008,
                -2.636730899999975
              ],
              [
                136.170105,
                -2.640380899999968
              ],
              [
                136.1577453000001,
                -2.643570899999929
              ],
              [
                136.14613340000005,
                -2.650491
              ],
              [
                136.1383819,
                -2.644940899999938
              ],
              [
                136.13514710000004,
                -2.645660899999939
              ],
              [
                136.1325531000001,
                -2.650610899999947
              ],
              [
                136.12466430000006,
                -2.658480899999972
              ],
              [
                136.1268768000001,
                -2.661210799999935
              ],
              [
                136.1234131000001,
                -2.661711
              ],
              [
                136.1121674000001,
                -2.667520799999977
              ],
              [
                136.0838165,
                -2.671521
              ],
              [
                136.06723020000004,
                -2.672161099999926
              ],
              [
                136.0629272000001,
                -2.671551199999953
              ],
              [
                136.0588226000001,
                -2.668251
              ],
              [
                136.05570980000005,
                -2.668851099999927
              ],
              [
                136.05691530000001,
                -2.672391199999936
              ],
              [
                136.0553741000001,
                -2.678611
              ],
              [
                136.05242920000012,
                -2.680261899999948
              ],
              [
                136.05043030000002,
                -2.678261
              ],
              [
                136.05108640000003,
                -2.679951199999948
              ],
              [
                136.04890440000008,
                -2.680751099999952
              ],
              [
                136.0462189000001,
                -2.684491099999946
              ],
              [
                136.04631040000004,
                -2.687391
              ],
              [
                136.03784180000002,
                -2.695291
              ],
              [
                136.02696230000004,
                -2.691271099999938
              ],
              [
                136.02059930000007,
                -2.691351199999929
              ],
              [
                136.01794430000007,
                -2.692831
              ],
              [
                136.01634220000005,
                -2.69906119999996
              ],
              [
                136.0177460000001,
                -2.700011
              ],
              [
                136.0153656000001,
                -2.700171199999943
              ],
              [
                136.01031490000003,
                -2.705151099999966
              ],
              [
                136.00912470000003,
                -2.70847109999994
              ],
              [
                136.01368710000008,
                -2.715861099999927
              ],
              [
                136.01278680000007,
                -2.717761
              ],
              [
                136.0184895000001,
                -2.722148499999946
              ],
              [
                136.01471220000008,
                -2.727873
              ],
              [
                136.0207551000001,
                -2.741014
              ],
              [
                136.01811730000009,
                -2.744467099999952
              ],
              [
                136.0183092000001,
                -2.746721199999968
              ],
              [
                136.02406440000004,
                -2.744131399999958
              ],
              [
                136.02766140000006,
                -2.746337599999947
              ],
              [
                136.03221760000008,
                -2.74360379999996
              ],
              [
                136.03998710000008,
                -2.745042599999977
              ],
              [
                136.0439196000001,
                -2.742644599999949
              ],
              [
                136.0437280000001,
                -2.746001799999931
              ],
              [
                136.04761380000002,
                -2.757599
              ],
              [
                136.0513562000001,
                -2.763782099999958
              ],
              [
                136.05623750000007,
                -2.766548199999932
              ],
              [
                136.07499210000003,
                -2.766817699999933
              ],
              [
                136.09048470000005,
                -2.764037
              ],
              [
                136.09516330000008,
                -2.760720899999967
              ],
              [
                136.09814030000007,
                -2.754689399999961
              ],
              [
                136.10105370000008,
                -2.753378399999974
              ],
              [
                136.107463,
                -2.754252399999928
              ],
              [
                136.1140180000001,
                -2.759787699999947
              ],
              [
                136.118825,
                -2.753524099999936
              ],
              [
                136.12785630000008,
                -2.754252399999928
              ],
              [
                136.13557660000004,
                -2.75206739999993
              ],
              [
                136.13528530000008,
                -2.760516099999961
              ],
              [
                136.12989560000005,
                -2.766342699999939
              ],
              [
                136.13004130000002,
                -2.772169399999939
              ],
              [
                136.133683,
                -2.775374099999965
              ],
              [
                136.137616,
                -2.771732399999962
              ],
              [
                136.140238,
                -2.771441099999947
              ],
              [
                136.14606460000005,
                -2.77479139999997
              ],
              [
                136.14650160000008,
                -2.779161399999964
              ],
              [
                136.142423,
                -2.78149209999998
              ],
              [
                136.13790730000005,
                -2.786590399999966
              ],
              [
                136.14431660000002,
                -2.797661
              ],
              [
                136.145482,
                -2.796641399999942
              ],
              [
                136.14213160000008,
                -2.789795099999935
              ],
              [
                136.14227730000005,
                -2.785716399999956
              ],
              [
                136.14344260000007,
                -2.78338569999994
              ],
              [
                136.145919,
                -2.78338569999994
              ],
              [
                136.14839530000006,
                -2.784988099999964
              ],
              [
                136.149415,
                -2.79008639999995
              ],
              [
                136.15145430000007,
                -2.792708399999981
              ],
              [
                136.15422190000004,
                -2.794019399999968
              ],
              [
                136.15596990000006,
                -2.794019399999968
              ],
              [
                136.1564069000001,
                -2.790232099999969
              ],
              [
                136.16048560000002,
                -2.787755699999934
              ],
              [
                136.1636903000001,
                -2.789649399999973
              ],
              [
                136.16135960000008,
                -2.795184699999936
              ],
              [
                136.16281630000003,
                -2.799554699999931
              ],
              [
                136.16835160000005,
                -2.796932699999957
              ],
              [
                136.17461530000003,
                -2.79635
              ],
              [
                136.1779656000001,
                -2.791980099999932
              ],
              [
                136.18277260000002,
                -2.793728099999953
              ],
              [
                136.18437490000008,
                -2.797661
              ],
              [
                136.1797136,
                -2.799554699999931
              ],
              [
                136.17883960000006,
                -2.80144839999997
              ],
              [
                136.17883960000006,
                -2.804653
              ],
              [
                136.18248130000006,
                -2.809605699999963
              ],
              [
                136.18801660000008,
                -2.809751399999925
              ],
              [
                136.18889060000004,
                -2.807712
              ],
              [
                136.18714260000002,
                -2.800137399999926
              ],
              [
                136.18932760000007,
                -2.797661
              ],
              [
                136.1966109000001,
                -2.801011399999936
              ],
              [
                136.20433120000007,
                -2.800428699999941
              ],
              [
                136.20491390000007,
                -2.80144839999997
              ],
              [
                136.2015636000001,
                -2.805964
              ],
              [
                136.20302020000008,
                -2.80946
              ],
              [
                136.2065162,
                -2.805235699999969
              ],
              [
                136.2103036000001,
                -2.806692399999974
              ],
              [
                136.21729560000006,
                -2.805964
              ],
              [
                136.21831520000012,
                -2.807129399999951
              ],
              [
                136.2158389000001,
                -2.81004269999994
              ],
              [
                136.2181696,
                -2.816597699999932
              ],
              [
                136.22370490000003,
                -2.820967699999926
              ],
              [
                136.2282206000001,
                -2.821113399999945
              ],
              [
                136.22909460000005,
                -2.82227869999997
              ],
              [
                136.22210260000008,
                -2.82810539999997
              ],
              [
                136.22166560000005,
                -2.832912299999975
              ],
              [
                136.22501590000002,
                -2.832621
              ],
              [
                136.22880320000002,
                -2.828688
              ],
              [
                136.23288190000005,
                -2.829707699999972
              ],
              [
                136.23462990000007,
                -2.831601399999954
              ],
              [
                136.23404720000008,
                -2.833640699999933
              ],
              [
                136.2283662000001,
                -2.836845299999936
              ],
              [
                136.2293859,
                -2.841361
              ],
              [
                136.2320079000001,
                -2.842089299999941
              ],
              [
                136.2352125000001,
                -2.840632699999958
              ],
              [
                136.23768890000008,
                -2.835243
              ],
              [
                136.2394369000001,
                -2.835097299999973
              ],
              [
                136.24351550000006,
                -2.840632699999958
              ],
              [
                136.2524012,
                -2.840487
              ],
              [
                136.25327520000008,
                -2.841798
              ],
              [
                136.2531295000001,
                -2.843691699999965
              ],
              [
                136.25109020000002,
                -2.844711299999972
              ],
              [
                136.24599190000004,
                -2.843254699999932
              ],
              [
                136.2443895,
                -2.844711299999972
              ],
              [
                136.23929120000003,
                -2.853597
              ],
              [
                136.2401652000001,
                -2.858986699999946
              ],
              [
                136.2486139,
                -2.863211
              ],
              [
                136.2512359000001,
                -2.862774
              ],
              [
                136.25109020000002,
                -2.859132299999942
              ],
              [
                136.24482650000004,
                -2.856510299999968
              ],
              [
                136.24278720000007,
                -2.854179699999975
              ],
              [
                136.2424959000001,
                -2.85170329999994
              ],
              [
                136.24409820000005,
                -2.849955299999976
              ],
              [
                136.2480312,
                -2.850683699999934
              ],
              [
                136.25079890000006,
                -2.854908
              ],
              [
                136.2531295000001,
                -2.855199299999924
              ],
              [
                136.25589720000005,
                -2.854471
              ],
              [
                136.2611412000001,
                -2.84879
              ],
              [
                136.2662395000001,
                -2.84980969999998
              ],
              [
                136.26580250000006,
                -2.851266299999963
              ],
              [
                136.2618695000001,
                -2.852140299999974
              ],
              [
                136.26099550000004,
                -2.854471
              ],
              [
                136.2631805000001,
                -2.860880299999963
              ],
              [
                136.26070420000008,
                -2.866124299999967
              ],
              [
                136.26565690000007,
                -2.871514
              ],
              [
                136.27177480000012,
                -2.873844599999927
              ],
              [
                136.27323150000007,
                -2.875738299999966
              ],
              [
                136.27206620000004,
                -2.879234299999951
              ],
              [
                136.26565690000007,
                -2.878943
              ],
              [
                136.26420020000012,
                -2.880836599999952
              ],
              [
                136.2660939000001,
                -2.886372
              ],
              [
                136.26958980000006,
                -2.887246
              ],
              [
                136.27221180000004,
                -2.886226299999976
              ],
              [
                136.27221180000004,
                -2.88302159999995
              ],
              [
                136.2774558000001,
                -2.876029599999924
              ],
              [
                136.2784755,
                -2.870931299999938
              ],
              [
                136.28095180000003,
                -2.869766
              ],
              [
                136.28386520000004,
                -2.871222599999953
              ],
              [
                136.28444780000007,
                -2.874864299999956
              ],
              [
                136.27818420000006,
                -2.880691
              ],
              [
                136.2786212000001,
                -2.883604299999945
              ],
              [
                136.28095180000003,
                -2.885352299999965
              ],
              [
                136.28299120000008,
                -2.88389559999996
              ],
              [
                136.28386520000004,
                -2.880545299999937
              ],
              [
                136.28692420000004,
                -2.879234299999951
              ],
              [
                136.29449880000004,
                -2.879817
              ],
              [
                136.29566950000003,
                -2.883397299999956
              ],
              [
                136.29125980000003,
                -2.884800199999972
              ],
              [
                136.28976440000008,
                -2.888224599999944
              ],
              [
                136.29051210000011,
                -2.890884199999959
              ],
              [
                136.2935486,
                -2.893412399999931
              ],
              [
                136.29165650000004,
                -2.893923
              ],
              [
                136.28762820000009,
                -2.898999699999933
              ],
              [
                136.29304500000012,
                -2.901396299999931
              ],
              [
                136.29618830000004,
                -2.900756399999977
              ],
              [
                136.29707340000004,
                -2.903668899999957
              ],
              [
                136.29406740000002,
                -2.906589499999939
              ],
              [
                136.28952020000008,
                -2.906598799999927
              ],
              [
                136.2885132,
                -2.909261899999933
              ],
              [
                136.2934418000001,
                -2.915587399999936
              ],
              [
                136.29495240000006,
                -2.914950799999929
              ],
              [
                136.29470820000006,
                -2.910263099999952
              ],
              [
                136.29745480000008,
                -2.90987709999996
              ],
              [
                136.3002444000001,
                -2.912221799999941
              ],
              [
                136.30082950000008,
                -2.911030899999957
              ],
              [
                136.30566340000007,
                -2.910730299999955
              ],
              [
                136.3059082000001,
                -2.908205499999951
              ],
              [
                136.31281910000007,
                -2.91420729999993
              ],
              [
                136.31498720000002,
                -2.912368299999969
              ],
              [
                136.31674830000009,
                -2.914134699999977
              ],
              [
                136.31743,
                -2.910593199999937
              ],
              [
                136.32256740000003,
                -2.914506699999947
              ],
              [
                136.32535330000007,
                -2.91314129999995
              ],
              [
                136.3260474000001,
                -2.918525
              ],
              [
                136.32975040000008,
                -2.918558399999938
              ],
              [
                136.3285949000001,
                -2.920717
              ],
              [
                136.32581590000007,
                -2.920426499999962
              ],
              [
                136.32745640000007,
                -2.926385299999936
              ],
              [
                136.32884320000005,
                -2.925849199999959
              ],
              [
                136.32825040000012,
                -2.923983599999929
              ],
              [
                136.33139040000003,
                -2.92234469999994
              ],
              [
                136.33160570000007,
                -2.925659099999962
              ],
              [
                136.3346388000001,
                -2.931348199999945
              ],
              [
                136.3351573000001,
                -2.934128
              ],
              [
                136.3338884000001,
                -2.935680599999955
              ],
              [
                136.33614410000007,
                -2.939589199999944
              ],
              [
                136.34146140000007,
                -2.94188029999998
              ],
              [
                136.3450391,
                -2.939802099999952
              ],
              [
                136.3515777,
                -2.941942199999971
              ],
              [
                136.3496857,
                -2.944589299999961
              ],
              [
                136.3531537,
                -2.946334799999931
              ],
              [
                136.3532881000001,
                -2.953415699999937
              ],
              [
                136.35138870000003,
                -2.956688
              ],
              [
                136.34663280000007,
                -2.958897099999945
              ],
              [
                136.34448310000005,
                -2.963392599999963
              ],
              [
                136.3440399000001,
                -2.966286899999943
              ],
              [
                136.34542850000003,
                -2.967551
              ],
              [
                136.3445455000001,
                -2.970083099999954
              ],
              [
                136.34624510000003,
                -2.971288199999947
              ],
              [
                136.34446520000006,
                -2.973046499999953
              ],
              [
                136.34310160000007,
                -2.98008619999996
              ],
              [
                136.34587250000004,
                -2.980798499999935
              ],
              [
                136.34657290000007,
                -2.982473199999959
              ],
              [
                136.34129330000007,
                -2.988467499999956
              ],
              [
                136.34452970000007,
                -2.987740199999962
              ],
              [
                136.34699510000007,
                -2.984020399999963
              ],
              [
                136.34821820000002,
                -2.985597299999938
              ],
              [
                136.34802890000003,
                -2.990263399999947
              ],
              [
                136.34570310000004,
                -2.993019599999968
              ],
              [
                136.34211060000007,
                -2.993358099999966
              ],
              [
                136.34100890000002,
                -2.99522879999995
              ],
              [
                136.33946980000007,
                -3.005706399999951
              ],
              [
                136.34851070000002,
                -3.008726099999933
              ],
              [
                136.34826280000004,
                -3.011387899999932
              ],
              [
                136.34585990000005,
                -3.012474299999951
              ],
              [
                136.34632370000008,
                -3.018431799999973
              ],
              [
                136.3489075000001,
                -3.018482
              ],
              [
                136.34912960000008,
                -3.020103899999981
              ],
              [
                136.3513031000001,
                -3.020643499999949
              ],
              [
                136.35212780000006,
                -3.02396989999994
              ],
              [
                136.35342520000006,
                -3.023582699999963
              ],
              [
                136.35445550000009,
                -3.025802399999975
              ],
              [
                136.35484830000007,
                -3.031759799999975
              ],
              [
                136.35751820000007,
                -3.034404399999971
              ],
              [
                136.36076350000008,
                -3.034548499999971
              ],
              [
                136.36498270000004,
                -3.042066899999952
              ],
              [
                136.36758180000004,
                -3.042148199999929
              ],
              [
                136.37133230000006,
                -3.046824699999945
              ],
              [
                136.3765896000001,
                -3.046951
              ],
              [
                136.37992810000003,
                -3.049145799999962
              ],
              [
                136.38482180000005,
                -3.049637399999938
              ],
              [
                136.398072,
                -3.060316099999966
              ],
              [
                136.4034306000001,
                -3.069211699999926
              ],
              [
                136.4082002,
                -3.072485499999971
              ],
              [
                136.424587,
                -3.075882099999944
              ],
              [
                136.43486930000006,
                -3.085271099999943
              ],
              [
                136.43411250000008,
                -3.091592499999933
              ],
              [
                136.43176270000004,
                -3.096888599999943
              ],
              [
                136.43236500000012,
                -3.100104
              ],
              [
                136.4338484000001,
                -3.103816299999949
              ],
              [
                136.43724020000002,
                -3.106339
              ],
              [
                136.4378561000001,
                -3.109444399999973
              ],
              [
                136.44162470000003,
                -3.11251169999997
              ],
              [
                136.44387820000009,
                -3.119648699999971
              ],
              [
                136.44058890000008,
                -3.12631209999995
              ],
              [
                136.4413773000001,
                -3.128785299999947
              ],
              [
                136.44006030000003,
                -3.135739799999953
              ],
              [
                136.44182390000003,
                -3.141417199999978
              ],
              [
                136.4406738,
                -3.158454
              ],
              [
                136.4435413000001,
                -3.161049599999956
              ],
              [
                136.44354250000004,
                -3.163416199999972
              ],
              [
                136.44749360000003,
                -3.167419699999925
              ],
              [
                136.4491303000001,
                -3.171716599999968
              ],
              [
                136.4456229000001,
                -3.17398959999997
              ],
              [
                136.44538860000011,
                -3.177646599999946
              ],
              [
                136.4466033000001,
                -3.178640899999948
              ],
              [
                136.44895760000009,
                -3.176829199999929
              ],
              [
                136.45073150000007,
                -3.17755109999996
              ],
              [
                136.45589180000002,
                -3.189308299999936
              ],
              [
                136.465498,
                -3.193888699999945
              ],
              [
                136.468488,
                -3.197006
              ],
              [
                136.4689969000001,
                -3.204321899999968
              ],
              [
                136.48203840000008,
                -3.218126899999959
              ],
              [
                136.48337440000012,
                -3.224043199999926
              ],
              [
                136.48693690000005,
                -3.226842399999953
              ],
              [
                136.498388,
                -3.228051099999959
              ],
              [
                136.5093938000001,
                -3.232567899999935
              ],
              [
                136.53147780000006,
                -3.230532699999969
              ],
              [
                136.53433560000008,
                -3.227426399999956
              ],
              [
                136.5371934000001,
                -3.22692939999996
              ],
              [
                136.54626380000002,
                -3.230408399999931
              ],
              [
                136.55458870000007,
                -3.238112099999967
              ],
              [
                136.5619196,
                -3.240597099999945
              ],
              [
                136.56490170000006,
                -3.249419
              ],
              [
                136.56875350000007,
                -3.250661499999978
              ],
              [
                136.58105440000008,
                -3.248300699999959
              ],
              [
                136.58453350000002,
                -3.245939899999939
              ],
              [
                136.58850960000007,
                -3.247182499999951
              ],
              [
                136.59745570000007,
                -3.246437
              ],
              [
                136.60491090000005,
                -3.238981799999976
              ],
              [
                136.60901120000005,
                -3.236745299999939
              ],
              [
                136.6255367000001,
                -3.237242299999934
              ],
              [
                136.6430563,
                -3.248673499999938
              ],
              [
                136.644423,
                -3.256128599999954
              ],
              [
                136.6465353000001,
                -3.257868199999962
              ],
              [
                136.6701432000001,
                -3.25811669999996
              ],
              [
                136.68157440000004,
                -3.262092699999926
              ],
              [
                136.68492920000006,
                -3.266068799999971
              ],
              [
                136.6907691,
                -3.268305299999952
              ],
              [
                136.69747870000003,
                -3.263583799999935
              ],
              [
                136.70667330000003,
                -3.268429599999934
              ],
              [
                136.71040090000008,
                -3.267932599999938
              ],
              [
                136.7137557000001,
                -3.269299299999943
              ],
              [
                136.72009260000004,
                -3.274517899999978
              ],
              [
                136.72046530000011,
                -3.277624199999934
              ],
              [
                136.72332310000002,
                -3.279985
              ],
              [
                136.7315238000001,
                -3.282345799999973
              ],
              [
                136.7376121000001,
                -3.280979
              ],
              [
                136.74618550000002,
                -3.282345799999973
              ],
              [
                136.7512799000001,
                -3.281351799999925
              ],
              [
                136.7686112,
                -3.275356399999964
              ],
              [
                136.77141230000007,
                -3.273239899999965
              ],
              [
                136.77730530000008,
                -3.278571599999964
              ],
              [
                136.78189270000007,
                -3.276531299999931
              ],
              [
                136.78171570000006,
                -3.273090699999955
              ],
              [
                136.78838,
                -3.265706299999977
              ],
              [
                136.79030060000002,
                -3.26682169999998
              ],
              [
                136.79374710000002,
                -3.26625619999993
              ],
              [
                136.79491410000003,
                -3.267597399999943
              ],
              [
                136.8010752,
                -3.265715199999931
              ],
              [
                136.80189830000006,
                -3.268421599999954
              ],
              [
                136.80532830000004,
                -3.269993299999953
              ],
              [
                136.81212920000007,
                -3.277232099999935
              ],
              [
                136.816486,
                -3.27942429999996
              ],
              [
                136.81965990000003,
                -3.279122399999949
              ],
              [
                136.82058210000002,
                -3.281429299999957
              ],
              [
                136.82748860000004,
                -3.281762799999967
              ],
              [
                136.8296755,
                -3.281062899999938
              ],
              [
                136.832647,
                -3.275138499999969
              ],
              [
                136.8343946000001,
                -3.274805
              ],
              [
                136.833786,
                -3.27003689999998
              ],
              [
                136.8349254000001,
                -3.269024
              ],
              [
                136.83909360000007,
                -3.268787499999974
              ],
              [
                136.8418911000001,
                -3.265211199999953
              ],
              [
                136.84999470000002,
                -3.261596299999951
              ],
              [
                136.85180790000004,
                -3.259910399999967
              ],
              [
                136.85238820000006,
                -3.256429499999967
              ],
              [
                136.8543532000001,
                -3.255250299999943
              ],
              [
                136.85993710000002,
                -3.254645599999947
              ],
              [
                136.8643982000001,
                -3.251038299999948
              ],
              [
                136.8689985000001,
                -3.25243219999993
              ],
              [
                136.87412260000008,
                -3.242214
              ],
              [
                136.87978570000007,
                -3.242581399999949
              ],
              [
                136.88159080000003,
                -3.241375799999958
              ]
            ]
          ]
        ]
      }
    }
  ]
}
